Student_ID,Age,Gender,Education_Level,Graduation_Year,College_Name,Course_Branch,Certification_Name,Certification_Provider,Number_of_Certifications,Internship_Company,Internship_Domain,Internship_Duration_Months,Number_of_Internships,Experience_Profile,Practical_Skill_Score,Theoretical_Score,Employer_Preference_Score,Placement_Status,Salary_Package_LPA,PPO_Conversion_Status,Time_to_Offer_Days,Primary_Skills
STU10000,22,Female,B.Tech,2025,State Tech University (Tier 2),Electronics & Communication,IBM Data Science Professional,Microsoft Azure,1,Infosys Center,Cloud & DevOps,2,1,Both (Hybrid),52,62,6.7,Placed,12.18,Internship Conversion,70,"Git, System Design, React, Communication, SQL, Problem Solving"
STU10001,25,Female,B.Tech,2025,State Tech University (Tier 2),Computer Science & Engineering,Microsoft Certified: Azure Developer; TensorFlow Developer Certificate,Udemy; Coursera,2,None,None,0,0,Certification Only,43,72,5.1,Placed,7.45,On-Campus / Off-Campus Placement,107,"SQL, Kubernetes, Communication, System Design, Git"
STU10002,23,Female,M.Tech,2023,BITS & Top National Inst (Tier 1),Computer Science & Engineering,IBM Data Science Professional; AWS Certified Solutions Architect,Coursera; AWS,2,None,None,0,0,Certification Only,47,87,5.5,Placed,10.18,On-Campus / Off-Campus Placement,102,"Kubernetes, SQL, React, Communication, System Design, Machine Learning, Tableau"
STU10003,22,Female,B.Tech,2023,Apex Institute of Technology (Tier 2),Information Technology,None,None,0,None,None,0,0,Neither,42,39,4.3,Unplaced,0.0,Not Converted,-1,"Communication, Machine Learning"
STU10004,21,Male,M.Tech,2025,State Tech University (Tier 2),Data Science & Artificial Intelligence,None,None,0,DataMetrics Labs,Artificial Intelligence / ML,6,1,Internship Only,82,51,6.2,Placed,10.05,Internship Conversion,63,"Machine Learning, Data Analysis, Git, Power BI"
STU10005,21,Male,B.Tech,2026,City Engineering College (Tier 3),Cyber Security,Certified Information Systems Security Professional (CISSP),Google Cloud,1,None,None,0,0,Certification Only,30,49,3.9,Placed,7.47,On-Campus / Off-Campus Placement,108,"Tableau, Power BI, Java, Kubernetes, SQL"
STU10006,21,Female,B.Sc (CS/IT),2024,IIT / NIT Group (Tier 1),Information Technology,Certified Information Systems Security Professional (CISSP),Google Cloud,1,DataMetrics Labs,Artificial Intelligence / ML,3,1,Both (Hybrid),67,70,7.9,Placed,14.05,On-Campus / Off-Campus Placement,49,"SQL, Docker, Problem Solving, Git, Data Analysis, Power BI"
STU10007,24,Male,B.Sc (CS/IT),2024,Apex Institute of Technology (Tier 2),Cyber Security,Meta Front-End Developer Specialization; Coursera Machine Learning Specialization,Udemy; NPTEL,2,FinTech Solutions,Data Science & Analytics,11,2,Both (Hybrid),92,68,10.0,Placed,19.57,Direct PPO (Pre-Placement Offer),5,"Machine Learning, Communication, Power BI, AWS, Git, SQL, Java, Tableau, Docker, React"
STU10008,22,Female,B.Tech,2025,Apex Institute of Technology (Tier 2),Computer Science & Engineering,AWS Certified Solutions Architect; Google Professional Data Engineer,Meta; IBM,2,None,None,0,0,Certification Only,37,77,5.3,Placed,7.82,On-Campus / Off-Campus Placement,126,"Power BI, Java, Python, System Design, Data Analysis"
STU10009,23,Female,B.Tech,2026,Apex Institute of Technology (Tier 2),Electronics & Communication,Certified Information Systems Security Professional (CISSP),Microsoft Azure,1,InnovateTech Startup,Data Science & Analytics,3,1,Both (Hybrid),61,45,6.6,Placed,11.17,On-Campus / Off-Campus Placement,85,"Git, Kubernetes, Docker, Problem Solving, Data Analysis, Power BI, Communication"
STU10010,21,Male,B.Tech,2025,City Engineering College (Tier 3),Computer Science & Engineering,None,None,0,TCS Innovation Labs,Product & Business Analytics,3,3,Internship Only,93,37,8.7,Placed,14.02,On-Campus / Off-Campus Placement,32,"System Design, Data Analysis, SQL, Problem Solving, AWS, Power BI, Docker, Python, Git, Tableau"
STU10011,25,Female,B.Sc (CS/IT),2026,Apex Institute of Technology (Tier 2),Cyber Security,None,None,0,DataMetrics Labs,Product & Business Analytics,7,2,Internship Only,92,47,9.1,Placed,16.08,Internship Conversion,20,"Data Analysis, SQL, Python, Java, Machine Learning, Kubernetes, AWS"
STU10012,23,Male,BCA,2023,Regional Tech Institute (Tier 3),Computer Science & Engineering,Meta Front-End Developer Specialization; Coursera Machine Learning Specialization; Docker & Kubernetes Developer Cert,Coursera; Meta; IBM,5,DataMetrics Labs,Product & Business Analytics,3,2,Both (Hybrid),74,95,9.0,Placed,12.94,On-Campus / Off-Campus Placement,29,"System Design, Data Analysis, Git, Java, Problem Solving, Communication, Python, SQL, AWS, Power BI"
STU10013,21,Male,BCA,2023,State Tech University (Tier 2),Data Science & Artificial Intelligence,TensorFlow Developer Certificate,Microsoft Azure,1,Google India,Artificial Intelligence / ML,3,1,Both (Hybrid),57,65,6.9,Placed,12.11,On-Campus / Off-Campus Placement,63,"AWS, Communication, Data Analysis, Power BI, Python, React"
STU10014,21,Female,B.Tech,2025,State Tech University (Tier 2),Electronics & Communication,Docker & Kubernetes Developer Cert; Certified Information Systems Security Professional (CISSP); Meta Front-End Developer Specialization,IBM; Google Cloud; Udemy,3,Amazon AWS,Cloud & DevOps,6,1,Both (Hybrid),70,98,8.2,Placed,14.12,On-Campus / Off-Campus Placement,43,"Python, Data Analysis, Machine Learning, System Design, Tableau, React, AWS, Java, Kubernetes, Communication"
STU10015,21,Female,B.Tech,2025,IIT / NIT Group (Tier 1),Data Science & Artificial Intelligence,Certified Information Systems Security Professional (CISSP); Meta Front-End Developer Specialization; Google Professional Data Engineer,AWS; Meta; Coursera,3,Deloitte Consulting,Data Science & Analytics,6,1,Both (Hybrid),81,100,8.8,Placed,15.74,Direct PPO (Pre-Placement Offer),21,"Docker, Kubernetes, Data Analysis, Tableau, Power BI, System Design, React, AWS, Python, Git"
STU10016,22,Male,B.Tech,2024,IIT / NIT Group (Tier 1),Data Science & Artificial Intelligence,Coursera Machine Learning Specialization; NPTEL Cloud Computing & Distributed Systems,IBM; NPTEL,2,Microsoft Tech,Data Science & Analytics,7,2,Both (Hybrid),89,87,10.0,Placed,19.44,Direct PPO (Pre-Placement Offer),12,"Problem Solving, SQL, Kubernetes, Docker, AWS, Communication, Java, Git, System Design, Tableau"
STU10017,22,Male,B.Tech,2024,BITS & Top National Inst (Tier 1),Cyber Security,AWS Certified Solutions Architect; Certified Information Systems Security Professional (CISSP),NPTEL; AWS,2,Google India,Product & Business Analytics,2,1,Both (Hybrid),58,85,7.1,Placed,14.51,Internship Conversion,65,"Docker, System Design, SQL, Tableau, Communication, Power BI, Data Analysis, Git, Java"
STU10018,22,Female,BCA,2025,IIT / NIT Group (Tier 1),Data Science & Artificial Intelligence,None,None,0,Google India,Product & Business Analytics,2,2,Internship Only,77,75,8.4,Placed,15.99,On-Campus / Off-Campus Placement,53,"Data Analysis, Python, AWS, Kubernetes, SQL, Docker, React, System Design"
STU10019,22,Female,M.Tech,2023,State Tech University (Tier 2),Information Technology,TensorFlow Developer Certificate; NPTEL Cloud Computing & Distributed Systems,Coursera; Google Cloud,2,Google India,Artificial Intelligence / ML,9,3,Both (Hybrid),100,69,10.0,Placed,17.99,Direct PPO (Pre-Placement Offer),5,"Machine Learning, React, Git, Tableau, System Design, Python, Java, Power BI, Communication, Kubernetes"
STU10020,22,Female,BCA,2024,BITS & Top National Inst (Tier 1),Computer Science & Engineering,IBM Data Science Professional,NPTEL,1,Microsoft Tech,Software Engineering,6,1,Both (Hybrid),83,77,8.6,Placed,17.05,Direct PPO (Pre-Placement Offer),59,"Data Analysis, Tableau, Java, Power BI, AWS, Python, SQL"
STU10021,21,Male,B.Tech,2025,IIT / NIT Group (Tier 1),Electronics & Communication,Meta Front-End Developer Specialization; IBM Data Science Professional; Coursera Machine Learning Specialization,Google Cloud; NPTEL; Udemy,3,InnovateTech Startup,Data Science & Analytics,2,1,Both (Hybrid),68,87,7.4,Placed,13.9,On-Campus / Off-Campus Placement,62,"Tableau, Communication, React, Docker, Machine Learning, Java, Problem Solving, Kubernetes, SQL, AWS"
STU10022,22,Male,MBA (Tech & Analytics),2025,City Engineering College (Tier 3),Information Technology,None,None,0,Infosys Center,Cloud & DevOps,3,1,Internship Only,65,43,5.9,Placed,8.7,On-Campus / Off-Campus Placement,83,"Tableau, AWS, Kubernetes, Python, Docker, Data Analysis"
STU10023,22,Male,B.Sc (CS/IT),2025,IIT / NIT Group (Tier 1),Data Science & Artificial Intelligence,Microsoft Certified: Azure Developer; NPTEL Cloud Computing & Distributed Systems; Docker & Kubernetes Developer Cert,Coursera; Meta; IBM,3,None,None,0,0,Certification Only,45,92,6.4,Placed,10.04,On-Campus / Off-Campus Placement,75,"SQL, Machine Learning, System Design, Data Analysis, Problem Solving, Java, React"
STU10024,22,Female,MBA (Tech & Analytics),2024,Apex Institute of Technology (Tier 2),Computer Science & Engineering,None,None,0,Deloitte Consulting,Product & Business Analytics,3,1,Internship Only,69,42,6.1,Placed,11.95,On-Campus / Off-Campus Placement,104,"AWS, Power BI, Python, Docker, Machine Learning"
STU10025,23,Male,BCA,2025,BITS & Top National Inst (Tier 1),Data Science & Artificial Intelligence,TensorFlow Developer Certificate; Docker & Kubernetes Developer Cert; Microsoft Certified: Azure Developer,Microsoft Azure; Meta; AWS,3,CyberGuard Analytics,Data Science & Analytics,3,1,Both (Hybrid),67,93,8.9,Placed,14.99,On-Campus / Off-Campus Placement,56,"System Design, AWS, React, SQL, Machine Learning, Java, Kubernetes, Git, Tableau, Python"
STU10026,21,Male,B.Tech,2025,City Engineering College (Tier 3),Computer Science & Engineering,IBM Data Science Professional,IBM,1,None,None,0,0,Certification Only,31,49,3.4,Placed,6.54,On-Campus / Off-Campus Placement,103,"Python, System Design, Problem Solving"
STU10027,22,Female,B.Tech,2025,City Engineering College (Tier 3),Computer Science & Engineering,TensorFlow Developer Certificate; Google Professional Data Engineer,Meta; IBM,2,FinTech Solutions,Data Science & Analytics,2,1,Both (Hybrid),58,53,6.4,Placed,8.2,Internship Conversion,50,"Communication, SQL, Git, React, Tableau, Docker, Power BI, System Design"
STU10028,22,Male,B.Sc (CS/IT),2025,Apex Institute of Technology (Tier 2),Information Technology,TensorFlow Developer Certificate,IBM,1,DataMetrics Labs,Data Science & Analytics,3,2,Both (Hybrid),79,61,8.8,Placed,14.89,On-Campus / Off-Campus Placement,78,"Git, SQL, Communication, Python, Power BI, System Design, React, Tableau, Data Analysis, Java"
STU10029,21,Non-Binary,B.Tech,2024,Apex Institute of Technology (Tier 2),Computer Science & Engineering,TensorFlow Developer Certificate,Google Cloud,1,Microsoft Tech,Cloud & DevOps,3,3,Both (Hybrid),98,61,9.9,Placed,17.41,On-Campus / Off-Campus Placement,25,"System Design, SQL, Python, React, Kubernetes, Java, Machine Learning, Data Analysis, Communication, Docker"
STU10030,22,Female,B.Tech,2023,IIT / NIT Group (Tier 1),Computer Science & Engineering,Docker & Kubernetes Developer Cert; AWS Certified Solutions Architect,IBM; NPTEL,2,Google India,Software Engineering,2,2,Both (Hybrid),73,79,8.4,Placed,17.44,On-Campus / Off-Campus Placement,36,"Java, Communication, Machine Learning, Data Analysis, SQL, Tableau, Problem Solving, System Design, Python, Kubernetes"
STU10031,21,Female,BCA,2023,Regional Tech Institute (Tier 3),Information Technology,Google Professional Data Engineer; Microsoft Certified: Azure Developer; NPTEL Cloud Computing & Distributed Systems,Google Cloud; Coursera; NPTEL,4,None,None,0,0,Certification Only,24,71,5.0,Placed,6.89,On-Campus / Off-Campus Placement,82,"Python, System Design, Docker, Power BI, Machine Learning, Data Analysis, Git, SQL, Problem Solving, Kubernetes"
STU10032,21,Male,BCA,2024,City Engineering College (Tier 3),Computer Science & Engineering,None,None,0,None,None,0,0,Neither,45,23,3.2,Unplaced,0.0,Not Converted,-1,"Kubernetes, Machine Learning"
STU10033,24,Male,BCA,2025,City Engineering College (Tier 3),Computer Science & Engineering,Certified Information Systems Security Professional (CISSP); Docker & Kubernetes Developer Cert; NPTEL Cloud Computing & Distributed Systems,AWS; IBM; NPTEL,4,CyberGuard Analytics,Data Science & Analytics,3,1,Both (Hybrid),51,86,7.1,Placed,10.36,On-Campus / Off-Campus Placement,31,"React, Kubernetes, Python, Docker, Data Analysis, SQL, Tableau, Power BI, Machine Learning, Communication"
STU10034,25,Female,B.Tech,2025,Apex Institute of Technology (Tier 2),Computer Science & Engineering,Docker & Kubernetes Developer Cert; Meta Front-End Developer Specialization,Coursera; Udemy,2,None,None,0,0,Certification Only,35,66,4.0,Placed,9.28,On-Campus / Off-Campus Placement,98,"Git, Machine Learning, Python, Communication, Java, AWS"
STU10035,23,Female,B.Tech,2025,State Tech University (Tier 2),Data Science & Artificial Intelligence,Meta Front-End Developer Specialization; IBM Data Science Professional; NPTEL Cloud Computing & Distributed Systems,Udemy; Google Cloud; IBM,3,DataMetrics Labs,Product & Business Analytics,2,2,Both (Hybrid),77,66,9.4,Placed,16.53,On-Campus / Off-Campus Placement,27,"Java, Problem Solving, React, Power BI, Tableau, SQL, Docker, Git, AWS, Communication"
STU10036,22,Female,BCA,2025,City Engineering College (Tier 3),Information Technology,Docker & Kubernetes Developer Cert,Coursera,1,None,None,0,0,Certification Only,24,47,4.3,Placed,4.77,On-Campus / Off-Campus Placement,127,"AWS, Communication, Kubernetes, SQL, Git"
STU10037,21,Male,MBA (Tech & Analytics),2024,State Tech University (Tier 2),Information Technology,Microsoft Certified: Azure Developer,Coursera,1,TCS Innovation Labs,Data Science & Analytics,6,1,Both (Hybrid),69,66,7.8,Placed,12.16,On-Campus / Off-Campus Placement,75,"Docker, Communication, React, Problem Solving, Git, Machine Learning, Java"
STU10038,23,Female,B.Sc (CS/IT),2024,Apex Institute of Technology (Tier 2),Computer Science & Engineering,Meta Front-End Developer Specialization; Google Professional Data Engineer; Certified Information Systems Security Professional (CISSP),Microsoft Azure; Udemy; Meta,3,DataMetrics Labs,Software Engineering,3,1,Both (Hybrid),71,81,8.7,Placed,12.82,On-Campus / Off-Campus Placement,64,"Problem Solving, System Design, Machine Learning, Docker, Data Analysis, Java, Power BI, Communication, Git, SQL"
STU10039,22,Female,M.Tech,2024,IIT / NIT Group (Tier 1),Computer Science & Engineering,Certified Information Systems Security Professional (CISSP),IBM,1,Google India,Data Science & Analytics,6,1,Both (Hybrid),80,64,8.6,Placed,16.09,On-Campus / Off-Campus Placement,69,"React, Docker, Python, System Design, AWS, SQL, Machine Learning"
STU10040,21,Female,B.Sc (CS/IT),2023,Regional Tech Institute (Tier 3),Computer Science & Engineering,AWS Certified Solutions Architect; Coursera Machine Learning Specialization,Coursera; Google Cloud,2,Google India,Data Science & Analytics,3,2,Both (Hybrid),79,69,8.3,Placed,11.94,On-Campus / Off-Campus Placement,37,"Kubernetes, SQL, Machine Learning, Tableau, AWS, Data Analysis, Python, Problem Solving, Java, React"
STU10041,22,Female,BCA,2023,BITS & Top National Inst (Tier 1),Data Science & Artificial Intelligence,None,None,0,Infosys Center,Artificial Intelligence / ML,3,3,Internship Only,100,53,8.6,Placed,17.24,Internship Conversion,10,"AWS, Java, Problem Solving, Machine Learning, Git, Communication, SQL, React, Tableau, Power BI"
STU10042,21,Female,B.Tech,2025,BITS & Top National Inst (Tier 1),Business Analytics,None,None,0,InnovateTech Startup,Cyber Security,4,3,Internship Only,100,52,10.0,Placed,17.79,On-Campus / Off-Campus Placement,5,"Data Analysis, Java, Problem Solving, System Design, Machine Learning, Git, Python, Power BI, React, AWS"
STU10043,24,Female,BCA,2026,Apex Institute of Technology (Tier 2),Computer Science & Engineering,Meta Front-End Developer Specialization; IBM Data Science Professional,NPTEL; Google Cloud,2,Google India,Cyber Security,9,1,Both (Hybrid),81,62,8.2,Placed,13.99,On-Campus / Off-Campus Placement,74,"Git, Problem Solving, Power BI, System Design, React, Data Analysis, AWS, Communication, Tableau"
STU10044,22,Male,BCA,2023,Apex Institute of Technology (Tier 2),Computer Science & Engineering,Docker & Kubernetes Developer Cert; Microsoft Certified: Azure Developer,IBM; NPTEL,2,DataMetrics Labs,Cloud & DevOps,7,2,Both (Hybrid),93,68,9.8,Placed,16.89,On-Campus / Off-Campus Placement,21,"Tableau, Docker, AWS, React, Python, Kubernetes, Machine Learning, Git, Data Analysis, Java"
STU10045,23,Male,BCA,2023,Apex Institute of Technology (Tier 2),Computer Science & Engineering,AWS Certified Solutions Architect; TensorFlow Developer Certificate,Meta; Coursera,2,DataMetrics Labs,Cloud & DevOps,6,1,Both (Hybrid),77,78,7.8,Unplaced,0.0,Not Converted,-1,"Machine Learning, Problem Solving, Kubernetes, Python, Docker, SQL, Power BI, Data Analysis, Communication"
STU10046,22,Male,B.Tech,2025,BITS & Top National Inst (Tier 1),Information Technology,None,None,0,FinTech Solutions,Cyber Security,3,2,Internship Only,84,50,8.0,Placed,15.87,On-Campus / Off-Campus Placement,69,"AWS, Docker, Data Analysis, System Design, SQL, Java, Git"
STU10047,22,Male,BCA,2024,IIT / NIT Group (Tier 1),Information Technology,IBM Data Science Professional,NPTEL,1,Infosys Center,Product & Business Analytics,7,2,Both (Hybrid),100,62,10.0,Placed,18.75,On-Campus / Off-Campus Placement,35,"SQL, Java, System Design, Python, Kubernetes, Power BI, React, Tableau, Problem Solving"
STU10048,22,Male,B.Tech,2025,Apex Institute of Technology (Tier 2),Information Technology,Docker & Kubernetes Developer Cert,IBM,1,None,None,0,0,Certification Only,38,64,3.8,Unplaced,0.0,Not Converted,-1,"Python, Tableau, Docker"
STU10049,21,Male,BCA,2025,Regional Tech Institute (Tier 3),Electronics & Communication,Certified Information Systems Security Professional (CISSP),AWS,1,FinTech Solutions,Cloud & DevOps,4,3,Both (Hybrid),94,49,10.0,Placed,12.22,On-Campus / Off-Campus Placement,5,"Tableau, Python, Git, System Design, SQL, Power BI, Docker, Communication, React, Java"
STU10050,25,Male,B.Tech,2026,City Engineering College (Tier 3),Data Science & Artificial Intelligence,Coursera Machine Learning Specialization; AWS Certified Solutions Architect; Certified Information Systems Security Professional (CISSP),Udemy; NPTEL; Coursera,3,DataMetrics Labs,Software Engineering,6,1,Both (Hybrid),71,87,7.6,Placed,12.29,Direct PPO (Pre-Placement Offer),70,"Communication, System Design, Tableau, Power BI, Python, Data Analysis, Machine Learning, SQL, AWS, React"
STU10051,23,Male,B.Sc (CS/IT),2024,State Tech University (Tier 2),Computer Science & Engineering,Google Professional Data Engineer; Docker & Kubernetes Developer Cert; Microsoft Certified: Azure Developer,IBM; Udemy; Microsoft Azure,3,Amazon AWS,Data Science & Analytics,3,1,Both (Hybrid),75,87,7.3,Placed,13.0,On-Campus / Off-Campus Placement,31,"React, Problem Solving, Java, System Design, Docker, Tableau, Communication, Git, Kubernetes, AWS"
STU10052,24,Female,B.Tech,2025,City Engineering College (Tier 3),Computer Science & Engineering,None,None,0,Amazon AWS,Software Engineering,2,1,Internship Only,60,39,5.3,Placed,8.05,Internship Conversion,96,"Tableau, Data Analysis, Docker, System Design"
STU10053,24,Female,B.Tech,2024,State Tech University (Tier 2),Information Technology,Google Professional Data Engineer; TensorFlow Developer Certificate; Meta Front-End Developer Specialization,IBM; Meta; Coursera,3,Deloitte Consulting,Cloud & DevOps,15,2,Both (Hybrid),97,75,10.0,Placed,20.13,Direct PPO (Pre-Placement Offer),5,"Power BI, Communication, Python, Git, SQL, AWS, Kubernetes, Problem Solving, Machine Learning, Docker"
STU10054,22,Male,B.Tech,2025,State Tech University (Tier 2),Information Technology,Docker & Kubernetes Developer Cert,Udemy,1,Microsoft Tech,Software Engineering,3,2,Both (Hybrid),70,65,8.9,Placed,11.99,On-Campus / Off-Campus Placement,45,"SQL, React, Java, Communication, Git, Kubernetes, Data Analysis, System Design, Tableau, Power BI"
STU10055,24,Female,BCA,2024,State Tech University (Tier 2),Data Science & Artificial Intelligence,Meta Front-End Developer Specialization; Coursera Machine Learning Specialization,Google Cloud; Coursera,2,TCS Innovation Labs,Data Science & Analytics,11,2,Both (Hybrid),100,76,10.0,Placed,16.63,Direct PPO (Pre-Placement Offer),5,"Communication, React, Tableau, Docker, Python, AWS, Git, System Design, Java, Data Analysis"
STU10056,21,Female,B.Tech,2023,State Tech University (Tier 2),Information Technology,None,None,0,Google India,Data Science & Analytics,3,1,Internship Only,70,42,6.8,Placed,10.07,Internship Conversion,65,"Tableau, SQL, Machine Learning, AWS, Git"
STU10057,21,Male,B.Tech,2025,Apex Institute of Technology (Tier 2),Information Technology,Certified Information Systems Security Professional (CISSP); Microsoft Certified: Azure Developer,Microsoft Azure; NPTEL,2,None,None,0,0,Certification Only,43,76,5.3,Placed,9.26,On-Campus / Off-Campus Placement,110,"SQL, Git, React, Power BI, Data Analysis"
STU10058,21,Male,BCA,2025,State Tech University (Tier 2),Business Analytics,Microsoft Certified: Azure Developer,IBM,1,Amazon AWS,Data Science & Analytics,15,2,Both (Hybrid),100,57,10.0,Placed,21.79,On-Campus / Off-Campus Placement,5,"React, Kubernetes, Machine Learning, SQL, Git, Java, Problem Solving, AWS, Docker, Python"
STU10059,22,Male,B.Tech,2025,State Tech University (Tier 2),Data Science & Artificial Intelligence,Google Professional Data Engineer,Coursera,1,DataMetrics Labs,Cloud & DevOps,12,1,Both (Hybrid),83,57,9.2,Placed,16.71,Direct PPO (Pre-Placement Offer),54,"AWS, Power BI, Kubernetes, Problem Solving, System Design, Python"
STU10060,22,Female,MBA (Tech & Analytics),2025,State Tech University (Tier 2),Electronics & Communication,None,None,0,None,None,0,0,Neither,42,50,4.8,Unplaced,0.0,Not Converted,-1,"React, Docker"
STU10061,22,Female,M.Tech,2025,IIT / NIT Group (Tier 1),Computer Science & Engineering,None,None,0,None,None,0,0,Neither,36,60,4.8,Unplaced,0.0,Not Converted,-1,"SQL, Git"
STU10062,23,Male,BCA,2023,Apex Institute of Technology (Tier 2),Information Technology,None,None,0,None,None,0,0,Neither,44,46,5.7,Placed,6.0,On-Campus / Off-Campus Placement,137,"Data Analysis, SQL, Communication"
STU10063,22,Male,B.Tech,2025,BITS & Top National Inst (Tier 1),Business Analytics,Coursera Machine Learning Specialization,Google Cloud,1,DataMetrics Labs,Software Engineering,2,1,Both (Hybrid),62,61,7.7,Placed,14.93,Internship Conversion,67,"Git, SQL, Java, Data Analysis, React, Machine Learning, Kubernetes"
STU10064,22,Male,B.Sc (CS/IT),2025,BITS & Top National Inst (Tier 1),Data Science & Artificial Intelligence,None,None,0,TCS Innovation Labs,Artificial Intelligence / ML,6,1,Internship Only,68,53,7.6,Placed,15.85,Direct PPO (Pre-Placement Offer),47,"AWS, Problem Solving, SQL, Tableau"
STU10065,22,Male,B.Tech,2026,Apex Institute of Technology (Tier 2),Electronics & Communication,IBM Data Science Professional; Certified Information Systems Security Professional (CISSP),Udemy; Coursera,2,DataMetrics Labs,Software Engineering,3,2,Both (Hybrid),74,72,8.7,Placed,12.67,On-Campus / Off-Campus Placement,44,"React, Docker, Power BI, Kubernetes, Tableau, Git, Machine Learning, AWS, System Design, Java"
STU10066,21,Male,B.Tech,2026,Apex Institute of Technology (Tier 2),Information Technology,None,None,0,CyberGuard Analytics,Product & Business Analytics,3,2,Internship Only,68,60,8.4,Placed,13.05,On-Campus / Off-Campus Placement,17,"Communication, Python, Docker, Data Analysis, Kubernetes, React, Power BI, Tableau"
STU10067,23,Male,B.Tech,2023,Apex Institute of Technology (Tier 2),Computer Science & Engineering,Google Professional Data Engineer; Meta Front-End Developer Specialization,Microsoft Azure; Coursera,2,InnovateTech Startup,Cyber Security,2,2,Both (Hybrid),76,75,8.2,Placed,12.7,On-Campus / Off-Campus Placement,52,"Tableau, Java, Data Analysis, Docker, Problem Solving, Git, Kubernetes, React, SQL, Python"
STU10068,21,Female,M.Tech,2025,State Tech University (Tier 2),Data Science & Artificial Intelligence,None,None,0,Deloitte Consulting,Product & Business Analytics,3,1,Internship Only,68,53,6.8,Placed,12.87,On-Campus / Off-Campus Placement,89,"Data Analysis, Communication, Docker, Power BI, AWS"
STU10069,25,Female,B.Tech,2023,City Engineering College (Tier 3),Computer Science & Engineering,Coursera Machine Learning Specialization; TensorFlow Developer Certificate; Google Professional Data Engineer,Google Cloud; IBM; Udemy,4,Google India,Software Engineering,6,1,Both (Hybrid),70,92,8.1,Placed,11.86,Internship Conversion,25,"Data Analysis, Tableau, Machine Learning, Communication, Java, Power BI, Problem Solving, Git, System Design, Python"
STU10070,23,Male,BCA,2024,Regional Tech Institute (Tier 3),Cyber Security,TensorFlow Developer Certificate; Meta Front-End Developer Specialization; Certified Information Systems Security Professional (CISSP),Udemy; AWS; NPTEL,4,FinTech Solutions,Cloud & DevOps,6,1,Both (Hybrid),64,94,8.0,Placed,11.25,Direct PPO (Pre-Placement Offer),38,"AWS, Tableau, Java, Kubernetes, Data Analysis, Problem Solving, System Design, React, Git, Communication"
STU10071,21,Female,B.Sc (CS/IT),2025,City Engineering College (Tier 3),Electronics & Communication,TensorFlow Developer Certificate,AWS,1,None,None,0,0,Certification Only,32,47,3.7,Unplaced,0.0,Not Converted,-1,"Problem Solving, SQL, Tableau, Power BI, Machine Learning"
STU10072,21,Male,B.Tech,2023,Apex Institute of Technology (Tier 2),Computer Science & Engineering,IBM Data Science Professional; Coursera Machine Learning Specialization,IBM; AWS,2,None,None,0,0,Certification Only,39,76,5.2,Unplaced,0.0,Not Converted,-1,"Git, Problem Solving, React, AWS, Docker, System Design, Java"
STU10073,23,Male,B.Tech,2025,State Tech University (Tier 2),Computer Science & Engineering,None,None,0,FinTech Solutions,Cloud & DevOps,15,2,Internship Only,100,46,10.0,Placed,18.02,On-Campus / Off-Campus Placement,5,"Git, Python, Kubernetes, System Design, Data Analysis, Power BI, Communication, React"
STU10074,23,Male,MBA (Tech & Analytics),2023,Regional Tech Institute (Tier 3),Data Science & Artificial Intelligence,TensorFlow Developer Certificate; AWS Certified Solutions Architect; Microsoft Certified: Azure Developer,Coursera; Meta; AWS,4,None,None,0,0,Certification Only,31,100,5.4,Placed,6.32,On-Campus / Off-Campus Placement,69,"React, Problem Solving, Docker, Git, AWS, Communication, SQL, Tableau, Machine Learning"
STU10075,23,Female,BCA,2023,State Tech University (Tier 2),Computer Science & Engineering,Docker & Kubernetes Developer Cert; AWS Certified Solutions Architect,Google Cloud; Meta,2,None,None,0,0,Certification Only,39,81,4.9,Unplaced,0.0,Not Converted,-1,"Kubernetes, Communication, SQL, Docker, Problem Solving, Data Analysis, Power BI"
STU10076,23,Non-Binary,BCA,2025,BITS & Top National Inst (Tier 1),Computer Science & Engineering,None,None,0,TCS Innovation Labs,Software Engineering,6,1,Internship Only,81,54,8.3,Placed,12.72,On-Campus / Off-Campus Placement,89,"Docker, Java, Git, Power BI"
STU10077,21,Female,B.Tech,2025,State Tech University (Tier 2),Data Science & Artificial Intelligence,IBM Data Science Professional,Meta,1,CyberGuard Analytics,Software Engineering,2,2,Both (Hybrid),75,73,7.8,Placed,12.62,On-Campus / Off-Campus Placement,54,"AWS, Communication, Python, Data Analysis, Git, Java, SQL, System Design, Docker"
STU10078,22,Male,B.Tech,2026,IIT / NIT Group (Tier 1),Data Science & Artificial Intelligence,None,None,0,DataMetrics Labs,Artificial Intelligence / ML,2,2,Internship Only,78,52,7.9,Placed,15.75,On-Campus / Off-Campus Placement,35,"Problem Solving, Machine Learning, SQL, Data Analysis, System Design, Power BI, Communication, Docker, AWS"
STU10079,21,Female,B.Tech,2025,Regional Tech Institute (Tier 3),Computer Science & Engineering,Coursera Machine Learning Specialization,Google Cloud,1,Amazon AWS,Software Engineering,3,2,Both (Hybrid),70,44,7.5,Placed,10.77,On-Campus / Off-Campus Placement,20,"Java, Git, Kubernetes, Docker, System Design, AWS, React, Power BI, Python"
STU10080,24,Male,B.Tech,2025,Apex Institute of Technology (Tier 2),Electronics & Communication,TensorFlow Developer Certificate; Google Professional Data Engineer,Google Cloud; Microsoft Azure,2,None,None,0,0,Certification Only,45,90,4.6,Unplaced,0.0,Not Converted,-1,"Python, AWS, Docker, Git, Tableau"
STU10081,22,Female,B.Tech,2024,Apex Institute of Technology (Tier 2),Business Analytics,AWS Certified Solutions Architect,Udemy,1,Deloitte Consulting,Product & Business Analytics,14,3,Both (Hybrid),100,52,10.0,Placed,19.89,On-Campus / Off-Campus Placement,5,"Java, SQL, Docker, Problem Solving, AWS, Git, Power BI, Machine Learning, Python, Kubernetes"
STU10082,22,Male,B.Sc (CS/IT),2023,Apex Institute of Technology (Tier 2),Electronics & Communication,Docker & Kubernetes Developer Cert,IBM,1,Google India,Product & Business Analytics,7,2,Both (Hybrid),91,48,10.0,Placed,16.8,Direct PPO (Pre-Placement Offer),32,"Java, Kubernetes, Communication, AWS, Problem Solving, Data Analysis, Power BI, System Design, Python, Machine Learning"
STU10083,21,Male,B.Tech,2023,State Tech University (Tier 2),Electronics & Communication,None,None,0,None,None,0,0,Neither,31,55,5.4,Unplaced,0.0,Not Converted,-1,"React, Git"
STU10084,22,Female,B.Tech,2025,IIT / NIT Group (Tier 1),Computer Science & Engineering,Docker & Kubernetes Developer Cert,AWS,1,TCS Innovation Labs,Cloud & DevOps,3,2,Both (Hybrid),79,71,8.3,Placed,17.21,Internship Conversion,21,"Kubernetes, Python, Tableau, React, Communication, AWS, Data Analysis, Machine Learning, Problem Solving, Java"
STU10085,22,Female,BCA,2025,Apex Institute of Technology (Tier 2),Computer Science & Engineering,None,None,0,Google India,Software Engineering,6,1,Internship Only,65,48,6.8,Placed,13.39,Direct PPO (Pre-Placement Offer),62,"AWS, Kubernetes, Docker, Problem Solving"
STU10086,23,Male,B.Sc (CS/IT),2024,Apex Institute of Technology (Tier 2),Computer Science & Engineering,Google Professional Data Engineer; NPTEL Cloud Computing & Distributed Systems; Coursera Machine Learning Specialization,AWS; IBM; NPTEL,3,None,None,0,0,Certification Only,49,89,5.7,Placed,7.07,On-Campus / Off-Campus Placement,60,"Python, Data Analysis, Git, Communication, Machine Learning, React, SQL, Java, System Design"
STU10087,22,Female,B.Tech,2025,State Tech University (Tier 2),Electronics & Communication,None,None,0,None,None,0,0,Neither,35,39,3.8,Placed,5.53,On-Campus / Off-Campus Placement,110,"Git, Python, Data Analysis"
STU10088,24,Male,BCA,2025,Apex Institute of Technology (Tier 2),Business Analytics,Google Professional Data Engineer; Microsoft Certified: Azure Developer,NPTEL; IBM,2,TCS Innovation Labs,Artificial Intelligence / ML,3,1,Both (Hybrid),65,67,6.6,Placed,10.95,On-Campus / Off-Campus Placement,57,"SQL, Power BI, React, Communication, Tableau, Docker, Data Analysis, Kubernetes"
STU10089,22,Female,B.Tech,2023,BITS & Top National Inst (Tier 1),Information Technology,Google Professional Data Engineer,Udemy,1,Infosys Center,Data Science & Analytics,6,1,Both (Hybrid),77,61,7.6,Placed,15.84,Direct PPO (Pre-Placement Offer),59,"React, Machine Learning, Problem Solving, AWS, Kubernetes, SQL, Java, Data Analysis"
STU10090,21,Female,B.Tech,2023,BITS & Top National Inst (Tier 1),Business Analytics,NPTEL Cloud Computing & Distributed Systems,Google Cloud,1,TCS Innovation Labs,Data Science & Analytics,3,3,Both (Hybrid),100,70,10.0,Placed,14.52,On-Campus / Off-Campus Placement,10,"Kubernetes, Machine Learning, SQL, Tableau, Communication, Docker, System Design, React, Power BI, Data Analysis"
STU10091,23,Female,B.Tech,2025,BITS & Top National Inst (Tier 1),Information Technology,AWS Certified Solutions Architect; Microsoft Certified: Azure Developer,IBM; Coursera,2,None,None,0,0,Certification Only,47,77,5.4,Placed,10.99,On-Campus / Off-Campus Placement,102,"Tableau, Docker, Git, AWS, React, Python"
STU10092,23,Female,B.Sc (CS/IT),2025,State Tech University (Tier 2),Data Science & Artificial Intelligence,Google Professional Data Engineer,AWS,1,DataMetrics Labs,Artificial Intelligence / ML,9,1,Both (Hybrid),88,60,8.2,Placed,13.97,Direct PPO (Pre-Placement Offer),50,"System Design, Tableau, Machine Learning, AWS, SQL, Communication, React"
STU10093,22,Female,B.Tech,2026,City Engineering College (Tier 3),Data Science & Artificial Intelligence,Google Professional Data Engineer,AWS,1,None,None,0,0,Certification Only,26,57,4.1,Placed,5.54,On-Campus / Off-Campus Placement,111,"Data Analysis, SQL, Power BI, Kubernetes, Java"
STU10094,23,Male,B.Tech,2023,City Engineering College (Tier 3),Computer Science & Engineering,Google Professional Data Engineer; Coursera Machine Learning Specialization,Google Cloud; NPTEL,2,Amazon AWS,Software Engineering,2,1,Both (Hybrid),56,62,6.7,Placed,7.79,On-Campus / Off-Campus Placement,68,"Docker, SQL, Java, Data Analysis, Power BI, AWS, System Design, Git"
STU10095,22,Female,B.Tech,2026,State Tech University (Tier 2),Computer Science & Engineering,Certified Information Systems Security Professional (CISSP),Microsoft Azure,1,TCS Innovation Labs,Cloud & DevOps,14,3,Both (Hybrid),100,58,10.0,Placed,19.14,Direct PPO (Pre-Placement Offer),5,"Java, Data Analysis, Git, Python, React, AWS, Docker, Kubernetes, SQL, Power BI"
STU10096,22,Male,B.Sc (CS/IT),2024,Apex Institute of Technology (Tier 2),Information Technology,Google Professional Data Engineer,NPTEL,1,Infosys Center,Product & Business Analytics,2,1,Both (Hybrid),55,53,6.8,Unplaced,0.0,Not Converted,-1,"Tableau, System Design, Machine Learning, AWS, Data Analysis, Python, Power BI"
STU10097,22,Male,B.Tech,2023,Apex Institute of Technology (Tier 2),Data Science & Artificial Intelligence,IBM Data Science Professional; Google Professional Data Engineer,NPTEL; Meta,2,DataMetrics Labs,Product & Business Analytics,2,1,Both (Hybrid),58,76,7.2,Placed,13.74,Internship Conversion,69,"Power BI, React, Java, SQL, Tableau, Git, Docker, Data Analysis, Problem Solving"
STU10098,21,Male,B.Tech,2026,BITS & Top National Inst (Tier 1),Data Science & Artificial Intelligence,NPTEL Cloud Computing & Distributed Systems; Meta Front-End Developer Specialization,Meta; AWS,2,InnovateTech Startup,Cyber Security,15,2,Both (Hybrid),100,76,10.0,Placed,19.58,Direct PPO (Pre-Placement Offer),5,"System Design, Python, Java, Tableau, AWS, SQL, Data Analysis, Power BI, React, Kubernetes"
STU10099,21,Male,B.Tech,2024,BITS & Top National Inst (Tier 1),Data Science & Artificial Intelligence,None,None,0,None,None,0,0,Neither,52,48,4.3,Placed,8.63,On-Campus / Off-Campus Placement,105,"Python, Java"
STU10100,21,Female,B.Tech,2025,Regional Tech Institute (Tier 3),Computer Science & Engineering,Docker & Kubernetes Developer Cert,NPTEL,1,FinTech Solutions,Artificial Intelligence / ML,3,3,Both (Hybrid),99,39,8.8,Placed,13.8,Internship Conversion,5,"Communication, Power BI, Data Analysis, Problem Solving, Machine Learning, Tableau, AWS, SQL, Python, React"
STU10101,22,Male,BCA,2023,Apex Institute of Technology (Tier 2),Data Science & Artificial Intelligence,None,None,0,CyberGuard Analytics,Cloud & DevOps,3,1,Internship Only,66,40,5.5,Placed,9.83,On-Campus / Off-Campus Placement,63,"Git, AWS, Problem Solving, Kubernetes, Data Analysis, Power BI"
STU10102,22,Female,BCA,2025,Regional Tech Institute (Tier 3),Data Science & Artificial Intelligence,None,None,0,Microsoft Tech,Software Engineering,2,2,Internship Only,70,32,6.4,Placed,11.57,On-Campus / Off-Campus Placement,51,"SQL, Git, Tableau, Docker, Java, React, AWS, Communication, Power BI"
STU10103,22,Male,B.Tech,2026,State Tech University (Tier 2),Data Science & Artificial Intelligence,Microsoft Certified: Azure Developer; Meta Front-End Developer Specialization,Udemy; AWS,2,Infosys Center,Cloud & DevOps,3,2,Both (Hybrid),80,57,8.9,Placed,15.47,On-Campus / Off-Campus Placement,16,"Git, Java, Power BI, Kubernetes, Tableau, Data Analysis, Communication, Docker, Problem Solving, Machine Learning"
STU10104,24,Male,B.Tech,2024,Apex Institute of Technology (Tier 2),Electronics & Communication,Google Professional Data Engineer; AWS Certified Solutions Architect; Meta Front-End Developer Specialization,AWS; Coursera; IBM,3,CyberGuard Analytics,Software Engineering,9,1,Both (Hybrid),80,82,9.0,Placed,14.38,On-Campus / Off-Campus Placement,29,"Tableau, Communication, Machine Learning, Power BI, Git, AWS, Docker, Kubernetes, SQL, Data Analysis"
STU10105,21,Male,B.Tech,2025,BITS & Top National Inst (Tier 1),Data Science & Artificial Intelligence,Certified Information Systems Security Professional (CISSP); Coursera Machine Learning Specialization; Docker & Kubernetes Developer Cert,NPTEL; Google Cloud; AWS,3,FinTech Solutions,Artificial Intelligence / ML,12,1,Both (Hybrid),88,100,10.0,Placed,17.63,Direct PPO (Pre-Placement Offer),25,"AWS, SQL, Problem Solving, React, System Design, Tableau, Docker, Python, Communication, Java"
STU10106,22,Male,B.Tech,2023,State Tech University (Tier 2),Information Technology,None,None,0,Microsoft Tech,Product & Business Analytics,2,2,Internship Only,81,48,7.5,Placed,12.13,On-Campus / Off-Campus Placement,57,"Java, Docker, Data Analysis, Kubernetes, Python, AWS, Git, React"
STU10107,23,Male,B.Tech,2025,State Tech University (Tier 2),Business Analytics,TensorFlow Developer Certificate,Google Cloud,1,None,None,0,0,Certification Only,55,51,4.2,Placed,6.56,On-Campus / Off-Campus Placement,77,"Python, AWS, Kubernetes"
STU10108,21,Female,B.Sc (CS/IT),2024,State Tech University (Tier 2),Electronics & Communication,IBM Data Science Professional; AWS Certified Solutions Architect,Microsoft Azure; Udemy,2,Google India,Data Science & Analytics,2,1,Both (Hybrid),65,74,6.9,Placed,10.76,Internship Conversion,58,"Power BI, Git, React, Tableau, System Design, SQL, Kubernetes, AWS, Machine Learning"
STU10109,21,Male,MBA (Tech & Analytics),2024,BITS & Top National Inst (Tier 1),Business Analytics,None,None,0,TCS Innovation Labs,Cyber Security,4,3,Internship Only,100,64,9.6,Placed,17.66,On-Campus / Off-Campus Placement,26,"Communication, System Design, AWS, Data Analysis, Git, Power BI, Problem Solving, Java, Machine Learning, SQL"
STU10110,22,Female,MBA (Tech & Analytics),2024,State Tech University (Tier 2),Computer Science & Engineering,Coursera Machine Learning Specialization; Docker & Kubernetes Developer Cert; IBM Data Science Professional,Microsoft Azure; Google Cloud; AWS,3,Infosys Center,Cloud & DevOps,3,1,Both (Hybrid),73,67,7.8,Placed,11.86,Internship Conversion,63,"Git, React, Communication, Machine Learning, Java, Docker, Data Analysis, SQL, AWS, Python"
STU10111,21,Male,M.Tech,2023,IIT / NIT Group (Tier 1),Computer Science & Engineering,NPTEL Cloud Computing & Distributed Systems; AWS Certified Solutions Architect,Microsoft Azure; Google Cloud,2,Infosys Center,Cloud & DevOps,6,1,Both (Hybrid),66,78,8.6,Placed,16.54,On-Campus / Off-Campus Placement,38,"Problem Solving, React, Communication, Git, Docker, Data Analysis, Java, System Design, Power BI"
STU10112,24,Male,BCA,2026,Apex Institute of Technology (Tier 2),Computer Science & Engineering,Coursera Machine Learning Specialization; Certified Information Systems Security Professional (CISSP); Microsoft Certified: Azure Developer,IBM; Google Cloud; Coursera,4,None,None,0,0,Certification Only,45,100,5.2,Placed,9.52,On-Campus / Off-Campus Placement,122,"React, AWS, Power BI, Git, Java, Docker, Tableau, Problem Solving, Communication, Kubernetes"
STU10113,23,Female,B.Sc (CS/IT),2024,State Tech University (Tier 2),Computer Science & Engineering,None,None,0,CyberGuard Analytics,Cyber Security,6,1,Internship Only,68,39,6.9,Placed,13.25,On-Campus / Off-Campus Placement,60,"System Design, Communication, Python, Java"
STU10114,22,Male,B.Tech,2024,IIT / NIT Group (Tier 1),Business Analytics,TensorFlow Developer Certificate,Meta,1,Amazon AWS,Cloud & DevOps,2,2,Both (Hybrid),76,67,8.5,Placed,15.07,Internship Conversion,32,"Machine Learning, System Design, AWS, Problem Solving, Tableau, Data Analysis, Kubernetes, Communication, React, Java"
STU10115,24,Male,BCA,2024,BITS & Top National Inst (Tier 1),Information Technology,IBM Data Science Professional; Meta Front-End Developer Specialization; Certified Information Systems Security Professional (CISSP),Coursera; AWS; Udemy,3,FinTech Solutions,Software Engineering,3,1,Both (Hybrid),74,90,7.9,Placed,14.78,Internship Conversion,59,"Kubernetes, Machine Learning, Git, Communication, System Design, SQL, Python, Java, Docker, Power BI"
STU10116,23,Male,B.Tech,2024,IIT / NIT Group (Tier 1),Computer Science & Engineering,Microsoft Certified: Azure Developer; Google Professional Data Engineer,Coursera; Google Cloud,2,InnovateTech Startup,Product & Business Analytics,3,1,Both (Hybrid),67,76,8.1,Placed,14.05,On-Campus / Off-Campus Placement,35,"SQL, AWS, Power BI, React, Python, Tableau, Kubernetes, Git, Docker, Communication"
STU10117,21,Male,B.Tech,2025,Apex Institute of Technology (Tier 2),Computer Science & Engineering,Docker & Kubernetes Developer Cert; TensorFlow Developer Certificate; Microsoft Certified: Azure Developer,NPTEL; IBM; Meta,3,Infosys Center,Software Engineering,9,3,Both (Hybrid),100,78,10.0,Placed,18.58,On-Campus / Off-Campus Placement,5,"Git, Python, Power BI, Tableau, Machine Learning, System Design, Communication, Data Analysis, Docker, React"
STU10118,24,Female,B.Sc (CS/IT),2026,IIT / NIT Group (Tier 1),Computer Science & Engineering,None,None,0,InnovateTech Startup,Artificial Intelligence / ML,2,2,Internship Only,84,45,7.2,Placed,13.28,Internship Conversion,46,"Tableau, React, Problem Solving, Machine Learning, SQL, Docker, Python, AWS, Power BI"
STU10119,22,Male,B.Tech,2024,Apex Institute of Technology (Tier 2),Information Technology,Microsoft Certified: Azure Developer; Coursera Machine Learning Specialization,AWS; Microsoft Azure,2,Infosys Center,Cloud & DevOps,12,1,Both (Hybrid),90,65,10.0,Placed,17.43,Direct PPO (Pre-Placement Offer),19,"React, SQL, Problem Solving, Communication, Git, System Design, Data Analysis, Tableau, Power BI, Python"
STU10120,23,Female,B.Tech,2026,IIT / NIT Group (Tier 1),Information Technology,NPTEL Cloud Computing & Distributed Systems; TensorFlow Developer Certificate,Google Cloud; IBM,2,InnovateTech Startup,Product & Business Analytics,6,1,Both (Hybrid),70,70,8.0,Placed,17.26,Direct PPO (Pre-Placement Offer),47,"AWS, React, Git, Power BI, Docker, System Design, Communication, SQL, Java"
STU10121,24,Female,M.Tech,2025,BITS & Top National Inst (Tier 1),Electronics & Communication,None,None,0,Deloitte Consulting,Data Science & Analytics,3,2,Internship Only,89,47,8.5,Placed,17.33,Internship Conversion,30,"Kubernetes, Communication, React, Python, System Design, SQL, Docker, AWS"
STU10122,22,Male,B.Tech,2023,City Engineering College (Tier 3),Business Analytics,AWS Certified Solutions Architect; Certified Information Systems Security Professional (CISSP),Google Cloud; Udemy,2,None,None,0,0,Certification Only,27,43,4.5,Placed,6.16,On-Campus / Off-Campus Placement,130,"Git, Python, System Design, Communication, React"
STU10123,21,Female,B.Tech,2025,Apex Institute of Technology (Tier 2),Computer Science & Engineering,NPTEL Cloud Computing & Distributed Systems; TensorFlow Developer Certificate,Microsoft Azure; Udemy,2,TCS Innovation Labs,Cyber Security,3,1,Both (Hybrid),57,79,7.4,Placed,11.86,On-Campus / Off-Campus Placement,40,"Problem Solving, Python, Java, React, System Design, Machine Learning, Git, SQL"
STU10124,21,Male,M.Tech,2025,IIT / NIT Group (Tier 1),Computer Science & Engineering,None,None,0,None,None,0,0,Neither,40,67,4.7,Placed,9.3,On-Campus / Off-Campus Placement,120,"Tableau, Docker"
STU10125,22,Female,BCA,2025,City Engineering College (Tier 3),Computer Science & Engineering,Certified Information Systems Security Professional (CISSP),Microsoft Azure,1,None,None,0,0,Certification Only,21,49,3.8,Placed,5.98,On-Campus / Off-Campus Placement,133,"Python, SQL, Problem Solving"
STU10126,23,Male,BCA,2026,State Tech University (Tier 2),Data Science & Artificial Intelligence,Microsoft Certified: Azure Developer; TensorFlow Developer Certificate,IBM; NPTEL,2,Deloitte Consulting,Software Engineering,4,3,Both (Hybrid),99,75,10.0,Placed,14.75,On-Campus / Off-Campus Placement,5,"Kubernetes, React, Tableau, Communication, Data Analysis, Docker, Power BI, SQL, AWS, Problem Solving"
STU10127,24,Female,B.Tech,2024,City Engineering College (Tier 3),Business Analytics,TensorFlow Developer Certificate,NPTEL,1,FinTech Solutions,Cyber Security,3,2,Both (Hybrid),72,37,7.5,Placed,9.68,On-Campus / Off-Campus Placement,5,"React, Python, System Design, Git, Kubernetes, SQL, Tableau, Power BI, Docker, AWS"
STU10128,21,Male,B.Tech,2026,Apex Institute of Technology (Tier 2),Data Science & Artificial Intelligence,Certified Information Systems Security Professional (CISSP); Google Professional Data Engineer; Docker & Kubernetes Developer Cert,Microsoft Azure; NPTEL; AWS,3,None,None,0,0,Certification Only,46,85,5.0,Placed,8.12,On-Campus / Off-Campus Placement,114,"SQL, Power BI, AWS, Problem Solving, Java, Communication, Tableau"
STU10129,22,Male,M.Tech,2025,Apex Institute of Technology (Tier 2),Information Technology,TensorFlow Developer Certificate,IBM,1,Microsoft Tech,Cloud & DevOps,3,2,Both (Hybrid),87,58,8.3,Placed,14.95,On-Campus / Off-Campus Placement,55,"Data Analysis, Git, AWS, Python, Java, Kubernetes, Machine Learning, Problem Solving, System Design, React"
STU10130,22,Female,BCA,2024,Regional Tech Institute (Tier 3),Data Science & Artificial Intelligence,IBM Data Science Professional,Google Cloud,1,None,None,0,0,Certification Only,49,45,4.6,Unplaced,0.0,Not Converted,-1,"Data Analysis, Python, System Design"
STU10131,21,Female,BCA,2025,BITS & Top National Inst (Tier 1),Computer Science & Engineering,Certified Information Systems Security Professional (CISSP); NPTEL Cloud Computing & Distributed Systems; Coursera Machine Learning Specialization,Microsoft Azure; Google Cloud; NPTEL,5,TCS Innovation Labs,Artificial Intelligence / ML,2,1,Both (Hybrid),62,100,8.7,Placed,16.14,On-Campus / Off-Campus Placement,11,"Python, Java, Git, Docker, System Design, Power BI, SQL, Data Analysis, Machine Learning, React"
STU10132,21,Male,B.Tech,2024,Apex Institute of Technology (Tier 2),Computer Science & Engineering,Coursera Machine Learning Specialization; IBM Data Science Professional; AWS Certified Solutions Architect,IBM; AWS; Microsoft Azure,4,FinTech Solutions,Software Engineering,2,2,Both (Hybrid),74,95,9.1,Placed,17.12,On-Campus / Off-Campus Placement,5,"SQL, Python, React, Machine Learning, Data Analysis, Tableau, Kubernetes, Docker, Git, System Design"
STU10133,22,Male,B.Tech,2026,State Tech University (Tier 2),Data Science & Artificial Intelligence,None,None,0,DataMetrics Labs,Product & Business Analytics,3,1,Internship Only,66,48,6.7,Placed,9.97,On-Campus / Off-Campus Placement,79,"Tableau, Communication, React, AWS, SQL"
STU10134,24,Female,MBA (Tech & Analytics),2025,IIT / NIT Group (Tier 1),Information Technology,Google Professional Data Engineer; TensorFlow Developer Certificate; NPTEL Cloud Computing & Distributed Systems,Microsoft Azure; Google Cloud; Udemy,3,Infosys Center,Product & Business Analytics,3,2,Both (Hybrid),89,100,10.0,Placed,16.95,Internship Conversion,29,"System Design, Kubernetes, Machine Learning, SQL, Java, Python, Data Analysis, Git, AWS, Problem Solving"
STU10135,22,Female,B.Tech,2023,IIT / NIT Group (Tier 1),Computer Science & Engineering,None,None,0,Google India,Cyber Security,3,1,Internship Only,70,51,6.5,Placed,12.95,On-Campus / Off-Campus Placement,70,"Power BI, Tableau, Problem Solving, Java, Machine Learning"
STU10136,22,Female,BCA,2024,IIT / NIT Group (Tier 1),Information Technology,None,None,0,InnovateTech Startup,Product & Business Analytics,2,1,Internship Only,72,47,6.4,Placed,12.54,On-Campus / Off-Campus Placement,75,"Tableau, React, System Design, Python, Docker, SQL"
STU10137,23,Female,B.Tech,2025,Apex Institute of Technology (Tier 2),Electronics & Communication,Coursera Machine Learning Specialization,Microsoft Azure,1,FinTech Solutions,Data Science & Analytics,14,3,Both (Hybrid),100,57,10.0,Placed,20.42,Direct PPO (Pre-Placement Offer),5,"React, Docker, Tableau, Data Analysis, AWS, Python, Java, Power BI, SQL, Machine Learning"
STU10138,22,Female,BCA,2023,Apex Institute of Technology (Tier 2),Data Science & Artificial Intelligence,Google Professional Data Engineer,Meta,1,None,None,0,0,Certification Only,33,60,4.4,Unplaced,0.0,Not Converted,-1,"System Design, Communication, Git, Tableau, Python"
STU10139,25,Female,MBA (Tech & Analytics),2023,Apex Institute of Technology (Tier 2),Information Technology,Meta Front-End Developer Specialization; NPTEL Cloud Computing & Distributed Systems; IBM Data Science Professional,AWS; IBM; Meta,3,FinTech Solutions,Data Science & Analytics,9,1,Both (Hybrid),72,85,8.2,Placed,14.03,On-Campus / Off-Campus Placement,58,"Java, Kubernetes, Data Analysis, AWS, SQL, Machine Learning, Problem Solving, Docker, Python, Git"
STU10140,25,Male,BCA,2024,IIT / NIT Group (Tier 1),Data Science & Artificial Intelligence,IBM Data Science Professional; Microsoft Certified: Azure Developer,Coursera; AWS,2,Deloitte Consulting,Product & Business Analytics,11,2,Both (Hybrid),96,64,10.0,Placed,21.52,Direct PPO (Pre-Placement Offer),5,"Java, Machine Learning, Power BI, System Design, Problem Solving, SQL, AWS, Git, Docker, Communication"
STU10141,22,Male,B.Tech,2024,State Tech University (Tier 2),Information Technology,NPTEL Cloud Computing & Distributed Systems; IBM Data Science Professional; Meta Front-End Developer Specialization,IBM; NPTEL; Udemy,5,Deloitte Consulting,Software Engineering,2,2,Both (Hybrid),73,100,9.3,Placed,16.22,On-Campus / Off-Campus Placement,14,"Java, Data Analysis, Communication, System Design, Kubernetes, Python, Machine Learning, Tableau, Power BI, Problem Solving"
STU10142,22,Female,BCA,2024,Regional Tech Institute (Tier 3),Electronics & Communication,Google Professional Data Engineer; Coursera Machine Learning Specialization,Meta; AWS,2,InnovateTech Startup,Cloud & DevOps,3,1,Both (Hybrid),48,55,7.1,Placed,9.4,On-Campus / Off-Campus Placement,73,"Problem Solving, Power BI, Kubernetes, Java, React, Docker, Tableau, Data Analysis"
STU10143,22,Female,B.Sc (CS/IT),2024,State Tech University (Tier 2),Cyber Security,Google Professional Data Engineer,Coursera,1,DataMetrics Labs,Cyber Security,3,2,Both (Hybrid),81,70,8.4,Placed,14.87,On-Campus / Off-Campus Placement,16,"Problem Solving, System Design, Kubernetes, Python, Machine Learning, Data Analysis, Docker, Tableau, Java, SQL"
STU10144,22,Male,B.Tech,2023,Apex Institute of Technology (Tier 2),Computer Science & Engineering,Docker & Kubernetes Developer Cert; TensorFlow Developer Certificate,AWS; Google Cloud,2,FinTech Solutions,Cyber Security,2,1,Both (Hybrid),62,78,7.1,Placed,9.43,On-Campus / Off-Campus Placement,49,"Git, System Design, React, Python, Machine Learning, Docker, Power BI, Data Analysis, SQL, Kubernetes"
STU10145,21,Male,M.Tech,2025,Apex Institute of Technology (Tier 2),Data Science & Artificial Intelligence,Coursera Machine Learning Specialization; TensorFlow Developer Certificate; Google Professional Data Engineer,AWS; Udemy; Meta,5,CyberGuard Analytics,Cloud & DevOps,2,1,Both (Hybrid),64,100,7.9,Placed,12.7,On-Campus / Off-Campus Placement,52,"Machine Learning, Power BI, Python, Communication, Java, Data Analysis, Docker, System Design, AWS, Tableau"
STU10146,22,Female,BCA,2025,Apex Institute of Technology (Tier 2),Computer Science & Engineering,Google Professional Data Engineer; NPTEL Cloud Computing & Distributed Systems,Udemy; Coursera,2,Google India,Data Science & Analytics,4,3,Both (Hybrid),100,83,10.0,Placed,16.69,On-Campus / Off-Campus Placement,5,"SQL, Git, System Design, Java, Kubernetes, Docker, AWS, Problem Solving, Tableau, Data Analysis"
STU10147,22,Male,M.Tech,2024,State Tech University (Tier 2),Computer Science & Engineering,Coursera Machine Learning Specialization; Docker & Kubernetes Developer Cert; AWS Certified Solutions Architect,Google Cloud; IBM; NPTEL,3,FinTech Solutions,Cyber Security,3,2,Both (Hybrid),86,85,9.3,Placed,13.54,Internship Conversion,38,"Data Analysis, SQL, Communication, Python, Java, Docker, AWS, Machine Learning, Power BI, System Design"
STU10148,21,Male,BCA,2024,City Engineering College (Tier 3),Information Technology,IBM Data Science Professional; AWS Certified Solutions Architect; Meta Front-End Developer Specialization,Coursera; IBM; AWS,4,InnovateTech Startup,Data Science & Analytics,3,1,Both (Hybrid),60,84,8.5,Placed,9.74,Internship Conversion,45,"Machine Learning, Communication, Kubernetes, React, Problem Solving, Power BI, System Design, AWS, SQL, Docker"
STU10149,22,Male,B.Tech,2025,State Tech University (Tier 2),Business Analytics,None,None,0,Infosys Center,Data Science & Analytics,3,2,Internship Only,85,58,8.1,Placed,11.96,On-Campus / Off-Campus Placement,63,"Communication, Docker, Data Analysis, React, SQL, Java, Machine Learning"
STU10150,24,Male,B.Tech,2023,City Engineering College (Tier 3),Data Science & Artificial Intelligence,Docker & Kubernetes Developer Cert; AWS Certified Solutions Architect,NPTEL; AWS,2,FinTech Solutions,Artificial Intelligence / ML,2,2,Both (Hybrid),66,60,7.4,Placed,10.69,Internship Conversion,16,"Docker, Java, Python, React, Power BI, Machine Learning, AWS, Git, Problem Solving, Kubernetes"
STU10151,21,Male,B.Tech,2023,BITS & Top National Inst (Tier 1),Computer Science & Engineering,Docker & Kubernetes Developer Cert; Meta Front-End Developer Specialization; Coursera Machine Learning Specialization,Google Cloud; Meta; AWS,3,Deloitte Consulting,Cyber Security,2,1,Both (Hybrid),73,95,7.4,Placed,15.28,Internship Conversion,38,"Machine Learning, System Design, Docker, Python, Kubernetes, AWS, Java, Problem Solving, Power BI, SQL"
STU10152,21,Male,M.Tech,2023,State Tech University (Tier 2),Computer Science & Engineering,AWS Certified Solutions Architect; Coursera Machine Learning Specialization; IBM Data Science Professional,NPTEL; IBM; Google Cloud,4,FinTech Solutions,Cloud & DevOps,3,2,Both (Hybrid),84,90,8.8,Placed,14.97,On-Campus / Off-Campus Placement,6,"Java, Docker, Python, React, System Design, Power BI, Tableau, Problem Solving, AWS, Kubernetes"
STU10153,22,Male,B.Sc (CS/IT),2025,IIT / NIT Group (Tier 1),Data Science & Artificial Intelligence,Meta Front-End Developer Specialization,Coursera,1,Amazon AWS,Cloud & DevOps,11,2,Both (Hybrid),100,79,10.0,Placed,19.94,Direct PPO (Pre-Placement Offer),12,"Python, Docker, Problem Solving, Git, Tableau, Java, AWS, System Design, Data Analysis"
STU10154,25,Female,BCA,2025,Apex Institute of Technology (Tier 2),Computer Science & Engineering,NPTEL Cloud Computing & Distributed Systems; Google Professional Data Engineer,Google Cloud; Meta,2,Infosys Center,Artificial Intelligence / ML,3,1,Both (Hybrid),60,75,7.3,Placed,12.55,On-Campus / Off-Campus Placement,53,"Kubernetes, Java, System Design, Git, Data Analysis, Tableau, Machine Learning, AWS, Python, Power BI"
STU10155,21,Male,B.Tech,2025,State Tech University (Tier 2),Computer Science & Engineering,IBM Data Science Professional; Google Professional Data Engineer,Udemy; Google Cloud,2,Deloitte Consulting,Software Engineering,9,1,Both (Hybrid),75,73,7.8,Placed,13.86,Direct PPO (Pre-Placement Offer),58,"Power BI, Kubernetes, Tableau, Problem Solving, Machine Learning, Data Analysis, SQL, Java, AWS, Docker"
STU10156,23,Female,B.Tech,2025,BITS & Top National Inst (Tier 1),Information Technology,Microsoft Certified: Azure Developer,Google Cloud,1,TCS Innovation Labs,Data Science & Analytics,4,3,Both (Hybrid),100,68,10.0,Placed,20.33,On-Campus / Off-Campus Placement,5,"SQL, Data Analysis, React, Kubernetes, Power BI, Tableau, Communication, Machine Learning, Python, Java"
STU10157,23,Female,B.Sc (CS/IT),2025,BITS & Top National Inst (Tier 1),Computer Science & Engineering,Meta Front-End Developer Specialization; IBM Data Science Professional,Google Cloud; Udemy,2,Google India,Artificial Intelligence / ML,6,1,Both (Hybrid),78,77,8.4,Placed,13.69,Direct PPO (Pre-Placement Offer),29,"Tableau, Power BI, AWS, Data Analysis, React, Kubernetes, Java, Machine Learning, Python"
STU10158,21,Male,B.Tech,2024,City Engineering College (Tier 3),Data Science & Artificial Intelligence,Meta Front-End Developer Specialization,Udemy,1,None,None,0,0,Certification Only,21,41,3.2,Unplaced,0.0,Not Converted,-1,"Kubernetes, Java, AWS, Git"
STU10159,23,Female,B.Tech,2025,City Engineering College (Tier 3),Electronics & Communication,AWS Certified Solutions Architect,Udemy,1,TCS Innovation Labs,Software Engineering,6,1,Both (Hybrid),72,47,6.7,Placed,8.96,Internship Conversion,51,"Python, Communication, SQL, Docker, Power BI, Kubernetes"
STU10160,22,Male,BCA,2023,Apex Institute of Technology (Tier 2),Computer Science & Engineering,Coursera Machine Learning Specialization,Google Cloud,1,None,None,0,0,Certification Only,47,68,3.6,Placed,5.51,On-Campus / Off-Campus Placement,130,"System Design, Tableau, React, AWS"
STU10161,22,Female,B.Tech,2025,Apex Institute of Technology (Tier 2),Information Technology,Certified Information Systems Security Professional (CISSP); Meta Front-End Developer Specialization,IBM; Google Cloud,2,Google India,Artificial Intelligence / ML,3,2,Both (Hybrid),91,79,8.7,Placed,15.55,On-Campus / Off-Campus Placement,17,"Kubernetes, Data Analysis, Problem Solving, AWS, SQL, Git, Machine Learning, Docker, Tableau, Python"
STU10162,22,Male,B.Tech,2025,State Tech University (Tier 2),Information Technology,TensorFlow Developer Certificate,Udemy,1,None,None,0,0,Certification Only,40,61,4.8,Placed,6.93,On-Campus / Off-Campus Placement,86,"Kubernetes, Power BI, Git"
STU10163,22,Female,B.Tech,2025,State Tech University (Tier 2),Information Technology,Meta Front-End Developer Specialization,Udemy,1,None,None,0,0,Certification Only,37,64,4.8,Placed,7.23,On-Campus / Off-Campus Placement,95,"Docker, Problem Solving, Java, Kubernetes"
STU10164,21,Female,B.Tech,2024,City Engineering College (Tier 3),Data Science & Artificial Intelligence,Coursera Machine Learning Specialization,NPTEL,1,Infosys Center,Cyber Security,19,3,Both (Hybrid),100,39,10.0,Placed,21.04,Direct PPO (Pre-Placement Offer),5,"Communication, Python, React, SQL, Power BI, Problem Solving, System Design, Docker, Kubernetes, Tableau"
STU10165,23,Male,MBA (Tech & Analytics),2024,BITS & Top National Inst (Tier 1),Computer Science & Engineering,None,None,0,FinTech Solutions,Software Engineering,2,2,Internship Only,83,53,8.0,Placed,16.96,Internship Conversion,61,"Tableau, Power BI, Data Analysis, Communication, Machine Learning, SQL, Git, Java, Docker"
STU10166,22,Male,B.Tech,2025,State Tech University (Tier 2),Electronics & Communication,None,None,0,Amazon AWS,Software Engineering,2,1,Internship Only,73,41,6.6,Placed,9.02,Internship Conversion,76,"Data Analysis, Communication, Tableau, Problem Solving"
STU10167,21,Female,B.Tech,2025,State Tech University (Tier 2),Electronics & Communication,None,None,0,None,None,0,0,Neither,38,43,3.9,Placed,6.3,On-Campus / Off-Campus Placement,105,"Data Analysis, SQL"
STU10168,21,Female,B.Tech,2026,State Tech University (Tier 2),Computer Science & Engineering,Coursera Machine Learning Specialization; IBM Data Science Professional,Microsoft Azure; Udemy,2,Amazon AWS,Product & Business Analytics,2,2,Both (Hybrid),75,66,8.8,Placed,12.58,On-Campus / Off-Campus Placement,54,"Git, Kubernetes, Data Analysis, Java, Docker, System Design, SQL, Machine Learning, Tableau, AWS"
STU10169,22,Male,B.Sc (CS/IT),2024,State Tech University (Tier 2),Computer Science & Engineering,AWS Certified Solutions Architect; NPTEL Cloud Computing & Distributed Systems; Microsoft Certified: Azure Developer,IBM; AWS; Udemy,3,DataMetrics Labs,Cyber Security,3,3,Both (Hybrid),100,70,10.0,Placed,16.89,On-Campus / Off-Campus Placement,5,"Tableau, Data Analysis, System Design, Git, Java, Machine Learning, Kubernetes, Power BI, SQL, Docker"
STU10170,23,Female,B.Tech,2025,State Tech University (Tier 2),Computer Science & Engineering,None,None,0,FinTech Solutions,Cyber Security,2,1,Internship Only,68,57,6.4,Placed,11.55,On-Campus / Off-Campus Placement,95,"System Design, Problem Solving, Data Analysis, Machine Learning"
STU10171,21,Male,BCA,2025,BITS & Top National Inst (Tier 1),Computer Science & Engineering,None,None,0,TCS Innovation Labs,Cloud & DevOps,6,1,Internship Only,71,60,7.9,Unplaced,0.0,Not Converted,-1,"SQL, Docker, Kubernetes, System Design, AWS"
STU10172,22,Female,B.Tech,2026,State Tech University (Tier 2),Data Science & Artificial Intelligence,Meta Front-End Developer Specialization; Certified Information Systems Security Professional (CISSP),IBM; Udemy,2,None,None,0,0,Certification Only,33,91,5.8,Placed,9.77,On-Campus / Off-Campus Placement,102,"Power BI, React, SQL, Docker, Machine Learning, Kubernetes, AWS"
STU10173,21,Male,B.Tech,2025,BITS & Top National Inst (Tier 1),Computer Science & Engineering,IBM Data Science Professional,Microsoft Azure,1,TCS Innovation Labs,Artificial Intelligence / ML,2,1,Both (Hybrid),57,64,7.0,Placed,15.35,On-Campus / Off-Campus Placement,75,"Git, Java, React, Machine Learning, Python, SQL"
STU10174,22,Female,B.Tech,2025,BITS & Top National Inst (Tier 1),Computer Science & Engineering,TensorFlow Developer Certificate; NPTEL Cloud Computing & Distributed Systems; Microsoft Certified: Azure Developer,Google Cloud; Microsoft Azure; NPTEL,4,Deloitte Consulting,Data Science & Analytics,2,1,Both (Hybrid),62,100,9.0,Placed,18.46,On-Campus / Off-Campus Placement,56,"Docker, React, SQL, Communication, Tableau, Git, Machine Learning, Java, Kubernetes, Power BI"
STU10175,21,Male,B.Sc (CS/IT),2025,IIT / NIT Group (Tier 1),Electronics & Communication,Google Professional Data Engineer; Meta Front-End Developer Specialization,Coursera; Meta,2,Amazon AWS,Cloud & DevOps,11,2,Both (Hybrid),100,86,10.0,Placed,20.86,On-Campus / Off-Campus Placement,5,"Machine Learning, AWS, Java, Communication, System Design, Power BI, React, SQL, Kubernetes, Python"
STU10176,23,Male,M.Tech,2025,Apex Institute of Technology (Tier 2),Computer Science & Engineering,Docker & Kubernetes Developer Cert,Udemy,1,Deloitte Consulting,Software Engineering,9,1,Both (Hybrid),75,65,9.0,Placed,13.53,Internship Conversion,32,"Machine Learning, AWS, Problem Solving, Data Analysis, Python, Git, Docker"
STU10177,22,Male,B.Tech,2026,State Tech University (Tier 2),Electronics & Communication,AWS Certified Solutions Architect,IBM,1,Google India,Data Science & Analytics,3,1,Both (Hybrid),64,62,6.2,Placed,10.75,On-Campus / Off-Campus Placement,64,"Kubernetes, Git, Python, Tableau, Power BI, SQL"
STU10178,24,Male,BCA,2023,Apex Institute of Technology (Tier 2),Information Technology,IBM Data Science Professional; Meta Front-End Developer Specialization,Meta; Udemy,2,None,None,0,0,Certification Only,35,75,4.5,Unplaced,0.0,Not Converted,-1,"React, Data Analysis, Java, Kubernetes, Machine Learning"
STU10179,21,Male,M.Tech,2023,Apex Institute of Technology (Tier 2),Computer Science & Engineering,None,None,0,None,None,0,0,Neither,47,50,3.9,Placed,7.97,On-Campus / Off-Campus Placement,132,"AWS, Data Analysis"
STU10180,22,Male,B.Tech,2026,Apex Institute of Technology (Tier 2),Information Technology,None,None,0,None,None,0,0,Neither,39,52,5.2,Placed,6.77,On-Campus / Off-Campus Placement,124,"SQL, Data Analysis"
STU10181,21,Female,B.Sc (CS/IT),2025,State Tech University (Tier 2),Information Technology,None,None,0,DataMetrics Labs,Cloud & DevOps,2,1,Internship Only,65,30,5.3,Placed,9.46,Internship Conversion,75,"React, Python, Java, Machine Learning"
STU10182,24,Male,B.Tech,2025,State Tech University (Tier 2),Data Science & Artificial Intelligence,AWS Certified Solutions Architect; Meta Front-End Developer Specialization; NPTEL Cloud Computing & Distributed Systems,Microsoft Azure; AWS; Coursera,3,None,None,0,0,Certification Only,38,78,5.6,Placed,9.33,On-Campus / Off-Campus Placement,111,"Power BI, Git, Tableau, React, Communication, AWS, Kubernetes"
STU10183,24,Male,MBA (Tech & Analytics),2024,State Tech University (Tier 2),Computer Science & Engineering,Meta Front-End Developer Specialization; IBM Data Science Professional,Udemy; IBM,2,InnovateTech Startup,Cloud & DevOps,3,3,Both (Hybrid),100,74,10.0,Placed,15.27,On-Campus / Off-Campus Placement,5,"AWS, Java, React, Problem Solving, Tableau, Communication, Machine Learning, Docker, System Design, Python"
STU10184,22,Male,B.Sc (CS/IT),2023,Apex Institute of Technology (Tier 2),Data Science & Artificial Intelligence,None,None,0,DataMetrics Labs,Cloud & DevOps,2,2,Internship Only,88,46,7.9,Placed,13.89,Internship Conversion,60,"Kubernetes, Git, AWS, Power BI, Python, Data Analysis, React"
STU10185,23,Male,MBA (Tech & Analytics),2025,State Tech University (Tier 2),Business Analytics,Coursera Machine Learning Specialization; AWS Certified Solutions Architect,Udemy; Coursera,2,CyberGuard Analytics,Data Science & Analytics,3,2,Both (Hybrid),86,60,8.8,Placed,14.59,On-Campus / Off-Campus Placement,14,"React, Kubernetes, System Design, Tableau, Docker, Communication, Machine Learning, SQL, AWS, Problem Solving"
STU10186,23,Male,BCA,2025,City Engineering College (Tier 3),Information Technology,NPTEL Cloud Computing & Distributed Systems,AWS,1,Microsoft Tech,Cloud & DevOps,2,2,Both (Hybrid),78,53,7.7,Placed,11.27,On-Campus / Off-Campus Placement,46,"Git, AWS, Python, React, Communication, Java, System Design, Data Analysis, Problem Solving, Kubernetes"
STU10187,22,Male,B.Tech,2024,City Engineering College (Tier 3),Computer Science & Engineering,IBM Data Science Professional; AWS Certified Solutions Architect,Udemy; Google Cloud,2,Deloitte Consulting,Cyber Security,3,1,Both (Hybrid),55,61,6.7,Placed,7.15,Internship Conversion,86,"SQL, System Design, Power BI, Docker, Git, Python, Communication, Problem Solving"
STU10188,22,Male,MBA (Tech & Analytics),2024,BITS & Top National Inst (Tier 1),Information Technology,NPTEL Cloud Computing & Distributed Systems,NPTEL,1,Amazon AWS,Cloud & DevOps,3,2,Both (Hybrid),91,65,8.6,Placed,17.82,On-Campus / Off-Campus Placement,50,"Java, Data Analysis, Communication, Problem Solving, Git, Machine Learning, SQL, Power BI, Tableau"
STU10189,21,Male,B.Tech,2025,BITS & Top National Inst (Tier 1),Data Science & Artificial Intelligence,AWS Certified Solutions Architect; Coursera Machine Learning Specialization,IBM; Microsoft Azure,2,TCS Innovation Labs,Product & Business Analytics,4,3,Both (Hybrid),100,91,10.0,Placed,18.36,Internship Conversion,19,"Docker, Tableau, Data Analysis, Kubernetes, Git, SQL, Python, Java, Power BI, Communication"
STU10190,21,Female,B.Tech,2023,Apex Institute of Technology (Tier 2),Data Science & Artificial Intelligence,IBM Data Science Professional; AWS Certified Solutions Architect; TensorFlow Developer Certificate,Coursera; NPTEL; Microsoft Azure,5,Deloitte Consulting,Cyber Security,6,1,Both (Hybrid),74,100,9.1,Placed,15.48,Direct PPO (Pre-Placement Offer),17,"Data Analysis, Communication, SQL, Java, Machine Learning, System Design, Docker, Power BI, AWS, Python"
STU10191,24,Female,B.Sc (CS/IT),2026,State Tech University (Tier 2),Information Technology,None,None,0,Deloitte Consulting,Software Engineering,4,3,Internship Only,93,59,9.4,Placed,15.23,On-Campus / Off-Campus Placement,32,"Python, Tableau, Git, Kubernetes, AWS, System Design, React, Problem Solving, Docker, Data Analysis"
STU10192,24,Male,B.Sc (CS/IT),2024,IIT / NIT Group (Tier 1),Data Science & Artificial Intelligence,NPTEL Cloud Computing & Distributed Systems,NPTEL,1,CyberGuard Analytics,Artificial Intelligence / ML,3,1,Both (Hybrid),75,65,7.0,Placed,15.92,Internship Conversion,58,"SQL, Tableau, AWS, Git, React, Communication, Machine Learning, Java"
STU10193,22,Male,M.Tech,2025,City Engineering College (Tier 3),Electronics & Communication,TensorFlow Developer Certificate,Coursera,1,None,None,0,0,Certification Only,25,44,3.7,Unplaced,0.0,Not Converted,-1,"Docker, Problem Solving, Communication, System Design"
STU10194,22,Female,B.Tech,2026,BITS & Top National Inst (Tier 1),Information Technology,AWS Certified Solutions Architect,Meta,1,Google India,Software Engineering,2,1,Both (Hybrid),65,71,6.4,Placed,13.79,Internship Conversion,40,"Docker, Communication, SQL, Python, Git, Data Analysis, Problem Solving"
STU10195,22,Male,B.Sc (CS/IT),2025,Regional Tech Institute (Tier 3),Information Technology,NPTEL Cloud Computing & Distributed Systems,Coursera,1,Amazon AWS,Artificial Intelligence / ML,3,3,Both (Hybrid),86,51,8.4,Placed,12.82,Internship Conversion,5,"Machine Learning, Docker, React, Git, AWS, Problem Solving, Communication, Data Analysis, Python, Power BI"
STU10196,23,Female,B.Sc (CS/IT),2024,Apex Institute of Technology (Tier 2),Computer Science & Engineering,TensorFlow Developer Certificate; IBM Data Science Professional; Meta Front-End Developer Specialization,NPTEL; Udemy; IBM,3,Microsoft Tech,Artificial Intelligence / ML,2,1,Both (Hybrid),69,84,7.4,Placed,11.34,Internship Conversion,28,"Data Analysis, Git, React, Tableau, Docker, AWS, System Design, Communication, Power BI, SQL"
STU10197,24,Male,B.Tech,2025,Apex Institute of Technology (Tier 2),Electronics & Communication,Coursera Machine Learning Specialization; Docker & Kubernetes Developer Cert; TensorFlow Developer Certificate,NPTEL; IBM; AWS,4,CyberGuard Analytics,Product & Business Analytics,15,2,Both (Hybrid),100,97,10.0,Placed,21.54,Direct PPO (Pre-Placement Offer),5,"Communication, System Design, Docker, Git, SQL, Machine Learning, AWS, Kubernetes, Java, Python"
STU10198,24,Female,B.Tech,2024,BITS & Top National Inst (Tier 1),Business Analytics,Certified Information Systems Security Professional (CISSP),Google Cloud,1,None,None,0,0,Certification Only,45,77,5.1,Placed,10.89,On-Campus / Off-Campus Placement,103,"Docker, Machine Learning, Problem Solving"
STU10199,23,Female,B.Tech,2024,BITS & Top National Inst (Tier 1),Computer Science & Engineering,IBM Data Science Professional; AWS Certified Solutions Architect,Microsoft Azure; NPTEL,2,None,None,0,0,Certification Only,27,73,5.3,Placed,10.62,On-Campus / Off-Campus Placement,110,"Power BI, Problem Solving, Kubernetes, Docker, System Design, Communication, Data Analysis"
STU10200,22,Female,B.Tech,2026,State Tech University (Tier 2),Data Science & Artificial Intelligence,Docker & Kubernetes Developer Cert; Coursera Machine Learning Specialization,Microsoft Azure; Google Cloud,2,FinTech Solutions,Product & Business Analytics,3,2,Both (Hybrid),89,67,8.9,Placed,16.34,Internship Conversion,43,"System Design, Kubernetes, Docker, Problem Solving, React, Git, Machine Learning, SQL, Communication, Power BI"
STU10201,21,Non-Binary,MBA (Tech & Analytics),2025,BITS & Top National Inst (Tier 1),Computer Science & Engineering,AWS Certified Solutions Architect; Meta Front-End Developer Specialization,NPTEL; Udemy,2,CyberGuard Analytics,Cloud & DevOps,2,1,Both (Hybrid),63,79,7.6,Placed,13.69,Internship Conversion,67,"SQL, Kubernetes, Power BI, Machine Learning, Problem Solving, Java, Data Analysis, React, System Design"
STU10202,21,Male,BCA,2025,State Tech University (Tier 2),Electronics & Communication,TensorFlow Developer Certificate,Microsoft Azure,1,None,None,0,0,Certification Only,31,50,4.8,Unplaced,0.0,Not Converted,-1,"SQL, Git, Tableau"
STU10203,24,Male,B.Sc (CS/IT),2024,State Tech University (Tier 2),Information Technology,None,None,0,Amazon AWS,Artificial Intelligence / ML,3,1,Internship Only,62,43,7.3,Placed,10.7,Internship Conversion,62,"Machine Learning, React, Java, SQL, Kubernetes"
STU10204,22,Female,MBA (Tech & Analytics),2023,BITS & Top National Inst (Tier 1),Computer Science & Engineering,Docker & Kubernetes Developer Cert,Coursera,1,None,None,0,0,Certification Only,38,64,4.9,Placed,10.21,On-Campus / Off-Campus Placement,117,"Data Analysis, Docker, Python, Git, Machine Learning"
STU10205,21,Female,B.Tech,2023,BITS & Top National Inst (Tier 1),Business Analytics,Coursera Machine Learning Specialization,Microsoft Azure,1,CyberGuard Analytics,Cyber Security,2,1,Both (Hybrid),73,69,8.4,Placed,13.66,Internship Conversion,75,"Python, Kubernetes, Tableau, React, Power BI, Machine Learning, Docker, Communication"
STU10206,21,Male,B.Sc (CS/IT),2025,Apex Institute of Technology (Tier 2),Computer Science & Engineering,Coursera Machine Learning Specialization; NPTEL Cloud Computing & Distributed Systems; Microsoft Certified: Azure Developer,IBM; Microsoft Azure; Meta,3,TCS Innovation Labs,Product & Business Analytics,11,2,Both (Hybrid),100,81,10.0,Placed,18.15,Direct PPO (Pre-Placement Offer),5,"Communication, SQL, Python, Problem Solving, Docker, System Design, Power BI, Machine Learning, Tableau, Data Analysis"
STU10207,23,Male,B.Tech,2025,BITS & Top National Inst (Tier 1),Electronics & Communication,AWS Certified Solutions Architect; TensorFlow Developer Certificate; Google Professional Data Engineer,NPTEL; IBM; Google Cloud,3,InnovateTech Startup,Data Science & Analytics,2,1,Both (Hybrid),73,98,7.7,Placed,13.86,On-Campus / Off-Campus Placement,80,"SQL, Machine Learning, Kubernetes, System Design, Python, Data Analysis, Git, Communication, Problem Solving, AWS"
STU10208,21,Male,M.Tech,2025,IIT / NIT Group (Tier 1),Data Science & Artificial Intelligence,None,None,0,None,None,0,0,Neither,45,50,4.4,Placed,8.73,On-Campus / Off-Campus Placement,92,"Communication, AWS"
STU10209,21,Male,B.Tech,2025,Apex Institute of Technology (Tier 2),Computer Science & Engineering,None,None,0,None,None,0,0,Neither,39,31,4.0,Unplaced,0.0,Not Converted,-1,"Data Analysis, System Design"
STU10210,22,Female,MBA (Tech & Analytics),2023,Regional Tech Institute (Tier 3),Computer Science & Engineering,Docker & Kubernetes Developer Cert; AWS Certified Solutions Architect; IBM Data Science Professional,Coursera; Meta; IBM,4,Amazon AWS,Cyber Security,6,1,Both (Hybrid),60,92,8.7,Placed,14.15,Direct PPO (Pre-Placement Offer),33,"System Design, Problem Solving, Data Analysis, Kubernetes, AWS, Docker, SQL, Power BI, Git, Java"
STU10211,23,Male,B.Tech,2024,State Tech University (Tier 2),Computer Science & Engineering,AWS Certified Solutions Architect; Docker & Kubernetes Developer Cert,Coursera; Meta,2,Infosys Center,Artificial Intelligence / ML,2,2,Both (Hybrid),85,82,8.2,Placed,13.21,On-Campus / Off-Campus Placement,57,"AWS, Docker, Data Analysis, Communication, System Design, Tableau, Python, Problem Solving, React, SQL"
STU10212,23,Male,B.Tech,2024,IIT / NIT Group (Tier 1),Information Technology,Docker & Kubernetes Developer Cert; IBM Data Science Professional; NPTEL Cloud Computing & Distributed Systems,Meta; AWS; Microsoft Azure,3,InnovateTech Startup,Cyber Security,6,1,Both (Hybrid),79,100,8.9,Placed,16.22,Direct PPO (Pre-Placement Offer),18,"Data Analysis, Machine Learning, System Design, Tableau, Java, Communication, React, SQL, AWS, Python"
STU10213,21,Male,B.Sc (CS/IT),2024,Apex Institute of Technology (Tier 2),Data Science & Artificial Intelligence,None,None,0,CyberGuard Analytics,Cyber Security,9,1,Internship Only,76,53,8.0,Placed,14.26,Direct PPO (Pre-Placement Offer),61,"Java, SQL, Python, React, Problem Solving"
STU10214,23,Male,B.Tech,2023,City Engineering College (Tier 3),Computer Science & Engineering,Docker & Kubernetes Developer Cert; TensorFlow Developer Certificate,IBM; Meta,2,None,None,0,0,Certification Only,22,49,4.0,Unplaced,0.0,Not Converted,-1,"Machine Learning, Power BI, Problem Solving, Docker, Data Analysis, Python, React"
STU10215,21,Male,BCA,2026,Apex Institute of Technology (Tier 2),Computer Science & Engineering,NPTEL Cloud Computing & Distributed Systems; AWS Certified Solutions Architect,Meta; AWS,2,Microsoft Tech,Software Engineering,6,1,Both (Hybrid),71,81,8.0,Placed,13.98,On-Campus / Off-Campus Placement,39,"SQL, Java, React, Tableau, Machine Learning, Data Analysis, Python, Communication, Git"
STU10216,22,Female,B.Tech,2024,Apex Institute of Technology (Tier 2),Computer Science & Engineering,IBM Data Science Professional; Docker & Kubernetes Developer Cert; Meta Front-End Developer Specialization,IBM; Google Cloud; Meta,3,Deloitte Consulting,Product & Business Analytics,3,2,Both (Hybrid),78,89,9.4,Placed,14.28,On-Campus / Off-Campus Placement,40,"Machine Learning, React, Java, Data Analysis, Communication, Python, Kubernetes, AWS, Docker, Power BI"
STU10217,23,Non-Binary,B.Sc (CS/IT),2026,State Tech University (Tier 2),Information Technology,None,None,0,None,None,0,0,Neither,36,56,4.4,Unplaced,0.0,Not Converted,-1,"Docker, Power BI, Communication"
STU10218,22,Female,B.Tech,2024,State Tech University (Tier 2),Information Technology,Certified Information Systems Security Professional (CISSP),Google Cloud,1,Microsoft Tech,Data Science & Analytics,6,1,Both (Hybrid),80,63,7.3,Placed,9.44,Direct PPO (Pre-Placement Offer),67,"SQL, Data Analysis, Tableau, Problem Solving, React, AWS, Docker"
STU10219,23,Male,B.Tech,2026,IIT / NIT Group (Tier 1),Computer Science & Engineering,Docker & Kubernetes Developer Cert,NPTEL,1,Google India,Software Engineering,6,1,Both (Hybrid),75,66,8.9,Placed,16.22,Direct PPO (Pre-Placement Offer),22,"Tableau, React, Power BI, Data Analysis, SQL, Kubernetes, Docker, Communication"
STU10220,23,Female,B.Tech,2025,Apex Institute of Technology (Tier 2),Data Science & Artificial Intelligence,Coursera Machine Learning Specialization; NPTEL Cloud Computing & Distributed Systems; Meta Front-End Developer Specialization,Coursera; AWS; Google Cloud,3,Amazon AWS,Cyber Security,2,2,Both (Hybrid),70,81,9.2,Placed,16.24,Internship Conversion,28,"Power BI, Problem Solving, Java, Python, Tableau, System Design, Communication, React, Kubernetes, AWS"
STU10221,22,Female,B.Tech,2026,Apex Institute of Technology (Tier 2),Computer Science & Engineering,Certified Information Systems Security Professional (CISSP); AWS Certified Solutions Architect; Coursera Machine Learning Specialization,Google Cloud; Udemy; IBM,4,Amazon AWS,Cloud & DevOps,2,2,Both (Hybrid),72,98,8.7,Placed,17.9,On-Campus / Off-Campus Placement,14,"Docker, Problem Solving, Java, Machine Learning, React, Git, Power BI, Communication, SQL, System Design"
STU10222,21,Female,B.Tech,2023,Regional Tech Institute (Tier 3),Business Analytics,AWS Certified Solutions Architect; Docker & Kubernetes Developer Cert; Meta Front-End Developer Specialization,Coursera; Microsoft Azure; Udemy,5,DataMetrics Labs,Product & Business Analytics,6,1,Both (Hybrid),69,95,8.3,Placed,13.26,Direct PPO (Pre-Placement Offer),5,"Tableau, Data Analysis, Kubernetes, React, AWS, Java, SQL, Problem Solving, Python, System Design"
STU10223,22,Male,B.Tech,2025,State Tech University (Tier 2),Business Analytics,Microsoft Certified: Azure Developer; IBM Data Science Professional; Google Professional Data Engineer,Udemy; IBM; Microsoft Azure,4,DataMetrics Labs,Product & Business Analytics,4,3,Both (Hybrid),100,90,10.0,Placed,18.0,Internship Conversion,5,"React, Python, Data Analysis, Git, Kubernetes, SQL, Problem Solving, Java, Power BI, Machine Learning"
STU10224,22,Male,B.Tech,2026,IIT / NIT Group (Tier 1),Information Technology,None,None,0,TCS Innovation Labs,Cloud & DevOps,3,2,Internship Only,87,54,9.5,Placed,15.53,On-Campus / Off-Campus Placement,39,"Data Analysis, Problem Solving, SQL, AWS, Docker, React, Tableau, Kubernetes, Machine Learning"
STU10225,21,Male,B.Tech,2023,State Tech University (Tier 2),Business Analytics,None,None,0,None,None,0,0,Neither,36,58,3.0,Placed,8.88,On-Campus / Off-Campus Placement,102,"Python, Kubernetes"
STU10226,25,Male,BCA,2023,Apex Institute of Technology (Tier 2),Electronics & Communication,None,None,0,Microsoft Tech,Product & Business Analytics,11,2,Internship Only,98,55,9.8,Placed,17.31,Direct PPO (Pre-Placement Offer),34,"Git, Data Analysis, Docker, AWS, SQL, Python, System Design, Problem Solving"
STU10227,22,Male,M.Tech,2024,Apex Institute of Technology (Tier 2),Electronics & Communication,Microsoft Certified: Azure Developer,IBM,1,Infosys Center,Software Engineering,3,1,Both (Hybrid),66,55,6.6,Placed,11.55,On-Campus / Off-Campus Placement,58,"SQL, Python, Power BI, React, Communication, Java, AWS, System Design"
STU10228,24,Male,B.Tech,2026,BITS & Top National Inst (Tier 1),Data Science & Artificial Intelligence,IBM Data Science Professional; NPTEL Cloud Computing & Distributed Systems; Meta Front-End Developer Specialization,Google Cloud; Microsoft Azure; Meta,3,Google India,Data Science & Analytics,9,3,Both (Hybrid),100,93,10.0,Placed,21.92,Direct PPO (Pre-Placement Offer),5,"Power BI, Data Analysis, Kubernetes, Docker, System Design, Java, SQL, Problem Solving, AWS, Git"
STU10229,22,Male,BCA,2025,State Tech University (Tier 2),Computer Science & Engineering,Microsoft Certified: Azure Developer; IBM Data Science Professional; Docker & Kubernetes Developer Cert,Udemy; Coursera; Meta,3,FinTech Solutions,Software Engineering,3,1,Both (Hybrid),61,83,8.3,Placed,11.15,Internship Conversion,45,"Java, Power BI, System Design, Docker, Communication, Git, AWS, Data Analysis, Problem Solving, SQL"
STU10230,23,Female,BCA,2025,State Tech University (Tier 2),Computer Science & Engineering,None,None,0,Infosys Center,Software Engineering,6,1,Internship Only,68,51,7.6,Placed,9.92,Internship Conversion,89,"AWS, System Design, Kubernetes, Tableau, React, Java"
STU10231,22,Male,B.Tech,2023,State Tech University (Tier 2),Computer Science & Engineering,TensorFlow Developer Certificate; Google Professional Data Engineer,Meta; IBM,2,Amazon AWS,Product & Business Analytics,4,3,Both (Hybrid),100,74,10.0,Placed,16.35,On-Campus / Off-Campus Placement,27,"AWS, Python, React, Docker, System Design, SQL, Problem Solving, Power BI, Data Analysis, Git"
STU10232,22,Male,B.Sc (CS/IT),2023,City Engineering College (Tier 3),Information Technology,TensorFlow Developer Certificate; Docker & Kubernetes Developer Cert; Google Professional Data Engineer,Microsoft Azure; Coursera; Google Cloud,4,Infosys Center,Artificial Intelligence / ML,2,1,Both (Hybrid),57,87,7.5,Placed,9.51,On-Campus / Off-Campus Placement,43,"Communication, AWS, Java, React, Python, Problem Solving, Machine Learning, Git, Tableau, Kubernetes"
STU10233,22,Female,B.Tech,2025,State Tech University (Tier 2),Computer Science & Engineering,Google Professional Data Engineer,NPTEL,1,Deloitte Consulting,Cyber Security,9,1,Both (Hybrid),83,57,7.7,Placed,14.62,Direct PPO (Pre-Placement Offer),30,"Docker, Tableau, React, AWS, Python, System Design, Power BI, Git"
STU10234,21,Female,BCA,2023,Apex Institute of Technology (Tier 2),Computer Science & Engineering,None,None,0,Infosys Center,Artificial Intelligence / ML,7,2,Internship Only,94,47,9.3,Placed,14.41,Direct PPO (Pre-Placement Offer),19,"Problem Solving, Git, AWS, Tableau, Communication, SQL, Java"
STU10235,23,Female,B.Tech,2025,Apex Institute of Technology (Tier 2),Data Science & Artificial Intelligence,Meta Front-End Developer Specialization,Coursera,1,CyberGuard Analytics,Artificial Intelligence / ML,11,2,Both (Hybrid),99,60,10.0,Placed,18.48,Direct PPO (Pre-Placement Offer),5,"SQL, Docker, AWS, React, Problem Solving, System Design, Git, Power BI, Communication, Java"
STU10236,22,Non-Binary,BCA,2026,Apex Institute of Technology (Tier 2),Computer Science & Engineering,IBM Data Science Professional,Google Cloud,1,Microsoft Tech,Data Science & Analytics,2,2,Both (Hybrid),75,61,8.9,Placed,11.42,On-Campus / Off-Campus Placement,59,"Tableau, System Design, Git, Kubernetes, Python, Communication, React, Problem Solving, AWS, Java"
STU10237,21,Female,BCA,2024,State Tech University (Tier 2),Data Science & Artificial Intelligence,AWS Certified Solutions Architect; Coursera Machine Learning Specialization,NPTEL; AWS,2,FinTech Solutions,Artificial Intelligence / ML,3,1,Both (Hybrid),63,96,7.8,Placed,12.36,On-Campus / Off-Campus Placement,76,"SQL, Problem Solving, Java, React, System Design, Power BI, Tableau, Communication, Machine Learning, Data Analysis"
STU10238,22,Female,B.Tech,2025,City Engineering College (Tier 3),Business Analytics,TensorFlow Developer Certificate,Coursera,1,Infosys Center,Cyber Security,2,1,Both (Hybrid),53,41,6.2,Placed,8.89,On-Campus / Off-Campus Placement,79,"Python, Java, Docker, Communication, Power BI, Data Analysis, Machine Learning"
STU10239,21,Male,B.Tech,2023,State Tech University (Tier 2),Information Technology,None,None,0,InnovateTech Startup,Product & Business Analytics,3,1,Internship Only,65,53,6.6,Placed,11.69,On-Campus / Off-Campus Placement,81,"Communication, Java, SQL, Machine Learning"
STU10240,24,Male,MBA (Tech & Analytics),2025,State Tech University (Tier 2),Information Technology,Microsoft Certified: Azure Developer; NPTEL Cloud Computing & Distributed Systems; Google Professional Data Engineer,IBM; Coursera; Google Cloud,5,Google India,Cloud & DevOps,3,1,Both (Hybrid),70,100,7.9,Placed,13.38,On-Campus / Off-Campus Placement,28,"Tableau, System Design, React, Java, Data Analysis, AWS, Kubernetes, Communication, Power BI, SQL"
STU10241,25,Male,B.Tech,2023,BITS & Top National Inst (Tier 1),Data Science & Artificial Intelligence,AWS Certified Solutions Architect; Coursera Machine Learning Specialization,Google Cloud; Meta,2,None,None,0,0,Certification Only,45,84,6.5,Placed,8.86,On-Campus / Off-Campus Placement,109,"Kubernetes, Communication, React, SQL, Java, Power BI, Python"
STU10242,24,Male,BCA,2025,State Tech University (Tier 2),Data Science & Artificial Intelligence,Microsoft Certified: Azure Developer,Coursera,1,FinTech Solutions,Cyber Security,6,1,Both (Hybrid),67,67,6.9,Placed,14.73,Direct PPO (Pre-Placement Offer),53,"Python, Docker, System Design, Git, Kubernetes, Data Analysis, AWS"
STU10243,22,Male,M.Tech,2024,State Tech University (Tier 2),Computer Science & Engineering,Certified Information Systems Security Professional (CISSP); Docker & Kubernetes Developer Cert; IBM Data Science Professional,AWS; Google Cloud; Udemy,4,None,None,0,0,Certification Only,34,93,6.1,Placed,8.9,On-Campus / Off-Campus Placement,98,"System Design, Communication, Power BI, Git, SQL, Data Analysis, Docker, AWS, Kubernetes"
STU10244,21,Female,B.Sc (CS/IT),2024,State Tech University (Tier 2),Business Analytics,None,None,0,None,None,0,0,Neither,46,40,3.7,Placed,6.42,On-Campus / Off-Campus Placement,107,"AWS, Communication, Kubernetes"
STU10245,24,Female,BCA,2025,Regional Tech Institute (Tier 3),Computer Science & Engineering,None,None,0,None,None,0,0,Neither,34,33,3.4,Unplaced,0.0,Not Converted,-1,"Java, Python, Communication"
STU10246,22,Female,B.Sc (CS/IT),2023,BITS & Top National Inst (Tier 1),Computer Science & Engineering,IBM Data Science Professional; NPTEL Cloud Computing & Distributed Systems; Certified Information Systems Security Professional (CISSP),Microsoft Azure; NPTEL; Udemy,3,Google India,Data Science & Analytics,2,2,Both (Hybrid),73,87,9.7,Placed,16.86,On-Campus / Off-Campus Placement,29,"Git, Docker, Data Analysis, Power BI, Machine Learning, Java, Tableau, System Design, AWS, Kubernetes"
STU10247,25,Male,M.Tech,2025,Apex Institute of Technology (Tier 2),Electronics & Communication,Docker & Kubernetes Developer Cert,IBM,1,Google India,Product & Business Analytics,6,1,Both (Hybrid),79,57,6.9,Placed,12.8,Direct PPO (Pre-Placement Offer),61,"Problem Solving, Machine Learning, Java, Power BI, System Design, Data Analysis, React, Tableau"
STU10248,25,Female,B.Tech,2024,Regional Tech Institute (Tier 3),Computer Science & Engineering,IBM Data Science Professional; Certified Information Systems Security Professional (CISSP); Microsoft Certified: Azure Developer,Microsoft Azure; Udemy; Coursera,3,InnovateTech Startup,Data Science & Analytics,2,1,Both (Hybrid),49,71,6.8,Placed,11.58,Internship Conversion,55,"Java, System Design, AWS, React, Data Analysis, Git, Problem Solving, SQL, Python, Power BI"
STU10249,24,Female,B.Tech,2025,IIT / NIT Group (Tier 1),Data Science & Artificial Intelligence,Certified Information Systems Security Professional (CISSP),AWS,1,Google India,Cyber Security,12,1,Both (Hybrid),97,64,9.9,Placed,18.7,Direct PPO (Pre-Placement Offer),23,"Data Analysis, AWS, Power BI, Tableau, Git, Docker, Communication"
STU10250,22,Male,B.Tech,2023,Apex Institute of Technology (Tier 2),Computer Science & Engineering,None,None,0,DataMetrics Labs,Software Engineering,2,1,Internship Only,67,48,5.7,Placed,7.6,On-Campus / Off-Campus Placement,54,"Kubernetes, React, Docker, Tableau"
STU10251,22,Female,MBA (Tech & Analytics),2025,State Tech University (Tier 2),Computer Science & Engineering,NPTEL Cloud Computing & Distributed Systems; Certified Information Systems Security Professional (CISSP),Meta; IBM,2,CyberGuard Analytics,Software Engineering,9,1,Both (Hybrid),73,72,9.3,Placed,13.97,Direct PPO (Pre-Placement Offer),26,"AWS, SQL, Data Analysis, Power BI, Java, Python, Git, Communication, Problem Solving, System Design"
STU10252,24,Male,BCA,2023,IIT / NIT Group (Tier 1),Computer Science & Engineering,None,None,0,None,None,0,0,Neither,41,54,4.1,Placed,11.09,On-Campus / Off-Campus Placement,106,"React, Data Analysis"
STU10253,22,Male,B.Tech,2024,State Tech University (Tier 2),Computer Science & Engineering,NPTEL Cloud Computing & Distributed Systems; Coursera Machine Learning Specialization; Certified Information Systems Security Professional (CISSP),Meta; IBM; AWS,3,FinTech Solutions,Data Science & Analytics,2,2,Both (Hybrid),84,89,8.9,Placed,15.26,Internship Conversion,30,"Python, SQL, Git, Java, Power BI, Problem Solving, React, Docker, Tableau, Kubernetes"
STU10254,21,Female,M.Tech,2024,Regional Tech Institute (Tier 3),Information Technology,TensorFlow Developer Certificate; Microsoft Certified: Azure Developer,Meta; Microsoft Azure,2,None,None,0,0,Certification Only,34,69,4.7,Placed,7.28,On-Campus / Off-Campus Placement,85,"SQL, Git, Tableau, Python, React"
STU10255,22,Male,B.Tech,2025,IIT / NIT Group (Tier 1),Electronics & Communication,IBM Data Science Professional; AWS Certified Solutions Architect; Google Professional Data Engineer,IBM; Coursera; Udemy,4,DataMetrics Labs,Artificial Intelligence / ML,2,1,Both (Hybrid),73,100,8.0,Placed,13.79,On-Campus / Off-Campus Placement,44,"Data Analysis, React, Python, System Design, Communication, AWS, SQL, Kubernetes, Problem Solving, Power BI"
STU10256,24,Male,B.Tech,2024,Apex Institute of Technology (Tier 2),Data Science & Artificial Intelligence,Google Professional Data Engineer; Coursera Machine Learning Specialization; Microsoft Certified: Azure Developer,AWS; Meta; Coursera,3,InnovateTech Startup,Cloud & DevOps,2,1,Both (Hybrid),55,77,7.9,Placed,10.99,On-Campus / Off-Campus Placement,62,"Kubernetes, Machine Learning, Java, SQL, Problem Solving, Data Analysis, React, Git, Docker, Power BI"
STU10257,23,Female,BCA,2026,State Tech University (Tier 2),Business Analytics,None,None,0,Deloitte Consulting,Product & Business Analytics,2,1,Internship Only,64,29,6.0,Placed,11.0,Internship Conversion,67,"Problem Solving, SQL, React, Docker, Kubernetes"
STU10258,22,Female,B.Tech,2026,City Engineering College (Tier 3),Computer Science & Engineering,Docker & Kubernetes Developer Cert; Certified Information Systems Security Professional (CISSP); Google Professional Data Engineer,Meta; NPTEL; Coursera,3,None,None,0,0,Certification Only,20,77,4.8,Unplaced,0.0,Not Converted,-1,"Docker, Problem Solving, System Design, Data Analysis, Git, Kubernetes, Tableau, AWS"
STU10259,21,Male,M.Tech,2023,IIT / NIT Group (Tier 1),Computer Science & Engineering,Docker & Kubernetes Developer Cert; Certified Information Systems Security Professional (CISSP),Coursera; Udemy,2,InnovateTech Startup,Product & Business Analytics,3,2,Both (Hybrid),95,76,10.0,Placed,18.26,Internship Conversion,24,"React, Tableau, Kubernetes, Power BI, Problem Solving, Data Analysis, Docker, System Design, Communication, SQL"
STU10260,22,Male,B.Tech,2025,Apex Institute of Technology (Tier 2),Computer Science & Engineering,NPTEL Cloud Computing & Distributed Systems; Certified Information Systems Security Professional (CISSP),NPTEL; Udemy,2,Deloitte Consulting,Artificial Intelligence / ML,3,1,Both (Hybrid),57,77,6.8,Placed,11.96,On-Campus / Off-Campus Placement,31,"Data Analysis, Docker, Problem Solving, Kubernetes, System Design, Python, Tableau, Git"
STU10261,25,Male,B.Sc (CS/IT),2023,Apex Institute of Technology (Tier 2),Information Technology,Microsoft Certified: Azure Developer; Meta Front-End Developer Specialization; Certified Information Systems Security Professional (CISSP),AWS; Udemy; IBM,3,DataMetrics Labs,Product & Business Analytics,3,2,Both (Hybrid),89,74,8.7,Placed,14.74,On-Campus / Off-Campus Placement,46,"Docker, Communication, System Design, Power BI, AWS, SQL, React, Kubernetes, Git, Tableau"
STU10262,21,Female,BCA,2024,Apex Institute of Technology (Tier 2),Data Science & Artificial Intelligence,Certified Information Systems Security Professional (CISSP); Coursera Machine Learning Specialization,Microsoft Azure; IBM,2,None,None,0,0,Certification Only,43,86,4.3,Unplaced,0.0,Not Converted,-1,"Kubernetes, System Design, Docker, Data Analysis, Power BI, Tableau"
STU10263,22,Male,B.Tech,2025,Regional Tech Institute (Tier 3),Information Technology,Docker & Kubernetes Developer Cert,NPTEL,1,TCS Innovation Labs,Cyber Security,2,2,Both (Hybrid),77,46,6.5,Placed,10.86,Internship Conversion,58,"React, System Design, Docker, Git, Communication, Java, Machine Learning, Power BI, Python, Kubernetes"
STU10264,24,Male,MBA (Tech & Analytics),2025,City Engineering College (Tier 3),Electronics & Communication,Google Professional Data Engineer; Coursera Machine Learning Specialization,Google Cloud; Meta,2,Google India,Software Engineering,3,1,Both (Hybrid),58,69,6.7,Placed,9.22,Internship Conversion,75,"Git, System Design, SQL, React, Java, Kubernetes, Tableau, AWS"
STU10265,23,Female,BCA,2025,IIT / NIT Group (Tier 1),Data Science & Artificial Intelligence,NPTEL Cloud Computing & Distributed Systems,Meta,1,None,None,0,0,Certification Only,49,68,4.6,Placed,8.54,On-Campus / Off-Campus Placement,102,"Tableau, Power BI, Git, Problem Solving"
STU10266,23,Female,B.Tech,2024,State Tech University (Tier 2),Information Technology,None,None,0,None,None,0,0,Neither,32,47,3.9,Unplaced,0.0,Not Converted,-1,"Git, Power BI"
STU10267,23,Male,B.Tech,2024,State Tech University (Tier 2),Business Analytics,AWS Certified Solutions Architect; Meta Front-End Developer Specialization,Meta; NPTEL,2,None,None,0,0,Certification Only,36,77,4.1,Placed,8.02,On-Campus / Off-Campus Placement,100,"System Design, Data Analysis, Kubernetes, AWS, Communication, Machine Learning, Problem Solving"
STU10268,22,Male,M.Tech,2023,State Tech University (Tier 2),Computer Science & Engineering,AWS Certified Solutions Architect,Microsoft Azure,1,Infosys Center,Cloud & DevOps,3,2,Both (Hybrid),85,69,7.7,Placed,14.34,On-Campus / Off-Campus Placement,54,"Docker, SQL, Java, Git, Machine Learning, Problem Solving, AWS, Python, System Design, Tableau"
STU10269,22,Female,B.Tech,2025,State Tech University (Tier 2),Data Science & Artificial Intelligence,None,None,0,None,None,0,0,Neither,39,49,3.9,Unplaced,0.0,Not Converted,-1,"Kubernetes, Problem Solving, AWS"
STU10270,23,Male,B.Tech,2025,State Tech University (Tier 2),Information Technology,None,None,0,TCS Innovation Labs,Cloud & DevOps,2,1,Internship Only,68,42,6.4,Placed,8.56,On-Campus / Off-Campus Placement,66,"Java, Problem Solving, System Design, AWS, Tableau"
STU10271,23,Male,B.Tech,2025,State Tech University (Tier 2),Information Technology,AWS Certified Solutions Architect; IBM Data Science Professional,Microsoft Azure; Udemy,2,FinTech Solutions,Product & Business Analytics,9,1,Both (Hybrid),73,74,8.5,Placed,12.76,Direct PPO (Pre-Placement Offer),38,"Power BI, Tableau, Docker, Java, Kubernetes, AWS, Problem Solving, System Design"
STU10272,24,Female,B.Tech,2024,Regional Tech Institute (Tier 3),Computer Science & Engineering,AWS Certified Solutions Architect,IBM,1,FinTech Solutions,Cloud & DevOps,2,1,Both (Hybrid),49,53,5.3,Placed,7.38,On-Campus / Off-Campus Placement,68,"Machine Learning, Kubernetes, AWS, Tableau, Power BI, Problem Solving, Python"
STU10273,24,Male,B.Sc (CS/IT),2024,IIT / NIT Group (Tier 1),Data Science & Artificial Intelligence,Meta Front-End Developer Specialization; AWS Certified Solutions Architect; Google Professional Data Engineer,AWS; Udemy; Microsoft Azure,3,Google India,Data Science & Analytics,7,2,Both (Hybrid),96,82,10.0,Placed,20.21,Direct PPO (Pre-Placement Offer),12,"Communication, AWS, Kubernetes, Git, Java, SQL, Power BI, Machine Learning, Docker, React"
STU10274,22,Female,B.Tech,2024,Regional Tech Institute (Tier 3),Data Science & Artificial Intelligence,Google Professional Data Engineer,Udemy,1,Google India,Cloud & DevOps,2,1,Both (Hybrid),50,48,6.6,Placed,6.65,Internship Conversion,71,"Docker, Problem Solving, Communication, System Design, SQL, Python"
STU10275,22,Male,B.Tech,2023,State Tech University (Tier 2),Data Science & Artificial Intelligence,Meta Front-End Developer Specialization,Google Cloud,1,FinTech Solutions,Artificial Intelligence / ML,2,1,Both (Hybrid),54,62,6.4,Placed,11.59,Internship Conversion,91,"Git, Communication, Data Analysis, SQL, Machine Learning, Python, AWS, Power BI"
STU10276,23,Male,B.Tech,2024,Apex Institute of Technology (Tier 2),Computer Science & Engineering,Meta Front-End Developer Specialization,Microsoft Azure,1,None,None,0,0,Certification Only,48,53,5.3,Placed,7.77,On-Campus / Off-Campus Placement,88,"Docker, Tableau, System Design, Problem Solving, Python"
STU10277,22,Male,B.Tech,2025,City Engineering College (Tier 3),Business Analytics,AWS Certified Solutions Architect; Google Professional Data Engineer,AWS; Meta,2,None,None,0,0,Certification Only,20,73,3.9,Unplaced,0.0,Not Converted,-1,"SQL, Git, AWS, Tableau, Problem Solving, Data Analysis, Kubernetes"
STU10278,23,Male,MBA (Tech & Analytics),2026,State Tech University (Tier 2),Electronics & Communication,Google Professional Data Engineer,Coursera,1,FinTech Solutions,Cloud & DevOps,2,1,Both (Hybrid),56,64,7.0,Placed,10.28,Internship Conversion,56,"Communication, SQL, Git, AWS, Docker, Tableau"
STU10279,23,Male,B.Tech,2025,State Tech University (Tier 2),Data Science & Artificial Intelligence,Docker & Kubernetes Developer Cert; AWS Certified Solutions Architect; Meta Front-End Developer Specialization,Udemy; NPTEL; IBM,4,Microsoft Tech,Software Engineering,2,2,Both (Hybrid),74,100,10.0,Placed,14.81,On-Campus / Off-Campus Placement,32,"Communication, Git, Docker, Data Analysis, Tableau, Power BI, SQL, System Design, Problem Solving, Java"
STU10280,24,Male,MBA (Tech & Analytics),2024,State Tech University (Tier 2),Information Technology,Coursera Machine Learning Specialization; AWS Certified Solutions Architect; Google Professional Data Engineer,NPTEL; AWS; Google Cloud,4,None,None,0,0,Certification Only,38,100,5.3,Placed,7.73,On-Campus / Off-Campus Placement,102,"AWS, React, Kubernetes, Tableau, Docker, Power BI, Git, Java, System Design, Problem Solving"
STU10281,22,Female,B.Tech,2023,State Tech University (Tier 2),Business Analytics,Certified Information Systems Security Professional (CISSP); Microsoft Certified: Azure Developer; IBM Data Science Professional,Udemy; AWS; IBM,3,FinTech Solutions,Cloud & DevOps,3,1,Both (Hybrid),68,86,7.7,Placed,12.93,On-Campus / Off-Campus Placement,70,"Docker, Power BI, Git, Java, Problem Solving, AWS, SQL, Python, React, Tableau"
STU10282,22,Non-Binary,B.Tech,2026,Regional Tech Institute (Tier 3),Computer Science & Engineering,Microsoft Certified: Azure Developer; Coursera Machine Learning Specialization; Certified Information Systems Security Professional (CISSP),IBM; Microsoft Azure; Google Cloud,4,TCS Innovation Labs,Cyber Security,7,2,Both (Hybrid),87,95,10.0,Placed,11.95,Direct PPO (Pre-Placement Offer),5,"Git, Power BI, Java, Communication, AWS, Machine Learning, Tableau, Kubernetes, Docker, Problem Solving"
STU10283,21,Female,M.Tech,2023,City Engineering College (Tier 3),Computer Science & Engineering,Google Professional Data Engineer,Udemy,1,Deloitte Consulting,Data Science & Analytics,4,3,Both (Hybrid),90,56,9.2,Placed,15.22,Internship Conversion,36,"Java, Communication, Kubernetes, System Design, Data Analysis, SQL, Tableau, AWS, Machine Learning, React"
STU10284,22,Female,B.Tech,2026,IIT / NIT Group (Tier 1),Data Science & Artificial Intelligence,AWS Certified Solutions Architect; Meta Front-End Developer Specialization,Microsoft Azure; AWS,2,Amazon AWS,Data Science & Analytics,4,3,Both (Hybrid),100,80,10.0,Placed,17.82,Internship Conversion,5,"System Design, Tableau, Java, Data Analysis, SQL, Machine Learning, Communication, Python, Power BI, React"
STU10285,21,Male,B.Sc (CS/IT),2024,IIT / NIT Group (Tier 1),Electronics & Communication,AWS Certified Solutions Architect; Coursera Machine Learning Specialization,Google Cloud; Udemy,2,Amazon AWS,Artificial Intelligence / ML,3,2,Both (Hybrid),85,84,9.4,Placed,16.76,On-Campus / Off-Campus Placement,43,"React, Tableau, Power BI, AWS, Python, System Design, Data Analysis, Machine Learning, Communication, SQL"
STU10286,22,Female,MBA (Tech & Analytics),2024,State Tech University (Tier 2),Computer Science & Engineering,Microsoft Certified: Azure Developer; Meta Front-End Developer Specialization,NPTEL; AWS,2,None,None,0,0,Certification Only,38,78,5.3,Placed,8.46,On-Campus / Off-Campus Placement,124,"Power BI, React, Machine Learning, Problem Solving, System Design, Kubernetes"
STU10287,22,Male,B.Tech,2026,IIT / NIT Group (Tier 1),Cyber Security,Docker & Kubernetes Developer Cert; Google Professional Data Engineer; IBM Data Science Professional,Coursera; Google Cloud; AWS,3,Infosys Center,Data Science & Analytics,15,2,Both (Hybrid),100,90,10.0,Placed,24.91,Direct PPO (Pre-Placement Offer),5,"Tableau, Python, Java, Data Analysis, SQL, Kubernetes, Machine Learning, Problem Solving, Power BI, AWS"
STU10288,22,Female,B.Tech,2023,Apex Institute of Technology (Tier 2),Data Science & Artificial Intelligence,Meta Front-End Developer Specialization; Google Professional Data Engineer,AWS; Meta,2,Deloitte Consulting,Cloud & DevOps,3,2,Both (Hybrid),73,78,8.5,Placed,15.97,On-Campus / Off-Campus Placement,57,"Communication, Problem Solving, Docker, AWS, Tableau, Data Analysis, React, Git, Python, Machine Learning"
STU10289,22,Non-Binary,B.Sc (CS/IT),2025,BITS & Top National Inst (Tier 1),Data Science & Artificial Intelligence,TensorFlow Developer Certificate; Google Professional Data Engineer; Certified Information Systems Security Professional (CISSP),Microsoft Azure; Coursera; NPTEL,5,Deloitte Consulting,Artificial Intelligence / ML,12,1,Both (Hybrid),89,100,10.0,Placed,19.23,Direct PPO (Pre-Placement Offer),5,"Java, System Design, Communication, Data Analysis, Problem Solving, Docker, Python, Git, Power BI, Tableau"
STU10290,21,Female,B.Tech,2025,State Tech University (Tier 2),Computer Science & Engineering,Docker & Kubernetes Developer Cert,AWS,1,None,None,0,0,Certification Only,38,66,4.7,Placed,7.47,On-Campus / Off-Campus Placement,128,"AWS, Data Analysis, Docker, Communication, Python"
STU10291,21,Non-Binary,B.Tech,2024,IIT / NIT Group (Tier 1),Computer Science & Engineering,AWS Certified Solutions Architect; Docker & Kubernetes Developer Cert; Meta Front-End Developer Specialization,Coursera; Udemy; Microsoft Azure,3,Amazon AWS,Software Engineering,2,1,Both (Hybrid),71,94,7.1,Placed,13.66,Internship Conversion,49,"Java, React, SQL, Python, Machine Learning, Docker, Data Analysis, AWS, Power BI, Git"
STU10292,23,Female,B.Tech,2024,State Tech University (Tier 2),Electronics & Communication,Meta Front-End Developer Specialization; AWS Certified Solutions Architect,Coursera; IBM,2,None,None,0,0,Certification Only,51,70,5.3,Placed,9.5,On-Campus / Off-Campus Placement,94,"Machine Learning, React, Tableau, Docker, SQL"
STU10293,22,Male,B.Tech,2025,Apex Institute of Technology (Tier 2),Cyber Security,Certified Information Systems Security Professional (CISSP); TensorFlow Developer Certificate,NPTEL; Coursera,2,Microsoft Tech,Product & Business Analytics,3,1,Both (Hybrid),59,58,7.7,Placed,12.06,On-Campus / Off-Campus Placement,82,"Docker, Tableau, React, AWS, Python, Problem Solving, Communication, Git, Machine Learning"
STU10294,21,Male,B.Sc (CS/IT),2025,State Tech University (Tier 2),Data Science & Artificial Intelligence,Google Professional Data Engineer,Coursera,1,FinTech Solutions,Product & Business Analytics,7,2,Both (Hybrid),84,64,10.0,Placed,15.45,Internship Conversion,26,"Java, Git, Docker, Machine Learning, SQL, Problem Solving, React, AWS, Python, Tableau"
STU10295,22,Female,B.Tech,2023,Regional Tech Institute (Tier 3),Cyber Security,Docker & Kubernetes Developer Cert; Google Professional Data Engineer; NPTEL Cloud Computing & Distributed Systems,Coursera; Meta; AWS,3,DataMetrics Labs,Product & Business Analytics,3,2,Both (Hybrid),76,74,8.1,Placed,11.83,On-Campus / Off-Campus Placement,31,"Machine Learning, Problem Solving, AWS, Tableau, Git, Power BI, Docker, Kubernetes, Data Analysis, React"
STU10296,23,Male,B.Tech,2026,City Engineering College (Tier 3),Electronics & Communication,AWS Certified Solutions Architect; Docker & Kubernetes Developer Cert; Meta Front-End Developer Specialization,Google Cloud; Microsoft Azure; Udemy,4,Deloitte Consulting,Data Science & Analytics,3,2,Both (Hybrid),73,86,10.0,Placed,11.75,On-Campus / Off-Campus Placement,35,"Communication, Power BI, React, System Design, Machine Learning, Docker, Python, AWS, Git, Tableau"
STU10297,21,Female,BCA,2023,State Tech University (Tier 2),Data Science & Artificial Intelligence,AWS Certified Solutions Architect,Coursera,1,CyberGuard Analytics,Data Science & Analytics,2,1,Both (Hybrid),69,58,7.1,Placed,11.76,Internship Conversion,101,"Data Analysis, Kubernetes, Problem Solving, SQL, Docker, Machine Learning, Communication"
STU10298,22,Non-Binary,B.Tech,2024,IIT / NIT Group (Tier 1),Information Technology,AWS Certified Solutions Architect; Google Professional Data Engineer,IBM; Meta,2,CyberGuard Analytics,Software Engineering,2,1,Both (Hybrid),79,89,7.9,Placed,15.19,On-Campus / Off-Campus Placement,56,"Data Analysis, AWS, Tableau, Power BI, Docker, Communication, Kubernetes, Git, Machine Learning"
STU10299,21,Male,B.Tech,2024,City Engineering College (Tier 3),Data Science & Artificial Intelligence,IBM Data Science Professional,NPTEL,1,Microsoft Tech,Cyber Security,3,3,Both (Hybrid),98,51,9.4,Placed,12.48,On-Campus / Off-Campus Placement,7,"Problem Solving, Data Analysis, System Design, SQL, Machine Learning, Java, React, Docker, Git, Kubernetes"
STU10300,21,Female,B.Sc (CS/IT),2023,City Engineering College (Tier 3),Data Science & Artificial Intelligence,Docker & Kubernetes Developer Cert; NPTEL Cloud Computing & Distributed Systems; Certified Information Systems Security Professional (CISSP),NPTEL; Udemy; Meta,5,Infosys Center,Cloud & DevOps,6,1,Both (Hybrid),64,100,8.9,Placed,12.98,Direct PPO (Pre-Placement Offer),25,"AWS, SQL, Problem Solving, Java, Power BI, Communication, Machine Learning, Kubernetes, React, Python"
STU10301,22,Female,B.Tech,2023,City Engineering College (Tier 3),Computer Science & Engineering,Certified Information Systems Security Professional (CISSP),Microsoft Azure,1,InnovateTech Startup,Product & Business Analytics,2,2,Both (Hybrid),74,36,7.4,Placed,12.25,On-Campus / Off-Campus Placement,40,"Machine Learning, Git, React, Tableau, Java, Data Analysis, System Design, Communication, Problem Solving, SQL"
STU10302,22,Female,B.Sc (CS/IT),2026,BITS & Top National Inst (Tier 1),Information Technology,Certified Information Systems Security Professional (CISSP),Coursera,1,Deloitte Consulting,Cloud & DevOps,2,2,Both (Hybrid),96,66,9.2,Placed,14.67,Internship Conversion,38,"Tableau, Python, Problem Solving, Kubernetes, Git, Data Analysis, AWS, Java, Machine Learning"
STU10303,22,Female,M.Tech,2024,Regional Tech Institute (Tier 3),Computer Science & Engineering,IBM Data Science Professional,Coursera,1,TCS Innovation Labs,Cloud & DevOps,9,1,Both (Hybrid),74,47,7.6,Placed,10.27,Direct PPO (Pre-Placement Offer),22,"System Design, Problem Solving, Tableau, Java, Machine Learning, Kubernetes, Power BI, Git"
STU10304,23,Female,B.Tech,2023,State Tech University (Tier 2),Electronics & Communication,NPTEL Cloud Computing & Distributed Systems; Coursera Machine Learning Specialization,Coursera; Google Cloud,2,Deloitte Consulting,Product & Business Analytics,9,3,Both (Hybrid),100,76,10.0,Placed,17.79,Internship Conversion,5,"AWS, Docker, Data Analysis, Problem Solving, System Design, Git, React, Kubernetes, Communication, SQL"
STU10305,25,Non-Binary,BCA,2023,Apex Institute of Technology (Tier 2),Electronics & Communication,None,None,0,InnovateTech Startup,Cloud & DevOps,6,1,Internship Only,74,54,7.5,Placed,9.72,Internship Conversion,67,"Communication, System Design, Kubernetes, Python, Power BI"
STU10306,22,Female,B.Tech,2025,City Engineering College (Tier 3),Computer Science & Engineering,TensorFlow Developer Certificate; IBM Data Science Professional,Udemy; AWS,2,Amazon AWS,Artificial Intelligence / ML,9,1,Both (Hybrid),71,62,8.8,Placed,9.67,Direct PPO (Pre-Placement Offer),66,"React, AWS, Machine Learning, Communication, Power BI, Git, Docker, Python, Data Analysis, SQL"
STU10307,22,Male,B.Tech,2026,BITS & Top National Inst (Tier 1),Computer Science & Engineering,Meta Front-End Developer Specialization; TensorFlow Developer Certificate; Google Professional Data Engineer,Meta; NPTEL; AWS,4,CyberGuard Analytics,Software Engineering,2,1,Both (Hybrid),79,100,8.7,Placed,13.72,On-Campus / Off-Campus Placement,51,"Tableau, Power BI, React, Docker, Java, Python, Communication, Git, SQL, AWS"
STU10308,23,Male,M.Tech,2024,City Engineering College (Tier 3),Data Science & Artificial Intelligence,Coursera Machine Learning Specialization; NPTEL Cloud Computing & Distributed Systems; AWS Certified Solutions Architect,Google Cloud; Coursera; AWS,3,InnovateTech Startup,Artificial Intelligence / ML,2,2,Both (Hybrid),62,73,8.1,Placed,13.06,Internship Conversion,48,"AWS, Java, Kubernetes, Tableau, Git, Power BI, Docker, SQL, Communication, Python"
STU10309,22,Female,M.Tech,2023,State Tech University (Tier 2),Data Science & Artificial Intelligence,None,None,0,Google India,Cyber Security,11,2,Internship Only,100,44,10.0,Placed,18.14,Direct PPO (Pre-Placement Offer),34,"Python, SQL, Problem Solving, Communication, Java, Docker, Tableau, AWS, System Design"
STU10310,22,Male,B.Tech,2024,Regional Tech Institute (Tier 3),Computer Science & Engineering,Coursera Machine Learning Specialization; Meta Front-End Developer Specialization; TensorFlow Developer Certificate,Microsoft Azure; Udemy; IBM,5,CyberGuard Analytics,Software Engineering,3,1,Both (Hybrid),37,95,7.2,Placed,11.14,On-Campus / Off-Campus Placement,31,"Git, Machine Learning, React, Tableau, System Design, Problem Solving, Python, AWS, Communication, Data Analysis"
STU10311,21,Female,BCA,2023,State Tech University (Tier 2),Data Science & Artificial Intelligence,IBM Data Science Professional; Google Professional Data Engineer,AWS; Microsoft Azure,2,None,None,0,0,Certification Only,32,61,5.0,Placed,7.9,On-Campus / Off-Campus Placement,106,"Tableau, SQL, Problem Solving, Docker, Git, Java"
STU10312,21,Female,M.Tech,2023,Regional Tech Institute (Tier 3),Computer Science & Engineering,None,None,0,CyberGuard Analytics,Data Science & Analytics,12,1,Internship Only,83,34,8.9,Placed,11.03,Direct PPO (Pre-Placement Offer),38,"React, Problem Solving, Python, AWS, Docker"
STU10313,25,Male,MBA (Tech & Analytics),2024,IIT / NIT Group (Tier 1),Computer Science & Engineering,None,None,0,Infosys Center,Cyber Security,3,3,Internship Only,100,51,9.8,Placed,18.38,On-Campus / Off-Campus Placement,19,"Data Analysis, SQL, Problem Solving, React, Machine Learning, Python, Java, Tableau, System Design, Kubernetes"
STU10314,23,Female,BCA,2024,Apex Institute of Technology (Tier 2),Computer Science & Engineering,None,None,0,None,None,0,0,Neither,43,44,3.7,Unplaced,0.0,Not Converted,-1,"SQL, React"
STU10315,23,Female,B.Tech,2025,State Tech University (Tier 2),Computer Science & Engineering,Meta Front-End Developer Specialization; NPTEL Cloud Computing & Distributed Systems; TensorFlow Developer Certificate,Microsoft Azure; Google Cloud; IBM,3,CyberGuard Analytics,Software Engineering,2,1,Both (Hybrid),54,78,6.9,Placed,13.52,Internship Conversion,29,"AWS, Docker, Git, Machine Learning, Problem Solving, Power BI, Data Analysis, System Design, Tableau, Python"
STU10316,22,Male,B.Tech,2024,State Tech University (Tier 2),Electronics & Communication,None,None,0,CyberGuard Analytics,Artificial Intelligence / ML,3,1,Internship Only,57,50,6.4,Placed,11.91,Internship Conversion,64,"Java, Data Analysis, Tableau, Python, Communication, React"
STU10317,21,Male,MBA (Tech & Analytics),2026,BITS & Top National Inst (Tier 1),Cyber Security,AWS Certified Solutions Architect,Microsoft Azure,1,FinTech Solutions,Product & Business Analytics,9,3,Both (Hybrid),100,68,10.0,Placed,22.32,Direct PPO (Pre-Placement Offer),5,"Kubernetes, AWS, Data Analysis, System Design, Git, React, Python, Communication, Machine Learning, Tableau"
STU10318,21,Male,B.Tech,2026,Apex Institute of Technology (Tier 2),Data Science & Artificial Intelligence,Meta Front-End Developer Specialization; Docker & Kubernetes Developer Cert; TensorFlow Developer Certificate,Microsoft Azure; NPTEL; AWS,3,DataMetrics Labs,Data Science & Analytics,2,1,Both (Hybrid),57,87,6.9,Placed,12.2,Internship Conversion,58,"Problem Solving, Data Analysis, Git, Docker, Python, Kubernetes, Communication, Power BI, Tableau, Java"
STU10319,22,Male,BCA,2025,BITS & Top National Inst (Tier 1),Data Science & Artificial Intelligence,TensorFlow Developer Certificate; NPTEL Cloud Computing & Distributed Systems,Google Cloud; Microsoft Azure,2,Amazon AWS,Product & Business Analytics,6,1,Both (Hybrid),81,82,8.5,Placed,15.48,Internship Conversion,51,"Machine Learning, AWS, Kubernetes, SQL, Data Analysis, Tableau, System Design, Python"
STU10320,22,Female,B.Tech,2024,Apex Institute of Technology (Tier 2),Computer Science & Engineering,Google Professional Data Engineer; NPTEL Cloud Computing & Distributed Systems; Meta Front-End Developer Specialization,AWS; Microsoft Azure; IBM,3,None,None,0,0,Certification Only,40,86,5.7,Placed,8.66,On-Campus / Off-Campus Placement,67,"AWS, Power BI, Data Analysis, Git, Docker, SQL, Problem Solving"
STU10321,23,Male,B.Tech,2024,State Tech University (Tier 2),Data Science & Artificial Intelligence,Google Professional Data Engineer; Meta Front-End Developer Specialization,Coursera; NPTEL,2,DataMetrics Labs,Data Science & Analytics,2,2,Both (Hybrid),88,78,8.4,Placed,14.71,Internship Conversion,5,"Communication, Kubernetes, Java, System Design, Python, Machine Learning, AWS, Power BI, SQL, Git"
STU10322,23,Female,B.Tech,2024,Regional Tech Institute (Tier 3),Computer Science & Engineering,None,None,0,TCS Innovation Labs,Cyber Security,3,1,Internship Only,56,25,5.9,Placed,6.43,On-Campus / Off-Campus Placement,100,"System Design, Kubernetes, Data Analysis, AWS, React"
STU10323,22,Male,MBA (Tech & Analytics),2025,IIT / NIT Group (Tier 1),Information Technology,IBM Data Science Professional; Meta Front-End Developer Specialization; Docker & Kubernetes Developer Cert,Coursera; NPTEL; Microsoft Azure,3,Microsoft Tech,Cloud & DevOps,2,1,Both (Hybrid),66,88,6.9,Placed,13.22,Internship Conversion,89,"Python, Tableau, Problem Solving, Machine Learning, React, Communication, Data Analysis, AWS, Git, Kubernetes"
STU10324,25,Male,B.Tech,2024,BITS & Top National Inst (Tier 1),Business Analytics,Docker & Kubernetes Developer Cert,NPTEL,1,Microsoft Tech,Software Engineering,2,1,Both (Hybrid),61,60,7.1,Placed,14.51,On-Campus / Off-Campus Placement,91,"Problem Solving, AWS, Communication, Docker, Machine Learning, Tableau, Java"
STU10325,23,Female,BCA,2026,BITS & Top National Inst (Tier 1),Computer Science & Engineering,Docker & Kubernetes Developer Cert; Certified Information Systems Security Professional (CISSP),Coursera; IBM,2,TCS Innovation Labs,Software Engineering,3,1,Both (Hybrid),71,75,7.4,Placed,13.4,On-Campus / Off-Campus Placement,67,"Docker, System Design, Data Analysis, Machine Learning, Python, Communication, SQL, Java, Power BI, Tableau"
STU10326,22,Female,B.Tech,2026,State Tech University (Tier 2),Electronics & Communication,Google Professional Data Engineer; Docker & Kubernetes Developer Cert,IBM; AWS,2,FinTech Solutions,Artificial Intelligence / ML,15,2,Both (Hybrid),100,66,10.0,Placed,18.62,Internship Conversion,5,"Tableau, Data Analysis, SQL, Java, React, Machine Learning, System Design, Docker, Problem Solving, Communication"
STU10327,22,Male,B.Tech,2024,BITS & Top National Inst (Tier 1),Computer Science & Engineering,None,None,0,FinTech Solutions,Cyber Security,6,1,Internship Only,70,44,8.3,Placed,15.06,Direct PPO (Pre-Placement Offer),52,"Docker, Git, System Design, Data Analysis"
STU10328,22,Male,B.Tech,2025,State Tech University (Tier 2),Data Science & Artificial Intelligence,NPTEL Cloud Computing & Distributed Systems; Google Professional Data Engineer; Coursera Machine Learning Specialization,Microsoft Azure; Meta; AWS,5,Microsoft Tech,Cloud & DevOps,3,1,Both (Hybrid),49,100,8.4,Placed,14.34,Internship Conversion,49,"Kubernetes, Docker, React, Data Analysis, Communication, Power BI, System Design, Machine Learning, Git, Tableau"
STU10329,21,Male,BCA,2023,City Engineering College (Tier 3),Computer Science & Engineering,Coursera Machine Learning Specialization,Udemy,1,CyberGuard Analytics,Cyber Security,2,2,Both (Hybrid),76,55,7.8,Placed,9.26,On-Campus / Off-Campus Placement,51,"System Design, Docker, Machine Learning, SQL, Java, Git, Python, Power BI, Kubernetes"
STU10330,22,Male,B.Tech,2024,Apex Institute of Technology (Tier 2),Data Science & Artificial Intelligence,None,None,0,Infosys Center,Cyber Security,2,2,Internship Only,77,47,7.3,Placed,11.22,On-Campus / Off-Campus Placement,65,"Problem Solving, AWS, Kubernetes, Python, System Design, Data Analysis, SQL, Tableau"
STU10331,23,Female,B.Tech,2024,Apex Institute of Technology (Tier 2),Computer Science & Engineering,TensorFlow Developer Certificate; Certified Information Systems Security Professional (CISSP); Coursera Machine Learning Specialization,Microsoft Azure; Coursera; AWS,4,None,None,0,0,Certification Only,39,91,5.8,Placed,7.58,On-Campus / Off-Campus Placement,103,"Problem Solving, Power BI, Machine Learning, Data Analysis, AWS, SQL, Python, Tableau, Communication, Java"
STU10332,21,Male,B.Tech,2024,IIT / NIT Group (Tier 1),Data Science & Artificial Intelligence,AWS Certified Solutions Architect; Microsoft Certified: Azure Developer,Meta; Coursera,2,None,None,0,0,Certification Only,43,75,6.5,Unplaced,0.0,Not Converted,-1,"Docker, AWS, Tableau, Python, Git, Java"
STU10333,21,Male,B.Tech,2026,Apex Institute of Technology (Tier 2),Data Science & Artificial Intelligence,Certified Information Systems Security Professional (CISSP); IBM Data Science Professional,Udemy; Meta,2,Infosys Center,Software Engineering,3,2,Both (Hybrid),65,70,8.3,Placed,14.66,On-Campus / Off-Campus Placement,21,"SQL, Power BI, Kubernetes, Git, Tableau, Docker, React, Problem Solving, Java, Communication"
STU10334,21,Male,MBA (Tech & Analytics),2023,BITS & Top National Inst (Tier 1),Computer Science & Engineering,AWS Certified Solutions Architect; TensorFlow Developer Certificate,AWS; Google Cloud,2,None,None,0,0,Certification Only,57,75,5.0,Placed,9.43,On-Campus / Off-Campus Placement,69,"Git, Machine Learning, Data Analysis, Docker, System Design, Python, Kubernetes"
STU10335,21,Female,MBA (Tech & Analytics),2024,Apex Institute of Technology (Tier 2),Information Technology,NPTEL Cloud Computing & Distributed Systems; TensorFlow Developer Certificate; AWS Certified Solutions Architect,Google Cloud; Coursera; Udemy,3,Microsoft Tech,Cloud & DevOps,4,3,Both (Hybrid),100,79,10.0,Placed,16.77,On-Campus / Off-Campus Placement,5,"Power BI, Problem Solving, Kubernetes, Tableau, Java, SQL, Machine Learning, Communication, Git, Data Analysis"
STU10336,24,Non-Binary,B.Tech,2025,State Tech University (Tier 2),Business Analytics,None,None,0,Deloitte Consulting,Data Science & Analytics,2,1,Internship Only,65,44,7.3,Placed,9.82,On-Campus / Off-Campus Placement,57,"AWS, Git, Data Analysis, Problem Solving"
STU10337,23,Male,BCA,2025,State Tech University (Tier 2),Data Science & Artificial Intelligence,Docker & Kubernetes Developer Cert,Google Cloud,1,TCS Innovation Labs,Software Engineering,2,2,Both (Hybrid),84,67,7.8,Placed,14.34,On-Campus / Off-Campus Placement,45,"AWS, Kubernetes, Git, Docker, Java, Power BI, Machine Learning, Data Analysis, SQL, Problem Solving"
STU10338,22,Female,M.Tech,2024,State Tech University (Tier 2),Computer Science & Engineering,TensorFlow Developer Certificate,Coursera,1,TCS Innovation Labs,Data Science & Analytics,3,2,Both (Hybrid),82,55,8.5,Placed,15.89,Internship Conversion,42,"Git, AWS, System Design, Power BI, React, Machine Learning, Docker, SQL, Python, Tableau"
STU10339,21,Male,B.Tech,2026,City Engineering College (Tier 3),Computer Science & Engineering,None,None,0,TCS Innovation Labs,Product & Business Analytics,6,1,Internship Only,59,46,6.9,Placed,10.28,Direct PPO (Pre-Placement Offer),80,"Python, SQL, Docker, Kubernetes, Data Analysis, React"
STU10340,22,Male,B.Sc (CS/IT),2025,BITS & Top National Inst (Tier 1),Electronics & Communication,Meta Front-End Developer Specialization; Google Professional Data Engineer,AWS; NPTEL,2,Infosys Center,Cyber Security,12,1,Both (Hybrid),100,79,9.9,Placed,16.84,Internship Conversion,41,"System Design, SQL, Python, Git, Kubernetes, Problem Solving, AWS, Java, Communication, Tableau"
STU10341,22,Female,MBA (Tech & Analytics),2024,Apex Institute of Technology (Tier 2),Data Science & Artificial Intelligence,Google Professional Data Engineer,Meta,1,Infosys Center,Cloud & DevOps,2,1,Both (Hybrid),53,48,6.2,Placed,9.26,On-Campus / Off-Campus Placement,75,"Python, Java, React, Git, Kubernetes, Data Analysis, Power BI"
STU10342,21,Female,B.Tech,2023,BITS & Top National Inst (Tier 1),Data Science & Artificial Intelligence,NPTEL Cloud Computing & Distributed Systems,AWS,1,TCS Innovation Labs,Cloud & DevOps,11,2,Both (Hybrid),100,60,10.0,Placed,21.74,On-Campus / Off-Campus Placement,5,"System Design, AWS, Git, React, Machine Learning, Power BI, SQL, Java, Problem Solving"
STU10343,22,Female,B.Tech,2024,Apex Institute of Technology (Tier 2),Computer Science & Engineering,None,None,0,FinTech Solutions,Product & Business Analytics,2,1,Internship Only,63,44,7.0,Placed,9.81,Internship Conversion,64,"Docker, Problem Solving, Communication, React, Machine Learning"
STU10344,22,Female,MBA (Tech & Analytics),2025,City Engineering College (Tier 3),Data Science & Artificial Intelligence,Certified Information Systems Security Professional (CISSP); Microsoft Certified: Azure Developer,IBM; NPTEL,2,None,None,0,0,Certification Only,20,65,4.6,Unplaced,0.0,Not Converted,-1,"AWS, React, Power BI, Java, System Design"
STU10345,22,Male,BCA,2025,State Tech University (Tier 2),Computer Science & Engineering,TensorFlow Developer Certificate; Google Professional Data Engineer; Microsoft Certified: Azure Developer,AWS; Meta; Coursera,3,TCS Innovation Labs,Data Science & Analytics,2,1,Both (Hybrid),65,75,6.5,Placed,13.62,On-Campus / Off-Campus Placement,60,"Python, React, Git, SQL, Tableau, Machine Learning, Java, AWS, Communication, System Design"
STU10346,22,Female,B.Tech,2025,State Tech University (Tier 2),Business Analytics,Docker & Kubernetes Developer Cert,IBM,1,FinTech Solutions,Data Science & Analytics,3,1,Both (Hybrid),58,58,6.7,Placed,12.19,On-Campus / Off-Campus Placement,67,"Problem Solving, AWS, Kubernetes, System Design, Docker, Communication, React, Git"
STU10347,21,Male,B.Tech,2024,Regional Tech Institute (Tier 3),Business Analytics,TensorFlow Developer Certificate; AWS Certified Solutions Architect,IBM; AWS,2,None,None,0,0,Certification Only,32,77,3.4,Unplaced,0.0,Not Converted,-1,"Tableau, Kubernetes, Power BI, AWS, Data Analysis"
STU10348,22,Female,B.Tech,2023,State Tech University (Tier 2),Computer Science & Engineering,AWS Certified Solutions Architect,Microsoft Azure,1,Microsoft Tech,Cloud & DevOps,6,1,Both (Hybrid),66,50,7.9,Placed,12.28,On-Campus / Off-Campus Placement,44,"Power BI, Kubernetes, Python, Communication, Git, Docker"
STU10349,22,Male,BCA,2023,State Tech University (Tier 2),Data Science & Artificial Intelligence,Google Professional Data Engineer; Docker & Kubernetes Developer Cert,AWS; IBM,2,None,None,0,0,Certification Only,22,74,5.6,Placed,8.58,On-Campus / Off-Campus Placement,105,"Communication, Data Analysis, Java, Git, Kubernetes, Power BI, System Design"
STU10350,22,Female,B.Sc (CS/IT),2024,Apex Institute of Technology (Tier 2),Computer Science & Engineering,None,None,0,Amazon AWS,Software Engineering,15,2,Internship Only,100,48,10.0,Placed,17.07,Direct PPO (Pre-Placement Offer),5,"Machine Learning, Tableau, Kubernetes, Python, Problem Solving, Data Analysis, System Design"
STU10351,24,Male,MBA (Tech & Analytics),2025,Apex Institute of Technology (Tier 2),Data Science & Artificial Intelligence,Certified Information Systems Security Professional (CISSP),Coursera,1,None,None,0,0,Certification Only,39,58,4.7,Unplaced,0.0,Not Converted,-1,"Power BI, React, Kubernetes, Docker, Tableau"
STU10352,23,Male,B.Tech,2025,IIT / NIT Group (Tier 1),Business Analytics,Coursera Machine Learning Specialization; Meta Front-End Developer Specialization,Google Cloud; Microsoft Azure,2,InnovateTech Startup,Cyber Security,3,1,Both (Hybrid),73,82,7.6,Unplaced,0.0,Not Converted,-1,"AWS, Java, Problem Solving, Power BI, React, Data Analysis, Communication, Python"
STU10353,21,Female,BCA,2024,City Engineering College (Tier 3),Data Science & Artificial Intelligence,Coursera Machine Learning Specialization; AWS Certified Solutions Architect; NPTEL Cloud Computing & Distributed Systems,Coursera; IBM; AWS,4,Infosys Center,Artificial Intelligence / ML,2,2,Both (Hybrid),76,90,8.5,Placed,11.46,On-Campus / Off-Campus Placement,28,"AWS, System Design, Docker, Kubernetes, React, SQL, Git, Tableau, Python, Java"
STU10354,21,Male,BCA,2024,State Tech University (Tier 2),Computer Science & Engineering,NPTEL Cloud Computing & Distributed Systems,NPTEL,1,DataMetrics Labs,Cloud & DevOps,3,2,Both (Hybrid),80,58,8.0,Placed,14.72,On-Campus / Off-Campus Placement,12,"System Design, AWS, Java, Machine Learning, SQL, Problem Solving, Python, Kubernetes, Communication"
STU10355,22,Male,B.Tech,2024,IIT / NIT Group (Tier 1),Computer Science & Engineering,Certified Information Systems Security Professional (CISSP); Meta Front-End Developer Specialization; Google Professional Data Engineer,Udemy; Meta; Coursera,3,FinTech Solutions,Cloud & DevOps,3,1,Both (Hybrid),82,100,8.2,Placed,16.51,Internship Conversion,66,"SQL, Java, Power BI, Problem Solving, Git, Data Analysis, Docker, Python, AWS, System Design"
STU10356,21,Male,B.Tech,2024,Apex Institute of Technology (Tier 2),Electronics & Communication,Google Professional Data Engineer; Microsoft Certified: Azure Developer,Udemy; Meta,2,TCS Innovation Labs,Software Engineering,2,1,Both (Hybrid),68,59,6.2,Unplaced,0.0,Not Converted,-1,"System Design, Python, Tableau, AWS, Docker, SQL, Java, Problem Solving, React"
STU10357,22,Male,MBA (Tech & Analytics),2024,State Tech University (Tier 2),Information Technology,Coursera Machine Learning Specialization; Certified Information Systems Security Professional (CISSP); Microsoft Certified: Azure Developer,IBM; Meta; AWS,4,Infosys Center,Cyber Security,2,1,Both (Hybrid),65,100,7.3,Placed,12.41,Internship Conversion,33,"Tableau, Java, Power BI, SQL, Kubernetes, System Design, React, Data Analysis, Problem Solving, Git"
STU10358,24,Male,M.Tech,2023,IIT / NIT Group (Tier 1),Data Science & Artificial Intelligence,NPTEL Cloud Computing & Distributed Systems,Google Cloud,1,None,None,0,0,Certification Only,50,50,4.7,Placed,13.56,On-Campus / Off-Campus Placement,84,"Kubernetes, AWS, Java, Git, Data Analysis"
STU10359,22,Male,B.Tech,2023,Apex Institute of Technology (Tier 2),Computer Science & Engineering,Coursera Machine Learning Specialization,NPTEL,1,Google India,Cloud & DevOps,12,1,Both (Hybrid),85,47,8.9,Placed,13.71,Direct PPO (Pre-Placement Offer),56,"Data Analysis, Tableau, Kubernetes, Git, Machine Learning, Power BI, SQL"
STU10360,22,Female,BCA,2023,City Engineering College (Tier 3),Computer Science & Engineering,AWS Certified Solutions Architect; TensorFlow Developer Certificate; NPTEL Cloud Computing & Distributed Systems,Google Cloud; Udemy; Coursera,3,Deloitte Consulting,Cloud & DevOps,6,1,Both (Hybrid),65,81,8.1,Placed,12.97,Direct PPO (Pre-Placement Offer),52,"AWS, Python, Data Analysis, Machine Learning, Git, Communication, Problem Solving, Docker, System Design, Java"
STU10361,22,Male,B.Tech,2023,City Engineering College (Tier 3),Cyber Security,None,None,0,Infosys Center,Cyber Security,2,2,Internship Only,70,47,7.0,Placed,8.68,On-Campus / Off-Campus Placement,64,"Communication, Problem Solving, SQL, Machine Learning, Power BI, React, Java, System Design"
STU10362,22,Female,BCA,2023,Regional Tech Institute (Tier 3),Data Science & Artificial Intelligence,None,None,0,Amazon AWS,Software Engineering,6,1,Internship Only,69,32,6.1,Placed,6.61,Direct PPO (Pre-Placement Offer),69,"Kubernetes, Communication, Data Analysis, System Design, Machine Learning, SQL"
STU10363,22,Female,BCA,2025,City Engineering College (Tier 3),Data Science & Artificial Intelligence,None,None,0,None,None,0,0,Neither,22,36,3.2,Unplaced,0.0,Not Converted,-1,"Git, AWS"
STU10364,24,Male,BCA,2024,IIT / NIT Group (Tier 1),Data Science & Artificial Intelligence,IBM Data Science Professional; Certified Information Systems Security Professional (CISSP); TensorFlow Developer Certificate,Coursera; Meta; IBM,3,None,None,0,0,Certification Only,48,79,5.9,Unplaced,0.0,Not Converted,-1,"Python, React, Docker, Communication, SQL, Kubernetes, Machine Learning, Problem Solving"
STU10365,22,Female,MBA (Tech & Analytics),2026,State Tech University (Tier 2),Electronics & Communication,None,None,0,FinTech Solutions,Software Engineering,2,2,Internship Only,89,45,8.1,Placed,11.65,On-Campus / Off-Campus Placement,41,"React, Kubernetes, Machine Learning, System Design, AWS, SQL, Communication, Docker"
STU10366,25,Male,BCA,2023,City Engineering College (Tier 3),Computer Science & Engineering,NPTEL Cloud Computing & Distributed Systems; IBM Data Science Professional; Certified Information Systems Security Professional (CISSP),NPTEL; Microsoft Azure; Coursera,3,Microsoft Tech,Cloud & DevOps,2,2,Both (Hybrid),78,77,9.0,Placed,11.53,On-Campus / Off-Campus Placement,47,"System Design, SQL, Git, Docker, Communication, Tableau, Power BI, Python, Java, AWS"
STU10367,24,Female,B.Tech,2024,State Tech University (Tier 2),Computer Science & Engineering,Certified Information Systems Security Professional (CISSP),AWS,1,Google India,Data Science & Analytics,3,2,Both (Hybrid),85,55,8.7,Placed,14.45,Internship Conversion,28,"Power BI, Problem Solving, Data Analysis, Python, Communication, React, Machine Learning, Docker, Kubernetes"
STU10368,21,Male,B.Sc (CS/IT),2024,Apex Institute of Technology (Tier 2),Data Science & Artificial Intelligence,None,None,0,InnovateTech Startup,Product & Business Analytics,9,1,Internship Only,85,44,7.3,Placed,12.38,Internship Conversion,39,"Communication, Machine Learning, Tableau, AWS, Java, Python"
STU10369,21,Male,B.Tech,2023,Apex Institute of Technology (Tier 2),Information Technology,Certified Information Systems Security Professional (CISSP),Microsoft Azure,1,InnovateTech Startup,Product & Business Analytics,6,1,Both (Hybrid),60,62,7.6,Placed,11.8,Internship Conversion,75,"Machine Learning, Git, System Design, Python, SQL, Java, Problem Solving"
STU10370,21,Female,B.Tech,2025,State Tech University (Tier 2),Information Technology,None,None,0,None,None,0,0,Neither,32,51,4.5,Placed,5.96,On-Campus / Off-Campus Placement,129,"System Design, Kubernetes"
STU10371,21,Female,B.Tech,2023,City Engineering College (Tier 3),Business Analytics,Docker & Kubernetes Developer Cert; IBM Data Science Professional,NPTEL; IBM,2,None,None,0,0,Certification Only,28,76,3.9,Unplaced,0.0,Not Converted,-1,"React, Docker, AWS, Kubernetes, Machine Learning, Problem Solving"
STU10372,21,Female,B.Tech,2026,State Tech University (Tier 2),Data Science & Artificial Intelligence,Coursera Machine Learning Specialization; Docker & Kubernetes Developer Cert,Google Cloud; AWS,2,None,None,0,0,Certification Only,46,79,5.7,Placed,9.89,On-Campus / Off-Campus Placement,118,"React, Problem Solving, Docker, System Design, Data Analysis"
STU10373,23,Male,B.Sc (CS/IT),2026,State Tech University (Tier 2),Computer Science & Engineering,Docker & Kubernetes Developer Cert,Meta,1,TCS Innovation Labs,Product & Business Analytics,4,3,Both (Hybrid),100,63,10.0,Placed,17.81,Internship Conversion,5,"Data Analysis, Power BI, Docker, Python, Communication, System Design, Tableau, Java, Problem Solving, AWS"
STU10374,21,Female,B.Tech,2025,Regional Tech Institute (Tier 3),Cyber Security,None,None,0,InnovateTech Startup,Cyber Security,3,2,Internship Only,72,31,6.9,Placed,11.4,Internship Conversion,55,"Data Analysis, React, Tableau, Communication, Python, AWS, SQL, System Design, Machine Learning"
STU10375,22,Male,B.Sc (CS/IT),2025,State Tech University (Tier 2),Data Science & Artificial Intelligence,NPTEL Cloud Computing & Distributed Systems; AWS Certified Solutions Architect,AWS; NPTEL,2,TCS Innovation Labs,Software Engineering,9,1,Both (Hybrid),70,75,7.7,Placed,14.65,Direct PPO (Pre-Placement Offer),45,"Git, Problem Solving, Tableau, AWS, Java, Communication, System Design, Docker, Machine Learning, Power BI"
STU10376,23,Male,BCA,2025,BITS & Top National Inst (Tier 1),Information Technology,Certified Information Systems Security Professional (CISSP); Docker & Kubernetes Developer Cert; Coursera Machine Learning Specialization,Microsoft Azure; AWS; Meta,3,None,None,0,0,Certification Only,41,94,5.9,Placed,10.95,On-Campus / Off-Campus Placement,91,"Python, Tableau, SQL, AWS, System Design, Problem Solving, Java"
STU10377,21,Male,B.Tech,2024,State Tech University (Tier 2),Information Technology,AWS Certified Solutions Architect; TensorFlow Developer Certificate,AWS; Coursera,2,Amazon AWS,Data Science & Analytics,3,1,Both (Hybrid),52,74,7.2,Placed,11.57,Internship Conversion,61,"React, Java, System Design, Python, Data Analysis, Git, Power BI, Tableau, Machine Learning"
STU10378,23,Female,B.Sc (CS/IT),2025,City Engineering College (Tier 3),Data Science & Artificial Intelligence,Docker & Kubernetes Developer Cert; IBM Data Science Professional; Google Professional Data Engineer,Udemy; Meta; NPTEL,3,FinTech Solutions,Cloud & DevOps,3,1,Both (Hybrid),53,60,7.3,Placed,10.68,Internship Conversion,39,"Power BI, AWS, Java, Problem Solving, Kubernetes, Python, Docker, System Design, Communication, Data Analysis"
STU10379,22,Male,B.Tech,2023,Apex Institute of Technology (Tier 2),Computer Science & Engineering,Certified Information Systems Security Professional (CISSP),Coursera,1,Microsoft Tech,Data Science & Analytics,2,1,Both (Hybrid),58,62,7.0,Placed,10.01,On-Campus / Off-Campus Placement,66,"Tableau, Machine Learning, Java, Kubernetes, React, Communication, Problem Solving"
STU10380,21,Male,B.Tech,2023,Apex Institute of Technology (Tier 2),Electronics & Communication,TensorFlow Developer Certificate; Certified Information Systems Security Professional (CISSP); Google Professional Data Engineer,Microsoft Azure; Udemy; Meta,3,Microsoft Tech,Cloud & DevOps,2,1,Both (Hybrid),60,69,7.2,Unplaced,0.0,Not Converted,-1,"Java, React, Kubernetes, Python, Data Analysis, System Design, Git, Tableau, Communication, AWS"
STU10381,23,Female,BCA,2024,Apex Institute of Technology (Tier 2),Electronics & Communication,Docker & Kubernetes Developer Cert,IBM,1,InnovateTech Startup,Artificial Intelligence / ML,3,3,Both (Hybrid),87,52,9.3,Placed,16.48,On-Campus / Off-Campus Placement,5,"Python, System Design, Git, React, Java, AWS, SQL, Problem Solving, Kubernetes, Data Analysis"
STU10382,22,Male,B.Tech,2025,State Tech University (Tier 2),Data Science & Artificial Intelligence,None,None,0,DataMetrics Labs,Data Science & Analytics,3,2,Internship Only,92,54,7.9,Placed,12.67,Internship Conversion,45,"React, Problem Solving, SQL, Machine Learning, System Design, Tableau, Python"
STU10383,24,Male,B.Tech,2026,City Engineering College (Tier 3),Data Science & Artificial Intelligence,AWS Certified Solutions Architect; Microsoft Certified: Azure Developer; Docker & Kubernetes Developer Cert,AWS; NPTEL; Microsoft Azure,3,None,None,0,0,Certification Only,23,70,3.7,Unplaced,0.0,Not Converted,-1,"Communication, Kubernetes, Git, Tableau, AWS, System Design, Java, Machine Learning, Power BI"
STU10384,23,Male,BCA,2023,City Engineering College (Tier 3),Computer Science & Engineering,Microsoft Certified: Azure Developer; Google Professional Data Engineer; Docker & Kubernetes Developer Cert,Microsoft Azure; Meta; IBM,4,FinTech Solutions,Artificial Intelligence / ML,3,1,Both (Hybrid),58,81,6.7,Placed,9.47,On-Campus / Off-Campus Placement,41,"System Design, Git, Communication, Data Analysis, Java, AWS, Problem Solving, Python, React, Docker"
STU10385,23,Female,BCA,2025,BITS & Top National Inst (Tier 1),Computer Science & Engineering,Meta Front-End Developer Specialization; Coursera Machine Learning Specialization,Microsoft Azure; Coursera,2,None,None,0,0,Certification Only,43,85,6.1,Placed,8.84,On-Campus / Off-Campus Placement,104,"System Design, Git, Docker, Kubernetes, AWS, Tableau, Java"
STU10386,22,Male,B.Tech,2024,BITS & Top National Inst (Tier 1),Computer Science & Engineering,NPTEL Cloud Computing & Distributed Systems,Google Cloud,1,Google India,Artificial Intelligence / ML,2,1,Both (Hybrid),60,58,7.3,Placed,15.49,On-Campus / Off-Campus Placement,45,"Data Analysis, Java, Kubernetes, Power BI, Tableau, React, Git"
STU10387,21,Male,MBA (Tech & Analytics),2024,Regional Tech Institute (Tier 3),Computer Science & Engineering,Coursera Machine Learning Specialization,Microsoft Azure,1,Deloitte Consulting,Cloud & DevOps,4,3,Both (Hybrid),96,58,9.3,Placed,12.7,On-Campus / Off-Campus Placement,6,"Power BI, SQL, Communication, Git, Data Analysis, React, Problem Solving, Tableau, Python, Kubernetes"
STU10388,23,Female,BCA,2024,City Engineering College (Tier 3),Cyber Security,Coursera Machine Learning Specialization,Coursera,1,InnovateTech Startup,Product & Business Analytics,7,2,Both (Hybrid),90,59,8.5,Placed,11.99,On-Campus / Off-Campus Placement,44,"Python, Problem Solving, Machine Learning, AWS, Communication, System Design, Power BI, React, Java, SQL"
STU10389,23,Female,M.Tech,2024,City Engineering College (Tier 3),Electronics & Communication,IBM Data Science Professional; Meta Front-End Developer Specialization; Coursera Machine Learning Specialization,Udemy; Meta; Microsoft Azure,3,None,None,0,0,Certification Only,20,77,4.5,Placed,5.81,On-Campus / Off-Campus Placement,118,"Kubernetes, Problem Solving, Power BI, React, Docker, Data Analysis, Python"
STU10390,25,Male,B.Tech,2023,City Engineering College (Tier 3),Information Technology,None,None,0,Amazon AWS,Cloud & DevOps,6,1,Internship Only,63,47,6.8,Placed,10.75,Direct PPO (Pre-Placement Offer),52,"Power BI, Git, Python, Java, Tableau"
STU10391,22,Female,BCA,2025,State Tech University (Tier 2),Data Science & Artificial Intelligence,Docker & Kubernetes Developer Cert; NPTEL Cloud Computing & Distributed Systems; IBM Data Science Professional,Google Cloud; Meta; AWS,3,FinTech Solutions,Cyber Security,9,1,Both (Hybrid),72,78,8.5,Placed,12.99,Direct PPO (Pre-Placement Offer),15,"Tableau, Communication, Power BI, Java, AWS, Git, SQL, System Design, Machine Learning, Docker"
STU10392,22,Female,M.Tech,2025,Apex Institute of Technology (Tier 2),Computer Science & Engineering,Google Professional Data Engineer,Meta,1,CyberGuard Analytics,Product & Business Analytics,3,1,Both (Hybrid),69,49,6.8,Placed,12.16,On-Campus / Off-Campus Placement,50,"Problem Solving, Tableau, Git, Python, React, SQL"
STU10393,23,Female,BCA,2024,State Tech University (Tier 2),Cyber Security,Docker & Kubernetes Developer Cert; AWS Certified Solutions Architect; Google Professional Data Engineer,Coursera; IBM; AWS,3,DataMetrics Labs,Software Engineering,2,1,Both (Hybrid),62,81,6.0,Placed,11.46,Internship Conversion,29,"Kubernetes, Machine Learning, Power BI, Problem Solving, Tableau, Communication, Python, Git, React, System Design"
STU10394,22,Male,B.Sc (CS/IT),2024,IIT / NIT Group (Tier 1),Data Science & Artificial Intelligence,NPTEL Cloud Computing & Distributed Systems; Coursera Machine Learning Specialization; TensorFlow Developer Certificate,Google Cloud; Meta; Coursera,4,None,None,0,0,Certification Only,37,96,6.9,Placed,14.39,On-Campus / Off-Campus Placement,76,"Data Analysis, Python, AWS, Power BI, Git, Tableau, Kubernetes, Docker, System Design, SQL"
STU10395,24,Female,B.Tech,2025,Apex Institute of Technology (Tier 2),Computer Science & Engineering,Microsoft Certified: Azure Developer,AWS,1,CyberGuard Analytics,Artificial Intelligence / ML,2,1,Both (Hybrid),57,66,7.1,Placed,10.73,Internship Conversion,70,"SQL, System Design, Data Analysis, Communication, Kubernetes, Git"
STU10396,24,Female,B.Tech,2025,State Tech University (Tier 2),Data Science & Artificial Intelligence,AWS Certified Solutions Architect,Microsoft Azure,1,None,None,0,0,Certification Only,43,61,4.2,Unplaced,0.0,Not Converted,-1,"Power BI, Data Analysis, Python"
STU10397,22,Male,B.Tech,2024,Apex Institute of Technology (Tier 2),Business Analytics,IBM Data Science Professional; Docker & Kubernetes Developer Cert; TensorFlow Developer Certificate,Google Cloud; Meta; NPTEL,3,Infosys Center,Product & Business Analytics,12,1,Both (Hybrid),86,90,9.8,Placed,17.22,On-Campus / Off-Campus Placement,15,"Tableau, Kubernetes, Machine Learning, System Design, React, Java, Docker, Data Analysis, Power BI, AWS"
STU10398,23,Male,B.Tech,2024,State Tech University (Tier 2),Business Analytics,Meta Front-End Developer Specialization; NPTEL Cloud Computing & Distributed Systems,Udemy; Microsoft Azure,2,None,None,0,0,Certification Only,52,71,3.6,Placed,11.13,On-Campus / Off-Campus Placement,96,"Communication, AWS, Power BI, Python, Problem Solving"
STU10399,23,Male,M.Tech,2026,State Tech University (Tier 2),Computer Science & Engineering,Certified Information Systems Security Professional (CISSP); Coursera Machine Learning Specialization,NPTEL; AWS,2,None,None,0,0,Certification Only,30,83,4.7,Placed,6.52,On-Campus / Off-Campus Placement,111,"AWS, Kubernetes, Python, Java, Machine Learning"
STU10400,21,Male,B.Tech,2025,BITS & Top National Inst (Tier 1),Business Analytics,Coursera Machine Learning Specialization; Google Professional Data Engineer,Coursera; Meta,2,Infosys Center,Product & Business Analytics,2,1,Both (Hybrid),81,81,6.8,Placed,14.53,On-Campus / Off-Campus Placement,68,"Python, Git, React, Java, Tableau, SQL, Power BI, Machine Learning, Kubernetes"
STU10401,24,Female,MBA (Tech & Analytics),2024,State Tech University (Tier 2),Computer Science & Engineering,None,None,0,None,None,0,0,Neither,41,53,4.4,Unplaced,0.0,Not Converted,-1,"Power BI, Git"
STU10402,22,Male,MBA (Tech & Analytics),2024,BITS & Top National Inst (Tier 1),Computer Science & Engineering,IBM Data Science Professional; Certified Information Systems Security Professional (CISSP); Docker & Kubernetes Developer Cert,Google Cloud; NPTEL; Coursera,3,Deloitte Consulting,Artificial Intelligence / ML,3,1,Both (Hybrid),64,99,8.1,Placed,16.68,Internship Conversion,49,"Kubernetes, Communication, AWS, System Design, Machine Learning, Docker, Git, Problem Solving, React, Python"
STU10403,23,Male,B.Tech,2025,BITS & Top National Inst (Tier 1),Electronics & Communication,None,None,0,Amazon AWS,Software Engineering,3,2,Internship Only,89,50,8.7,Placed,13.86,Internship Conversion,39,"Git, System Design, Power BI, Python, AWS, Kubernetes, React, Communication, Problem Solving"
STU10404,22,Female,B.Tech,2023,Regional Tech Institute (Tier 3),Electronics & Communication,Docker & Kubernetes Developer Cert; Certified Information Systems Security Professional (CISSP); Microsoft Certified: Azure Developer,NPTEL; Meta; Udemy,4,InnovateTech Startup,Software Engineering,3,1,Both (Hybrid),53,92,6.9,Placed,11.4,On-Campus / Off-Campus Placement,40,"AWS, Machine Learning, Git, Power BI, SQL, Docker, Problem Solving, Kubernetes, System Design, Python"
STU10405,24,Male,M.Tech,2026,BITS & Top National Inst (Tier 1),Data Science & Artificial Intelligence,NPTEL Cloud Computing & Distributed Systems,Meta,1,TCS Innovation Labs,Cloud & DevOps,6,1,Both (Hybrid),87,64,8.5,Placed,15.79,Direct PPO (Pre-Placement Offer),60,"Data Analysis, SQL, Python, Power BI, Kubernetes, Problem Solving, Docker"
STU10406,22,Non-Binary,MBA (Tech & Analytics),2023,State Tech University (Tier 2),Data Science & Artificial Intelligence,Microsoft Certified: Azure Developer; Certified Information Systems Security Professional (CISSP),AWS; Google Cloud,2,FinTech Solutions,Product & Business Analytics,3,1,Both (Hybrid),62,64,6.7,Placed,10.86,Internship Conversion,51,"Git, SQL, Communication, Java, System Design, Data Analysis, AWS, Tableau"
STU10407,21,Male,B.Tech,2025,Apex Institute of Technology (Tier 2),Electronics & Communication,Google Professional Data Engineer,IBM,1,None,None,0,0,Certification Only,37,64,4.9,Unplaced,0.0,Not Converted,-1,"Docker, Problem Solving, Power BI, Tableau"
STU10408,24,Male,B.Tech,2024,Apex Institute of Technology (Tier 2),Electronics & Communication,Meta Front-End Developer Specialization,Microsoft Azure,1,Deloitte Consulting,Artificial Intelligence / ML,2,1,Both (Hybrid),61,60,7.1,Placed,10.71,On-Campus / Off-Campus Placement,87,"System Design, Power BI, Java, AWS, Tableau, Communication, Machine Learning"
STU10409,21,Male,BCA,2024,BITS & Top National Inst (Tier 1),Business Analytics,Docker & Kubernetes Developer Cert,IBM,1,TCS Innovation Labs,Software Engineering,2,2,Both (Hybrid),85,74,8.0,Placed,14.5,On-Campus / Off-Campus Placement,36,"Git, Machine Learning, Python, Java, Docker, Communication, AWS, Problem Solving, Tableau, System Design"
STU10410,22,Male,BCA,2026,Apex Institute of Technology (Tier 2),Data Science & Artificial Intelligence,AWS Certified Solutions Architect; Meta Front-End Developer Specialization,AWS; Meta,2,None,None,0,0,Certification Only,43,62,5.4,Placed,7.32,On-Campus / Off-Campus Placement,98,"SQL, Machine Learning, Power BI, Problem Solving, Communication, Java, Kubernetes"
STU10411,25,Male,B.Tech,2024,Apex Institute of Technology (Tier 2),Cyber Security,Google Professional Data Engineer; Microsoft Certified: Azure Developer,Microsoft Azure; Coursera,2,Google India,Artificial Intelligence / ML,3,3,Both (Hybrid),100,73,10.0,Placed,17.3,On-Campus / Off-Campus Placement,5,"React, Git, AWS, Communication, Tableau, Problem Solving, Python, Data Analysis, Kubernetes, Machine Learning"
STU10412,25,Female,B.Sc (CS/IT),2025,BITS & Top National Inst (Tier 1),Cyber Security,Meta Front-End Developer Specialization; Certified Information Systems Security Professional (CISSP); Google Professional Data Engineer,Google Cloud; NPTEL; Coursera,3,CyberGuard Analytics,Product & Business Analytics,15,2,Both (Hybrid),100,98,10.0,Placed,23.61,Internship Conversion,5,"Machine Learning, Java, React, Kubernetes, System Design, Docker, SQL, Problem Solving, Tableau, AWS"
STU10413,22,Female,B.Tech,2023,State Tech University (Tier 2),Computer Science & Engineering,Certified Information Systems Security Professional (CISSP),IBM,1,Infosys Center,Data Science & Analytics,7,2,Both (Hybrid),92,62,9.4,Placed,15.49,Direct PPO (Pre-Placement Offer),5,"Power BI, AWS, Docker, Data Analysis, React, SQL, Machine Learning, Communication, Java, Python"
STU10414,22,Male,B.Tech,2023,Regional Tech Institute (Tier 3),Electronics & Communication,NPTEL Cloud Computing & Distributed Systems; Coursera Machine Learning Specialization,AWS; Microsoft Azure,2,None,None,0,0,Certification Only,25,51,4.3,Unplaced,0.0,Not Converted,-1,"System Design, React, Tableau, Machine Learning, Communication, AWS"
STU10415,22,Female,B.Tech,2024,City Engineering College (Tier 3),Data Science & Artificial Intelligence,Microsoft Certified: Azure Developer; Google Professional Data Engineer; Certified Information Systems Security Professional (CISSP),Coursera; Microsoft Azure; AWS,3,TCS Innovation Labs,Artificial Intelligence / ML,12,1,Both (Hybrid),84,92,9.2,Placed,13.77,On-Campus / Off-Campus Placement,28,"Power BI, Machine Learning, System Design, Tableau, Python, Problem Solving, Data Analysis, Git, SQL, Java"
STU10416,22,Female,B.Tech,2025,Apex Institute of Technology (Tier 2),Data Science & Artificial Intelligence,None,None,0,Infosys Center,Product & Business Analytics,3,1,Internship Only,62,56,6.6,Placed,12.48,On-Campus / Off-Campus Placement,67,"Docker, Kubernetes, React, Java, AWS, Power BI"
STU10417,22,Female,B.Tech,2023,IIT / NIT Group (Tier 1),Information Technology,Certified Information Systems Security Professional (CISSP),Google Cloud,1,None,None,0,0,Certification Only,46,73,4.3,Unplaced,0.0,Not Converted,-1,"Tableau, Machine Learning, SQL"
STU10418,23,Male,B.Tech,2023,State Tech University (Tier 2),Computer Science & Engineering,Docker & Kubernetes Developer Cert,AWS,1,InnovateTech Startup,Cloud & DevOps,2,1,Both (Hybrid),59,48,5.7,Placed,8.69,Internship Conversion,79,"Communication, React, Problem Solving, Tableau, Data Analysis, SQL"
STU10419,23,Male,B.Tech,2024,Apex Institute of Technology (Tier 2),Data Science & Artificial Intelligence,Microsoft Certified: Azure Developer,NPTEL,1,Deloitte Consulting,Product & Business Analytics,2,2,Both (Hybrid),72,47,7.6,Placed,14.56,Internship Conversion,32,"Data Analysis, React, SQL, Power BI, Java, Docker, Tableau, Communication, Kubernetes, AWS"
STU10420,23,Male,B.Tech,2025,BITS & Top National Inst (Tier 1),Business Analytics,Coursera Machine Learning Specialization,Microsoft Azure,1,Google India,Artificial Intelligence / ML,4,3,Both (Hybrid),100,63,10.0,Placed,17.26,Internship Conversion,5,"Docker, Java, SQL, Machine Learning, Python, Git, Data Analysis, Power BI, System Design, Problem Solving"
STU10421,23,Female,B.Tech,2025,State Tech University (Tier 2),Computer Science & Engineering,Coursera Machine Learning Specialization; Certified Information Systems Security Professional (CISSP),Coursera; NPTEL,2,TCS Innovation Labs,Product & Business Analytics,9,1,Both (Hybrid),73,71,7.7,Placed,12.99,Direct PPO (Pre-Placement Offer),54,"System Design, SQL, React, Problem Solving, Tableau, AWS, Git, Power BI, Machine Learning"
STU10422,21,Female,MBA (Tech & Analytics),2023,Apex Institute of Technology (Tier 2),Data Science & Artificial Intelligence,NPTEL Cloud Computing & Distributed Systems,Meta,1,TCS Innovation Labs,Artificial Intelligence / ML,6,1,Both (Hybrid),72,58,8.1,Placed,12.45,Direct PPO (Pre-Placement Offer),78,"React, Docker, Java, Problem Solving, Data Analysis, Communication"
STU10423,22,Male,B.Tech,2023,State Tech University (Tier 2),Business Analytics,IBM Data Science Professional; NPTEL Cloud Computing & Distributed Systems,Udemy; Coursera,2,FinTech Solutions,Software Engineering,6,1,Both (Hybrid),61,59,6.8,Unplaced,0.0,Not Converted,-1,"Java, Communication, Kubernetes, Data Analysis, AWS, Tableau, Machine Learning, Power BI, Problem Solving, Python"
STU10424,21,Male,B.Tech,2026,Apex Institute of Technology (Tier 2),Data Science & Artificial Intelligence,TensorFlow Developer Certificate; Microsoft Certified: Azure Developer; IBM Data Science Professional,IBM; Microsoft Azure; Meta,4,None,None,0,0,Certification Only,49,98,6.0,Placed,9.77,On-Campus / Off-Campus Placement,69,"Git, Python, AWS, SQL, Data Analysis, Machine Learning, Java, Docker, Power BI"
STU10425,22,Female,BCA,2024,City Engineering College (Tier 3),Data Science & Artificial Intelligence,Meta Front-End Developer Specialization; Google Professional Data Engineer,Microsoft Azure; AWS,2,TCS Innovation Labs,Artificial Intelligence / ML,2,1,Both (Hybrid),44,70,5.6,Placed,8.78,On-Campus / Off-Campus Placement,38,"AWS, Power BI, Java, Communication, Problem Solving, Data Analysis, Git, SQL"
STU10426,22,Female,MBA (Tech & Analytics),2026,State Tech University (Tier 2),Data Science & Artificial Intelligence,TensorFlow Developer Certificate; Certified Information Systems Security Professional (CISSP),Udemy; IBM,2,Deloitte Consulting,Cyber Security,3,2,Both (Hybrid),89,75,8.5,Placed,13.55,On-Campus / Off-Campus Placement,24,"System Design, Power BI, Git, Data Analysis, Python, SQL, AWS, Docker, React, Kubernetes"
STU10427,24,Non-Binary,B.Tech,2026,City Engineering College (Tier 3),Data Science & Artificial Intelligence,None,None,0,InnovateTech Startup,Artificial Intelligence / ML,2,2,Internship Only,74,40,6.7,Placed,10.19,Internship Conversion,48,"Power BI, Problem Solving, Python, Data Analysis, Tableau, Java, Communication"
STU10428,22,Female,BCA,2025,IIT / NIT Group (Tier 1),Information Technology,NPTEL Cloud Computing & Distributed Systems; TensorFlow Developer Certificate; Google Professional Data Engineer,Microsoft Azure; Meta; Google Cloud,3,CyberGuard Analytics,Cyber Security,9,3,Both (Hybrid),100,83,10.0,Placed,21.77,Direct PPO (Pre-Placement Offer),5,"Kubernetes, Docker, Data Analysis, System Design, Power BI, Problem Solving, Git, Communication, AWS, Tableau"
STU10429,21,Male,B.Sc (CS/IT),2023,City Engineering College (Tier 3),Electronics & Communication,Microsoft Certified: Azure Developer,NPTEL,1,Google India,Product & Business Analytics,2,1,Both (Hybrid),53,58,6.3,Placed,8.27,Internship Conversion,59,"System Design, Java, SQL, AWS, Machine Learning, Power BI, React"
STU10430,21,Female,BCA,2025,BITS & Top National Inst (Tier 1),Data Science & Artificial Intelligence,TensorFlow Developer Certificate; Microsoft Certified: Azure Developer,Udemy; NPTEL,2,Infosys Center,Data Science & Analytics,2,1,Both (Hybrid),56,82,7.8,Placed,12.85,On-Campus / Off-Campus Placement,71,"Java, React, AWS, Python, Kubernetes, Git, Tableau, Power BI, Problem Solving"
STU10431,23,Female,B.Tech,2025,IIT / NIT Group (Tier 1),Electronics & Communication,TensorFlow Developer Certificate; IBM Data Science Professional; AWS Certified Solutions Architect,Udemy; Microsoft Azure; Google Cloud,5,InnovateTech Startup,Product & Business Analytics,11,2,Both (Hybrid),100,100,10.0,Placed,22.3,Direct PPO (Pre-Placement Offer),5,"SQL, Git, Python, Docker, Problem Solving, Machine Learning, Kubernetes, React, Power BI, System Design"
STU10432,22,Male,BCA,2025,Apex Institute of Technology (Tier 2),Data Science & Artificial Intelligence,Coursera Machine Learning Specialization; IBM Data Science Professional,Google Cloud; Coursera,2,InnovateTech Startup,Data Science & Analytics,2,2,Both (Hybrid),71,57,7.6,Placed,12.61,On-Campus / Off-Campus Placement,32,"Tableau, Docker, Communication, Python, React, System Design, Java, Problem Solving, Machine Learning, Power BI"
STU10433,21,Female,B.Tech,2024,State Tech University (Tier 2),Computer Science & Engineering,AWS Certified Solutions Architect; NPTEL Cloud Computing & Distributed Systems,Coursera; Google Cloud,2,Deloitte Consulting,Data Science & Analytics,3,2,Both (Hybrid),68,84,7.9,Placed,14.92,On-Campus / Off-Campus Placement,40,"Kubernetes, Docker, Power BI, React, Problem Solving, Git, AWS, Communication, Data Analysis, Tableau"
STU10434,21,Female,BCA,2024,City Engineering College (Tier 3),Information Technology,TensorFlow Developer Certificate,Microsoft Azure,1,Google India,Artificial Intelligence / ML,6,1,Both (Hybrid),64,56,8.4,Placed,11.22,Direct PPO (Pre-Placement Offer),65,"Communication, Docker, Data Analysis, Power BI, Kubernetes, System Design, Java"
STU10435,23,Male,B.Sc (CS/IT),2023,State Tech University (Tier 2),Information Technology,None,None,0,InnovateTech Startup,Artificial Intelligence / ML,4,3,Internship Only,99,53,8.4,Placed,15.7,On-Campus / Off-Campus Placement,31,"Data Analysis, AWS, Kubernetes, System Design, SQL, Machine Learning, Communication, Problem Solving, React, Docker"
STU10436,21,Female,B.Tech,2025,State Tech University (Tier 2),Data Science & Artificial Intelligence,NPTEL Cloud Computing & Distributed Systems; AWS Certified Solutions Architect; TensorFlow Developer Certificate,AWS; IBM; Coursera,3,Infosys Center,Cloud & DevOps,2,1,Both (Hybrid),64,81,7.1,Placed,12.55,Internship Conversion,63,"SQL, Problem Solving, Power BI, Tableau, Python, System Design, Java, React, Git, AWS"
STU10437,23,Female,B.Sc (CS/IT),2025,State Tech University (Tier 2),Computer Science & Engineering,None,None,0,Infosys Center,Software Engineering,3,3,Internship Only,96,50,8.6,Placed,12.03,On-Campus / Off-Campus Placement,38,"Data Analysis, SQL, Python, Machine Learning, Power BI, System Design, Communication, Git, React, Java"
STU10438,23,Female,B.Tech,2024,State Tech University (Tier 2),Computer Science & Engineering,NPTEL Cloud Computing & Distributed Systems; Google Professional Data Engineer,IBM; AWS,2,Google India,Cyber Security,3,2,Both (Hybrid),66,72,8.3,Placed,13.86,On-Campus / Off-Campus Placement,36,"Data Analysis, Docker, Kubernetes, Tableau, React, Python, AWS, Java, Communication, Power BI"
STU10439,21,Male,B.Sc (CS/IT),2024,State Tech University (Tier 2),Computer Science & Engineering,None,None,0,None,None,0,0,Neither,35,42,3.4,Placed,8.72,On-Campus / Off-Campus Placement,134,"System Design, Communication"
STU10440,21,Male,B.Tech,2024,Apex Institute of Technology (Tier 2),Computer Science & Engineering,Meta Front-End Developer Specialization; Google Professional Data Engineer; Microsoft Certified: Azure Developer,Meta; Microsoft Azure; Coursera,3,Microsoft Tech,Artificial Intelligence / ML,3,3,Both (Hybrid),89,90,10.0,Placed,19.41,On-Campus / Off-Campus Placement,5,"AWS, Communication, Problem Solving, React, Tableau, Power BI, Kubernetes, Data Analysis, Docker, Machine Learning"
STU10441,25,Female,B.Tech,2025,Apex Institute of Technology (Tier 2),Information Technology,None,None,0,None,None,0,0,Neither,40,45,4.7,Placed,6.55,On-Campus / Off-Campus Placement,114,"React, Java"
STU10442,22,Male,B.Tech,2026,City Engineering College (Tier 3),Computer Science & Engineering,Coursera Machine Learning Specialization; Microsoft Certified: Azure Developer,Microsoft Azure; IBM,2,Deloitte Consulting,Software Engineering,4,3,Both (Hybrid),94,60,9.5,Placed,15.59,On-Campus / Off-Campus Placement,5,"Data Analysis, Problem Solving, Communication, Tableau, Python, AWS, React, Machine Learning, Docker, SQL"
STU10443,22,Female,MBA (Tech & Analytics),2023,Regional Tech Institute (Tier 3),Electronics & Communication,NPTEL Cloud Computing & Distributed Systems; Docker & Kubernetes Developer Cert,Udemy; AWS,2,Google India,Cloud & DevOps,3,1,Both (Hybrid),58,72,6.4,Placed,11.38,On-Campus / Off-Campus Placement,71,"Docker, Python, Communication, System Design, Git, Data Analysis, Java, AWS, Kubernetes, SQL"
STU10444,23,Female,B.Tech,2024,State Tech University (Tier 2),Computer Science & Engineering,AWS Certified Solutions Architect,Microsoft Azure,1,InnovateTech Startup,Cyber Security,2,2,Both (Hybrid),81,64,8.2,Placed,11.73,On-Campus / Off-Campus Placement,80,"Tableau, Kubernetes, React, Git, System Design, Data Analysis, Communication, Machine Learning, Problem Solving"
STU10445,24,Male,B.Tech,2023,Apex Institute of Technology (Tier 2),Computer Science & Engineering,Microsoft Certified: Azure Developer,Google Cloud,1,None,None,0,0,Certification Only,54,58,4.6,Placed,9.38,On-Campus / Off-Campus Placement,100,"Machine Learning, React, Tableau, AWS, Kubernetes"
STU10446,25,Male,B.Tech,2025,State Tech University (Tier 2),Data Science & Artificial Intelligence,Meta Front-End Developer Specialization,NPTEL,1,None,None,0,0,Certification Only,36,56,4.5,Placed,5.49,On-Campus / Off-Campus Placement,124,"Data Analysis, Tableau, SQL, Python, System Design"
STU10447,23,Male,BCA,2025,Apex Institute of Technology (Tier 2),Computer Science & Engineering,Meta Front-End Developer Specialization,NPTEL,1,DataMetrics Labs,Cloud & DevOps,3,3,Both (Hybrid),100,46,9.1,Placed,15.28,On-Campus / Off-Campus Placement,5,"Communication, AWS, Kubernetes, Java, Data Analysis, System Design, Git, Machine Learning, Tableau, Docker"
STU10448,22,Male,BCA,2026,State Tech University (Tier 2),Business Analytics,Meta Front-End Developer Specialization,AWS,1,TCS Innovation Labs,Data Science & Analytics,3,1,Both (Hybrid),60,55,7.2,Placed,13.46,On-Campus / Off-Campus Placement,71,"SQL, Data Analysis, Machine Learning, Communication, React, Python, AWS"
STU10449,21,Female,B.Tech,2024,Regional Tech Institute (Tier 3),Computer Science & Engineering,Docker & Kubernetes Developer Cert,Google Cloud,1,FinTech Solutions,Artificial Intelligence / ML,7,2,Both (Hybrid),80,50,9.1,Placed,10.66,Direct PPO (Pre-Placement Offer),21,"Java, Python, Power BI, System Design, Git, Docker, Kubernetes, Data Analysis, AWS, Machine Learning"
STU10450,23,Female,B.Tech,2026,Apex Institute of Technology (Tier 2),Data Science & Artificial Intelligence,AWS Certified Solutions Architect; Microsoft Certified: Azure Developer,Google Cloud; Microsoft Azure,2,CyberGuard Analytics,Cloud & DevOps,2,2,Both (Hybrid),85,56,8.6,Placed,13.77,On-Campus / Off-Campus Placement,34,"Git, SQL, React, Python, Tableau, Communication, Docker, Data Analysis, AWS, Machine Learning"
STU10451,22,Female,B.Tech,2023,Regional Tech Institute (Tier 3),Electronics & Communication,Meta Front-End Developer Specialization,Microsoft Azure,1,FinTech Solutions,Software Engineering,3,1,Both (Hybrid),51,49,7.0,Unplaced,0.0,Not Converted,-1,"Power BI, Data Analysis, AWS, Kubernetes, Machine Learning, SQL"
STU10452,22,Female,B.Tech,2025,City Engineering College (Tier 3),Information Technology,Docker & Kubernetes Developer Cert; Certified Information Systems Security Professional (CISSP); AWS Certified Solutions Architect,AWS; Meta; Google Cloud,5,DataMetrics Labs,Cyber Security,3,2,Both (Hybrid),70,100,9.4,Placed,13.31,On-Campus / Off-Campus Placement,5,"Data Analysis, SQL, System Design, Power BI, Docker, Problem Solving, Python, AWS, Communication, Java"
STU10453,24,Male,B.Tech,2023,City Engineering College (Tier 3),Computer Science & Engineering,AWS Certified Solutions Architect; Coursera Machine Learning Specialization,Meta; Google Cloud,2,None,None,0,0,Certification Only,22,62,4.0,Unplaced,0.0,Not Converted,-1,"Python, Kubernetes, Tableau, Machine Learning, Communication, AWS"
STU10454,21,Female,B.Sc (CS/IT),2026,City Engineering College (Tier 3),Data Science & Artificial Intelligence,None,None,0,DataMetrics Labs,Cyber Security,12,1,Internship Only,77,38,8.3,Placed,12.27,Direct PPO (Pre-Placement Offer),32,"Data Analysis, Tableau, System Design, Communication, Docker"
STU10455,22,Female,B.Tech,2025,State Tech University (Tier 2),Information Technology,Coursera Machine Learning Specialization,Google Cloud,1,DataMetrics Labs,Data Science & Analytics,2,1,Both (Hybrid),56,47,6.6,Placed,9.43,On-Campus / Off-Campus Placement,81,"Python, Java, Problem Solving, React, Kubernetes, Git, Data Analysis"
STU10456,21,Female,B.Tech,2025,State Tech University (Tier 2),Cyber Security,Meta Front-End Developer Specialization; NPTEL Cloud Computing & Distributed Systems; IBM Data Science Professional,Meta; AWS; Udemy,3,Deloitte Consulting,Product & Business Analytics,2,2,Both (Hybrid),79,83,8.5,Placed,12.02,Internship Conversion,44,"Power BI, System Design, Tableau, Java, SQL, AWS, Problem Solving, Kubernetes, Python, Machine Learning"
STU10457,22,Female,B.Tech,2025,State Tech University (Tier 2),Business Analytics,None,None,0,Deloitte Consulting,Cloud & DevOps,7,2,Internship Only,91,56,8.6,Placed,14.24,Direct PPO (Pre-Placement Offer),26,"React, Power BI, Communication, Machine Learning, Kubernetes, SQL, AWS, Python, Git"
STU10458,21,Male,MBA (Tech & Analytics),2023,IIT / NIT Group (Tier 1),Computer Science & Engineering,Coursera Machine Learning Specialization; Google Professional Data Engineer,AWS; Udemy,2,Microsoft Tech,Artificial Intelligence / ML,3,1,Both (Hybrid),68,84,8.2,Placed,14.77,On-Campus / Off-Campus Placement,58,"SQL, Data Analysis, Kubernetes, AWS, Power BI, Problem Solving, Communication, System Design, Java"
STU10459,21,Female,MBA (Tech & Analytics),2023,State Tech University (Tier 2),Cyber Security,IBM Data Science Professional; TensorFlow Developer Certificate,Google Cloud; Udemy,2,DataMetrics Labs,Software Engineering,4,3,Both (Hybrid),97,76,10.0,Placed,16.99,On-Campus / Off-Campus Placement,5,"Python, Power BI, Git, Kubernetes, React, AWS, Docker, Tableau, Machine Learning, SQL"
STU10460,21,Male,B.Sc (CS/IT),2026,State Tech University (Tier 2),Computer Science & Engineering,None,None,0,Microsoft Tech,Data Science & Analytics,9,1,Internship Only,76,46,8.0,Placed,12.24,Direct PPO (Pre-Placement Offer),68,"Tableau, Python, System Design, Machine Learning, Data Analysis, SQL"
STU10461,22,Male,B.Tech,2024,State Tech University (Tier 2),Computer Science & Engineering,Google Professional Data Engineer; Microsoft Certified: Azure Developer; AWS Certified Solutions Architect,NPTEL; IBM; AWS,3,Infosys Center,Data Science & Analytics,3,1,Both (Hybrid),60,84,7.9,Placed,11.79,On-Campus / Off-Campus Placement,32,"SQL, AWS, System Design, Data Analysis, Tableau, Machine Learning, Problem Solving, Java, Docker, Kubernetes"
STU10462,23,Male,B.Tech,2023,Regional Tech Institute (Tier 3),Electronics & Communication,Certified Information Systems Security Professional (CISSP),Microsoft Azure,1,Infosys Center,Product & Business Analytics,3,2,Both (Hybrid),75,59,7.5,Placed,11.5,On-Campus / Off-Campus Placement,33,"Kubernetes, Docker, Python, Data Analysis, Git, Java, React, Tableau, System Design, SQL"
STU10463,22,Non-Binary,B.Tech,2024,City Engineering College (Tier 3),Computer Science & Engineering,Microsoft Certified: Azure Developer,Microsoft Azure,1,InnovateTech Startup,Cyber Security,12,1,Both (Hybrid),72,54,8.6,Placed,13.16,Direct PPO (Pre-Placement Offer),63,"Docker, Git, Machine Learning, Power BI, Kubernetes, SQL"
STU10464,25,Female,B.Tech,2025,BITS & Top National Inst (Tier 1),Computer Science & Engineering,NPTEL Cloud Computing & Distributed Systems; TensorFlow Developer Certificate; IBM Data Science Professional,IBM; Udemy; AWS,3,Infosys Center,Product & Business Analytics,2,2,Both (Hybrid),87,94,8.4,Placed,16.31,On-Campus / Off-Campus Placement,28,"Power BI, Java, Python, Communication, Machine Learning, System Design, Data Analysis, Docker, Tableau, SQL"
STU10465,22,Female,BCA,2023,State Tech University (Tier 2),Computer Science & Engineering,Google Professional Data Engineer; Certified Information Systems Security Professional (CISSP),Udemy; Google Cloud,2,TCS Innovation Labs,Product & Business Analytics,3,1,Both (Hybrid),60,71,7.2,Placed,12.2,Internship Conversion,69,"Docker, Java, AWS, Power BI, Communication, Data Analysis, React, Machine Learning, Git, Python"
STU10466,22,Female,B.Sc (CS/IT),2024,State Tech University (Tier 2),Data Science & Artificial Intelligence,Meta Front-End Developer Specialization; Certified Information Systems Security Professional (CISSP); TensorFlow Developer Certificate,Coursera; Google Cloud; IBM,3,None,None,0,0,Certification Only,38,81,5.1,Unplaced,0.0,Not Converted,-1,"Kubernetes, Java, Tableau, System Design, Communication, Python, Problem Solving"
STU10467,24,Female,M.Tech,2023,State Tech University (Tier 2),Information Technology,AWS Certified Solutions Architect; Coursera Machine Learning Specialization,Udemy; Coursera,2,Deloitte Consulting,Data Science & Analytics,2,1,Both (Hybrid),53,72,7.1,Placed,11.95,On-Campus / Off-Campus Placement,74,"Data Analysis, System Design, React, Problem Solving, Communication, Java, Python, Tableau"
STU10468,21,Female,B.Sc (CS/IT),2024,Apex Institute of Technology (Tier 2),Information Technology,IBM Data Science Professional; Microsoft Certified: Azure Developer,Microsoft Azure; Meta,2,Microsoft Tech,Cyber Security,3,1,Both (Hybrid),63,69,8.1,Placed,8.95,On-Campus / Off-Campus Placement,70,"Problem Solving, Kubernetes, Tableau, Machine Learning, Java, AWS, System Design, Docker, SQL"
STU10469,25,Male,B.Tech,2026,State Tech University (Tier 2),Computer Science & Engineering,AWS Certified Solutions Architect; TensorFlow Developer Certificate; IBM Data Science Professional,AWS; Coursera; Meta,3,Amazon AWS,Product & Business Analytics,9,1,Both (Hybrid),78,92,9.3,Placed,13.54,Direct PPO (Pre-Placement Offer),14,"Tableau, Git, Python, Kubernetes, SQL, Java, AWS, Docker, Problem Solving, System Design"
STU10470,21,Male,BCA,2026,Apex Institute of Technology (Tier 2),Data Science & Artificial Intelligence,None,None,0,None,None,0,0,Neither,36,52,4.8,Placed,6.5,On-Campus / Off-Campus Placement,132,"SQL, Tableau"
STU10471,25,Male,B.Tech,2025,City Engineering College (Tier 3),Business Analytics,Meta Front-End Developer Specialization; Docker & Kubernetes Developer Cert; TensorFlow Developer Certificate,IBM; Udemy; NPTEL,3,None,None,0,0,Certification Only,28,85,5.2,Placed,5.32,On-Campus / Off-Campus Placement,100,"Python, Power BI, System Design, Kubernetes, SQL, Machine Learning, React"
STU10472,21,Female,B.Tech,2023,City Engineering College (Tier 3),Electronics & Communication,NPTEL Cloud Computing & Distributed Systems; Certified Information Systems Security Professional (CISSP),NPTEL; IBM,2,Google India,Artificial Intelligence / ML,3,2,Both (Hybrid),75,67,7.7,Placed,10.34,On-Campus / Off-Campus Placement,37,"React, Communication, Data Analysis, Python, SQL, Tableau, Docker, AWS, Java, Git"
STU10473,24,Female,B.Sc (CS/IT),2026,BITS & Top National Inst (Tier 1),Computer Science & Engineering,None,None,0,Amazon AWS,Data Science & Analytics,12,1,Internship Only,99,57,9.0,Placed,17.0,On-Campus / Off-Campus Placement,46,"Tableau, Problem Solving, System Design, Docker, Data Analysis, Kubernetes"
STU10474,22,Male,B.Tech,2025,Apex Institute of Technology (Tier 2),Cyber Security,Certified Information Systems Security Professional (CISSP); Docker & Kubernetes Developer Cert,Udemy; NPTEL,2,InnovateTech Startup,Product & Business Analytics,3,2,Both (Hybrid),86,65,8.3,Placed,12.95,On-Campus / Off-Campus Placement,22,"Python, Communication, System Design, Kubernetes, Tableau, AWS, Java, SQL, Power BI, Machine Learning"
STU10475,25,Male,B.Tech,2023,State Tech University (Tier 2),Information Technology,None,None,0,FinTech Solutions,Cloud & DevOps,9,1,Internship Only,85,46,6.8,Placed,13.59,Direct PPO (Pre-Placement Offer),48,"Communication, AWS, React, System Design, Python, Data Analysis"
STU10476,21,Female,B.Tech,2026,State Tech University (Tier 2),Computer Science & Engineering,Docker & Kubernetes Developer Cert; Certified Information Systems Security Professional (CISSP),Udemy; AWS,2,Microsoft Tech,Data Science & Analytics,9,1,Both (Hybrid),80,67,8.5,Placed,14.13,Direct PPO (Pre-Placement Offer),26,"Power BI, Machine Learning, Python, System Design, AWS, Communication, Docker, Data Analysis, Git, Kubernetes"
STU10477,22,Male,BCA,2025,IIT / NIT Group (Tier 1),Computer Science & Engineering,Certified Information Systems Security Professional (CISSP); Meta Front-End Developer Specialization,NPTEL; Meta,2,Google India,Cyber Security,2,1,Both (Hybrid),76,80,7.4,Placed,12.34,Internship Conversion,55,"Tableau, Docker, Communication, System Design, Power BI, Java, Python, AWS, Git, Problem Solving"
STU10478,25,Female,B.Sc (CS/IT),2025,State Tech University (Tier 2),Computer Science & Engineering,TensorFlow Developer Certificate; Google Professional Data Engineer; Certified Information Systems Security Professional (CISSP),Google Cloud; Coursera; IBM,4,Deloitte Consulting,Cloud & DevOps,3,2,Both (Hybrid),74,98,10.0,Placed,14.49,On-Campus / Off-Campus Placement,5,"Git, Docker, SQL, Communication, Java, React, Data Analysis, Python, System Design, Problem Solving"
STU10479,22,Non-Binary,B.Tech,2025,State Tech University (Tier 2),Information Technology,None,None,0,DataMetrics Labs,Data Science & Analytics,12,1,Internship Only,77,34,8.6,Placed,16.44,Direct PPO (Pre-Placement Offer),33,"Docker, Tableau, React, Python, Power BI"
STU10480,22,Male,B.Sc (CS/IT),2024,State Tech University (Tier 2),Computer Science & Engineering,Coursera Machine Learning Specialization; Certified Information Systems Security Professional (CISSP),Meta; Udemy,2,TCS Innovation Labs,Data Science & Analytics,3,1,Both (Hybrid),60,77,7.4,Placed,12.15,On-Campus / Off-Campus Placement,65,"React, Git, Python, Java, Kubernetes, SQL, Communication, AWS"
STU10481,23,Male,B.Tech,2024,Apex Institute of Technology (Tier 2),Data Science & Artificial Intelligence,Docker & Kubernetes Developer Cert,Microsoft Azure,1,None,None,0,0,Certification Only,38,45,4.3,Placed,6.56,On-Campus / Off-Campus Placement,86,"SQL, Kubernetes, React, Docker, Problem Solving"
STU10482,22,Female,B.Tech,2025,Apex Institute of Technology (Tier 2),Computer Science & Engineering,Google Professional Data Engineer; Coursera Machine Learning Specialization,Google Cloud; Coursera,2,CyberGuard Analytics,Product & Business Analytics,2,1,Both (Hybrid),62,78,6.5,Unplaced,0.0,Not Converted,-1,"Machine Learning, Kubernetes, Tableau, Problem Solving, Docker, React, Power BI, Data Analysis, Communication, SQL"
STU10483,22,Female,B.Sc (CS/IT),2024,BITS & Top National Inst (Tier 1),Business Analytics,Microsoft Certified: Azure Developer; Docker & Kubernetes Developer Cert,Coursera; Microsoft Azure,2,Microsoft Tech,Cloud & DevOps,2,2,Both (Hybrid),92,73,8.8,Placed,15.83,On-Campus / Off-Campus Placement,52,"System Design, Power BI, React, Data Analysis, AWS, Tableau, Machine Learning, SQL, Java, Problem Solving"
STU10484,22,Female,BCA,2024,IIT / NIT Group (Tier 1),Computer Science & Engineering,Coursera Machine Learning Specialization; Google Professional Data Engineer,AWS; NPTEL,2,CyberGuard Analytics,Data Science & Analytics,7,2,Both (Hybrid),88,74,10.0,Placed,19.35,Direct PPO (Pre-Placement Offer),23,"Java, Kubernetes, Power BI, Communication, Docker, Tableau, Git, Problem Solving, System Design, SQL"
STU10485,24,Female,MBA (Tech & Analytics),2025,City Engineering College (Tier 3),Business Analytics,Coursera Machine Learning Specialization; Google Professional Data Engineer; Certified Information Systems Security Professional (CISSP),AWS; NPTEL; Coursera,3,TCS Innovation Labs,Data Science & Analytics,12,1,Both (Hybrid),71,77,9.4,Placed,12.57,Direct PPO (Pre-Placement Offer),5,"System Design, Tableau, Power BI, Problem Solving, Java, AWS, Machine Learning, Communication, Docker, Kubernetes"
STU10486,21,Male,B.Tech,2025,IIT / NIT Group (Tier 1),Business Analytics,AWS Certified Solutions Architect; Coursera Machine Learning Specialization; TensorFlow Developer Certificate,Microsoft Azure; NPTEL; IBM,3,None,None,0,0,Certification Only,48,90,6.2,Placed,10.48,On-Campus / Off-Campus Placement,110,"Tableau, React, System Design, Docker, Power BI, Machine Learning, Data Analysis"
STU10487,22,Male,BCA,2024,Regional Tech Institute (Tier 3),Computer Science & Engineering,None,None,0,DataMetrics Labs,Data Science & Analytics,12,1,Internship Only,72,39,8.7,Placed,10.55,On-Campus / Off-Campus Placement,25,"Power BI, Python, System Design, Communication"
STU10488,25,Female,BCA,2025,Apex Institute of Technology (Tier 2),Data Science & Artificial Intelligence,IBM Data Science Professional,Coursera,1,InnovateTech Startup,Cyber Security,7,2,Both (Hybrid),83,56,8.7,Placed,17.8,Direct PPO (Pre-Placement Offer),9,"Communication, Git, Data Analysis, Docker, React, SQL, Machine Learning, Python, AWS, Problem Solving"
STU10489,24,Female,M.Tech,2025,State Tech University (Tier 2),Computer Science & Engineering,IBM Data Science Professional; AWS Certified Solutions Architect,Coursera; AWS,2,None,None,0,0,Certification Only,46,76,4.9,Placed,8.0,On-Campus / Off-Campus Placement,87,"System Design, Java, Power BI, SQL, Tableau"
STU10490,22,Male,B.Tech,2025,BITS & Top National Inst (Tier 1),Business Analytics,Meta Front-End Developer Specialization,Meta,1,InnovateTech Startup,Cyber Security,7,2,Both (Hybrid),93,61,9.8,Placed,18.4,On-Campus / Off-Campus Placement,12,"Tableau, Git, Java, React, Communication, SQL, Kubernetes, Data Analysis, Docker"
STU10491,22,Female,B.Sc (CS/IT),2024,IIT / NIT Group (Tier 1),Data Science & Artificial Intelligence,None,None,0,TCS Innovation Labs,Cyber Security,7,2,Internship Only,100,53,9.6,Placed,16.66,On-Campus / Off-Campus Placement,41,"System Design, React, Machine Learning, SQL, Git, Tableau, Python, Power BI, Docker"
STU10492,22,Female,BCA,2024,BITS & Top National Inst (Tier 1),Computer Science & Engineering,Microsoft Certified: Azure Developer; AWS Certified Solutions Architect,Google Cloud; Udemy,2,None,None,0,0,Certification Only,53,66,4.9,Placed,11.62,On-Campus / Off-Campus Placement,113,"SQL, Kubernetes, AWS, Java, Git, Tableau, Problem Solving"
STU10493,21,Male,B.Tech,2024,BITS & Top National Inst (Tier 1),Computer Science & Engineering,AWS Certified Solutions Architect,Microsoft Azure,1,Amazon AWS,Cloud & DevOps,2,1,Both (Hybrid),73,66,7.2,Placed,13.89,On-Campus / Off-Campus Placement,72,"Python, System Design, Problem Solving, Communication, React, Machine Learning, Kubernetes"
STU10494,22,Male,B.Tech,2023,Apex Institute of Technology (Tier 2),Data Science & Artificial Intelligence,Certified Information Systems Security Professional (CISSP),Meta,1,CyberGuard Analytics,Cyber Security,3,1,Both (Hybrid),65,64,7.0,Placed,12.0,On-Campus / Off-Campus Placement,75,"Power BI, React, SQL, Data Analysis, Docker, Communication"
STU10495,22,Female,B.Tech,2024,BITS & Top National Inst (Tier 1),Business Analytics,Google Professional Data Engineer; Coursera Machine Learning Specialization; Microsoft Certified: Azure Developer,AWS; Udemy; Google Cloud,3,None,None,0,0,Certification Only,53,100,6.4,Placed,12.32,On-Campus / Off-Campus Placement,84,"Kubernetes, React, Java, Docker, Python, Git, Problem Solving, Tableau, AWS"
STU10496,22,Male,BCA,2024,State Tech University (Tier 2),Information Technology,IBM Data Science Professional,Coursera,1,InnovateTech Startup,Data Science & Analytics,3,1,Both (Hybrid),61,66,6.8,Placed,11.39,Internship Conversion,55,"Docker, AWS, Java, System Design, Communication, Problem Solving, Machine Learning"
STU10497,21,Male,M.Tech,2024,Apex Institute of Technology (Tier 2),Electronics & Communication,None,None,0,None,None,0,0,Neither,34,47,4.3,Placed,8.21,On-Campus / Off-Campus Placement,106,"Problem Solving, AWS"
STU10498,25,Male,BCA,2026,State Tech University (Tier 2),Data Science & Artificial Intelligence,None,None,0,InnovateTech Startup,Product & Business Analytics,7,2,Internship Only,95,39,9.6,Placed,14.52,On-Campus / Off-Campus Placement,13,"AWS, Data Analysis, Git, Power BI, Python, Machine Learning, Tableau, React, Kubernetes"
STU10499,25,Female,BCA,2023,IIT / NIT Group (Tier 1),Computer Science & Engineering,Microsoft Certified: Azure Developer; Meta Front-End Developer Specialization; Coursera Machine Learning Specialization,Coursera; Google Cloud; IBM,3,CyberGuard Analytics,Software Engineering,2,2,Both (Hybrid),80,88,10.0,Placed,17.72,Internship Conversion,29,"System Design, React, Tableau, Docker, Java, Machine Learning, Kubernetes, AWS, Power BI, Python"
STU10500,23,Female,BCA,2025,IIT / NIT Group (Tier 1),Cyber Security,Certified Information Systems Security Professional (CISSP); Meta Front-End Developer Specialization; NPTEL Cloud Computing & Distributed Systems,Microsoft Azure; Meta; Coursera,4,InnovateTech Startup,Cyber Security,9,3,Both (Hybrid),100,100,10.0,Placed,23.09,Direct PPO (Pre-Placement Offer),5,"Docker, Problem Solving, Java, Tableau, Python, React, System Design, SQL, Communication, Kubernetes"
STU10501,22,Female,B.Tech,2025,IIT / NIT Group (Tier 1),Computer Science & Engineering,AWS Certified Solutions Architect; TensorFlow Developer Certificate,Udemy; Google Cloud,2,DataMetrics Labs,Artificial Intelligence / ML,3,1,Both (Hybrid),71,79,8.3,Placed,14.87,Internship Conversion,58,"System Design, Data Analysis, Communication, Java, SQL, Git, Docker, Kubernetes"
STU10502,22,Male,B.Tech,2023,Apex Institute of Technology (Tier 2),Business Analytics,NPTEL Cloud Computing & Distributed Systems,Microsoft Azure,1,None,None,0,0,Certification Only,47,61,4.1,Placed,7.39,On-Campus / Off-Campus Placement,136,"Communication, Tableau, Git"
STU10503,23,Female,B.Tech,2026,State Tech University (Tier 2),Data Science & Artificial Intelligence,Coursera Machine Learning Specialization; Microsoft Certified: Azure Developer; Docker & Kubernetes Developer Cert,NPTEL; AWS; Microsoft Azure,4,InnovateTech Startup,Data Science & Analytics,6,1,Both (Hybrid),69,99,8.5,Placed,14.77,Direct PPO (Pre-Placement Offer),47,"Python, Data Analysis, React, Tableau, Kubernetes, Communication, System Design, Power BI, Docker, Git"
STU10504,23,Female,B.Tech,2025,Apex Institute of Technology (Tier 2),Computer Science & Engineering,TensorFlow Developer Certificate; Certified Information Systems Security Professional (CISSP),Microsoft Azure; Google Cloud,2,InnovateTech Startup,Data Science & Analytics,7,2,Both (Hybrid),87,69,9.1,Placed,13.89,On-Campus / Off-Campus Placement,27,"Data Analysis, Tableau, Docker, Power BI, Git, Communication, Problem Solving, AWS, Machine Learning, React"
STU10505,21,Female,B.Tech,2024,State Tech University (Tier 2),Information Technology,TensorFlow Developer Certificate; IBM Data Science Professional; Docker & Kubernetes Developer Cert,Udemy; AWS; Coursera,3,Amazon AWS,Software Engineering,12,1,Both (Hybrid),83,77,10.0,Placed,15.89,On-Campus / Off-Campus Placement,12,"SQL, AWS, Tableau, System Design, Problem Solving, Python, Power BI, Kubernetes, Communication, Data Analysis"
STU10506,24,Female,BCA,2025,State Tech University (Tier 2),Cyber Security,Certified Information Systems Security Professional (CISSP); TensorFlow Developer Certificate; Microsoft Certified: Azure Developer,Microsoft Azure; Google Cloud; AWS,3,Infosys Center,Cyber Security,9,1,Both (Hybrid),79,85,9.0,Placed,13.94,Direct PPO (Pre-Placement Offer),27,"Communication, Problem Solving, Kubernetes, System Design, Docker, Machine Learning, Python, AWS, Power BI, Tableau"
STU10507,23,Male,B.Tech,2024,State Tech University (Tier 2),Cyber Security,AWS Certified Solutions Architect,Coursera,1,Google India,Cyber Security,2,1,Both (Hybrid),58,55,6.5,Placed,10.04,Internship Conversion,63,"Kubernetes, Python, Tableau, Java, AWS, Problem Solving"
STU10508,24,Female,B.Tech,2025,Apex Institute of Technology (Tier 2),Computer Science & Engineering,NPTEL Cloud Computing & Distributed Systems,Meta,1,None,None,0,0,Certification Only,41,60,4.8,Unplaced,0.0,Not Converted,-1,"Machine Learning, Java, Communication, System Design, AWS"
STU10509,23,Male,B.Tech,2023,State Tech University (Tier 2),Computer Science & Engineering,None,None,0,None,None,0,0,Neither,40,53,4.6,Placed,6.73,On-Campus / Off-Campus Placement,136,"Python, Problem Solving, Data Analysis"
STU10510,22,Female,B.Tech,2025,BITS & Top National Inst (Tier 1),Data Science & Artificial Intelligence,TensorFlow Developer Certificate,Microsoft Azure,1,None,None,0,0,Certification Only,42,58,4.6,Placed,11.49,On-Campus / Off-Campus Placement,120,"Problem Solving, SQL, Tableau, React"
STU10511,22,Male,M.Tech,2024,Apex Institute of Technology (Tier 2),Information Technology,Coursera Machine Learning Specialization; TensorFlow Developer Certificate; AWS Certified Solutions Architect,IBM; Microsoft Azure; Meta,3,DataMetrics Labs,Software Engineering,3,1,Both (Hybrid),65,88,8.9,Placed,13.04,On-Campus / Off-Campus Placement,51,"Tableau, React, Java, Kubernetes, Docker, Problem Solving, Communication, Git, Power BI, SQL"
STU10512,24,Male,M.Tech,2025,State Tech University (Tier 2),Information Technology,Google Professional Data Engineer; Meta Front-End Developer Specialization; IBM Data Science Professional,NPTEL; Coursera; AWS,3,None,None,0,0,Certification Only,55,87,5.1,Placed,8.74,On-Campus / Off-Campus Placement,84,"Problem Solving, Java, Tableau, React, Communication, Docker, Git, SQL, Power BI"
STU10513,24,Male,B.Sc (CS/IT),2024,State Tech University (Tier 2),Computer Science & Engineering,Google Professional Data Engineer; Microsoft Certified: Azure Developer,NPTEL; Coursera,2,InnovateTech Startup,Artificial Intelligence / ML,3,1,Both (Hybrid),74,81,6.8,Placed,11.86,On-Campus / Off-Campus Placement,78,"AWS, React, Communication, Java, Python, Machine Learning, Docker, Kubernetes, Data Analysis, SQL"
STU10514,21,Female,B.Tech,2025,Apex Institute of Technology (Tier 2),Cyber Security,NPTEL Cloud Computing & Distributed Systems,Microsoft Azure,1,Amazon AWS,Product & Business Analytics,12,1,Both (Hybrid),72,59,8.9,Placed,16.05,On-Campus / Off-Campus Placement,28,"Problem Solving, Power BI, System Design, Communication, Kubernetes, Data Analysis"
STU10515,21,Male,B.Sc (CS/IT),2025,State Tech University (Tier 2),Information Technology,None,None,0,Microsoft Tech,Artificial Intelligence / ML,6,1,Internship Only,71,52,6.6,Placed,13.46,Direct PPO (Pre-Placement Offer),45,"Data Analysis, Git, System Design, Machine Learning"
STU10516,22,Female,B.Sc (CS/IT),2024,Apex Institute of Technology (Tier 2),Electronics & Communication,None,None,0,None,None,0,0,Neither,33,55,4.1,Unplaced,0.0,Not Converted,-1,"Communication, React"
STU10517,23,Male,B.Sc (CS/IT),2025,State Tech University (Tier 2),Data Science & Artificial Intelligence,Certified Information Systems Security Professional (CISSP),Meta,1,Microsoft Tech,Cyber Security,3,2,Both (Hybrid),88,59,7.9,Placed,14.41,On-Campus / Off-Campus Placement,48,"Machine Learning, Tableau, AWS, Problem Solving, System Design, Git, Power BI, React, Docker, Kubernetes"
STU10518,25,Male,B.Tech,2024,Apex Institute of Technology (Tier 2),Data Science & Artificial Intelligence,Coursera Machine Learning Specialization,Coursera,1,Microsoft Tech,Data Science & Analytics,9,1,Both (Hybrid),85,50,8.0,Placed,13.71,Direct PPO (Pre-Placement Offer),47,"Tableau, Communication, Kubernetes, SQL, React, Machine Learning, Problem Solving"
STU10519,21,Female,BCA,2026,Apex Institute of Technology (Tier 2),Cyber Security,IBM Data Science Professional; AWS Certified Solutions Architect,IBM; NPTEL,2,FinTech Solutions,Cyber Security,2,2,Both (Hybrid),71,79,8.5,Placed,14.52,On-Campus / Off-Campus Placement,27,"AWS, Tableau, Data Analysis, Problem Solving, React, SQL, Python, Communication, Docker, Power BI"
STU10520,22,Male,B.Sc (CS/IT),2024,State Tech University (Tier 2),Data Science & Artificial Intelligence,None,None,0,DataMetrics Labs,Cyber Security,3,1,Internship Only,68,52,6.7,Placed,10.0,On-Campus / Off-Campus Placement,70,"Kubernetes, Power BI, Tableau, Machine Learning"
STU10521,22,Male,BCA,2025,Apex Institute of Technology (Tier 2),Electronics & Communication,NPTEL Cloud Computing & Distributed Systems; Certified Information Systems Security Professional (CISSP); Meta Front-End Developer Specialization,AWS; Google Cloud; Udemy,5,None,None,0,0,Certification Only,27,100,5.6,Placed,10.64,On-Campus / Off-Campus Placement,92,"Tableau, React, Problem Solving, Data Analysis, Machine Learning, Docker, System Design, Java, AWS, Kubernetes"
STU10522,25,Female,BCA,2025,City Engineering College (Tier 3),Cyber Security,Certified Information Systems Security Professional (CISSP),NPTEL,1,None,None,0,0,Certification Only,32,59,5.3,Unplaced,0.0,Not Converted,-1,"AWS, Java, Power BI, React, Git"
STU10523,23,Male,B.Tech,2024,State Tech University (Tier 2),Information Technology,NPTEL Cloud Computing & Distributed Systems; Certified Information Systems Security Professional (CISSP); Docker & Kubernetes Developer Cert,Microsoft Azure; NPTEL; AWS,3,DataMetrics Labs,Cloud & DevOps,2,2,Both (Hybrid),82,86,8.8,Placed,14.84,On-Campus / Off-Campus Placement,19,"Problem Solving, AWS, Docker, Communication, Power BI, Tableau, Kubernetes, SQL, Java, Git"
STU10524,23,Male,BCA,2024,State Tech University (Tier 2),Data Science & Artificial Intelligence,TensorFlow Developer Certificate; IBM Data Science Professional,Udemy; NPTEL,2,DataMetrics Labs,Cyber Security,3,1,Both (Hybrid),58,71,7.0,Placed,11.97,On-Campus / Off-Campus Placement,48,"Git, Communication, Tableau, Kubernetes, Python, Java, React, Docker, Machine Learning, SQL"
STU10525,22,Male,B.Tech,2024,Apex Institute of Technology (Tier 2),Computer Science & Engineering,None,None,0,CyberGuard Analytics,Cyber Security,2,1,Internship Only,58,52,6.3,Placed,9.13,On-Campus / Off-Campus Placement,89,"Tableau, SQL, Problem Solving, Python, Docker"
STU10526,22,Female,BCA,2025,Apex Institute of Technology (Tier 2),Computer Science & Engineering,IBM Data Science Professional; NPTEL Cloud Computing & Distributed Systems; TensorFlow Developer Certificate,Meta; Google Cloud; IBM,3,FinTech Solutions,Cyber Security,2,1,Both (Hybrid),62,86,6.5,Placed,10.19,On-Campus / Off-Campus Placement,51,"Machine Learning, Communication, Kubernetes, SQL, Git, System Design, Java, Python, Problem Solving, Power BI"
STU10527,22,Female,B.Tech,2024,IIT / NIT Group (Tier 1),Computer Science & Engineering,Coursera Machine Learning Specialization; Microsoft Certified: Azure Developer,NPTEL; Microsoft Azure,2,None,None,0,0,Certification Only,46,79,5.5,Placed,10.79,On-Campus / Off-Campus Placement,105,"Machine Learning, System Design, Java, Tableau, Power BI"
STU10528,21,Female,B.Tech,2025,City Engineering College (Tier 3),Computer Science & Engineering,Google Professional Data Engineer; Microsoft Certified: Azure Developer,AWS; Udemy,2,Infosys Center,Software Engineering,9,1,Both (Hybrid),76,74,8.1,Placed,13.36,Direct PPO (Pre-Placement Offer),38,"Python, Git, Data Analysis, Power BI, Kubernetes, System Design, Communication, Java"
STU10529,24,Female,B.Tech,2025,IIT / NIT Group (Tier 1),Computer Science & Engineering,Coursera Machine Learning Specialization; IBM Data Science Professional,Google Cloud; Microsoft Azure,2,Deloitte Consulting,Cyber Security,2,1,Both (Hybrid),69,76,7.6,Placed,11.4,On-Campus / Off-Campus Placement,67,"System Design, Communication, SQL, Kubernetes, React, Problem Solving, Python, Git, Java, Data Analysis"
STU10530,23,Male,BCA,2024,Apex Institute of Technology (Tier 2),Computer Science & Engineering,None,None,0,FinTech Solutions,Product & Business Analytics,2,2,Internship Only,71,47,8.1,Placed,12.17,On-Campus / Off-Campus Placement,64,"Tableau, Kubernetes, React, Power BI, AWS, Docker, Problem Solving"
STU10531,25,Male,B.Tech,2025,Apex Institute of Technology (Tier 2),Data Science & Artificial Intelligence,Docker & Kubernetes Developer Cert; Certified Information Systems Security Professional (CISSP),Google Cloud; Meta,2,None,None,0,0,Certification Only,42,72,4.7,Unplaced,0.0,Not Converted,-1,"SQL, System Design, Docker, Java, Git, Power BI"
STU10532,25,Female,BCA,2024,Regional Tech Institute (Tier 3),Data Science & Artificial Intelligence,Google Professional Data Engineer; Microsoft Certified: Azure Developer; Meta Front-End Developer Specialization,IBM; Microsoft Azure; Google Cloud,4,FinTech Solutions,Software Engineering,2,2,Both (Hybrid),77,100,9.0,Placed,16.05,On-Campus / Off-Campus Placement,14,"Git, Communication, Machine Learning, React, Power BI, System Design, AWS, Tableau, Docker, Kubernetes"
STU10533,22,Male,B.Sc (CS/IT),2023,IIT / NIT Group (Tier 1),Computer Science & Engineering,None,None,0,FinTech Solutions,Data Science & Analytics,6,1,Internship Only,69,37,8.1,Placed,13.73,On-Campus / Off-Campus Placement,41,"React, Data Analysis, Machine Learning, SQL, Python"
STU10534,23,Male,B.Tech,2025,Apex Institute of Technology (Tier 2),Computer Science & Engineering,Google Professional Data Engineer,IBM,1,None,None,0,0,Certification Only,40,68,4.4,Placed,5.91,On-Campus / Off-Campus Placement,106,"Machine Learning, Kubernetes, Communication"
STU10535,24,Male,B.Tech,2023,State Tech University (Tier 2),Information Technology,Microsoft Certified: Azure Developer; Google Professional Data Engineer; NPTEL Cloud Computing & Distributed Systems,Coursera; NPTEL; AWS,4,Microsoft Tech,Software Engineering,19,3,Both (Hybrid),100,100,10.0,Placed,26.29,Direct PPO (Pre-Placement Offer),5,"Java, Docker, Problem Solving, System Design, Git, React, Power BI, Tableau, Python, SQL"
STU10536,23,Male,B.Tech,2024,State Tech University (Tier 2),Data Science & Artificial Intelligence,Certified Information Systems Security Professional (CISSP),Google Cloud,1,Deloitte Consulting,Product & Business Analytics,7,2,Both (Hybrid),84,65,9.1,Placed,16.54,Direct PPO (Pre-Placement Offer),40,"Problem Solving, Machine Learning, Tableau, Java, Kubernetes, AWS, Communication, Power BI, System Design, React"
STU10537,21,Non-Binary,M.Tech,2026,IIT / NIT Group (Tier 1),Data Science & Artificial Intelligence,NPTEL Cloud Computing & Distributed Systems; Coursera Machine Learning Specialization,IBM; Meta,2,InnovateTech Startup,Data Science & Analytics,3,1,Both (Hybrid),71,68,7.5,Placed,14.17,On-Campus / Off-Campus Placement,72,"Tableau, System Design, Power BI, Java, AWS, Kubernetes, SQL, Data Analysis, Machine Learning"
STU10538,22,Male,BCA,2024,Apex Institute of Technology (Tier 2),Information Technology,IBM Data Science Professional; Meta Front-End Developer Specialization,Coursera; Microsoft Azure,2,DataMetrics Labs,Product & Business Analytics,6,1,Both (Hybrid),78,63,8.1,Placed,14.54,Direct PPO (Pre-Placement Offer),65,"Kubernetes, SQL, Machine Learning, Data Analysis, Power BI, Git, Python, Java, Communication"
STU10539,21,Male,B.Tech,2026,State Tech University (Tier 2),Electronics & Communication,Microsoft Certified: Azure Developer; NPTEL Cloud Computing & Distributed Systems,NPTEL; Google Cloud,2,CyberGuard Analytics,Artificial Intelligence / ML,15,2,Both (Hybrid),100,69,10.0,Placed,19.18,Direct PPO (Pre-Placement Offer),5,"Power BI, Communication, Machine Learning, System Design, Java, Data Analysis, Problem Solving, Python, Git, React"
STU10540,25,Male,B.Tech,2026,IIT / NIT Group (Tier 1),Data Science & Artificial Intelligence,IBM Data Science Professional,Udemy,1,Amazon AWS,Product & Business Analytics,3,3,Both (Hybrid),100,71,10.0,Placed,19.03,On-Campus / Off-Campus Placement,5,"Communication, Java, SQL, Docker, Power BI, System Design, Python, Machine Learning, Problem Solving, Kubernetes"
STU10541,22,Non-Binary,BCA,2024,Apex Institute of Technology (Tier 2),Information Technology,Meta Front-End Developer Specialization,Udemy,1,CyberGuard Analytics,Cyber Security,3,2,Both (Hybrid),74,56,8.6,Placed,12.33,On-Campus / Off-Campus Placement,33,"SQL, System Design, Power BI, React, Kubernetes, Problem Solving, Java, Tableau, Data Analysis, Machine Learning"
STU10542,21,Male,M.Tech,2023,Apex Institute of Technology (Tier 2),Cyber Security,None,None,0,TCS Innovation Labs,Software Engineering,11,2,Internship Only,99,49,10.0,Placed,16.79,Direct PPO (Pre-Placement Offer),33,"System Design, AWS, Data Analysis, Kubernetes, Communication, Power BI, Git"
STU10543,23,Male,B.Sc (CS/IT),2025,Apex Institute of Technology (Tier 2),Electronics & Communication,IBM Data Science Professional; TensorFlow Developer Certificate,AWS; Udemy,2,Google India,Cyber Security,3,1,Both (Hybrid),62,60,6.9,Placed,12.47,On-Campus / Off-Campus Placement,54,"Python, Docker, System Design, Communication, Power BI, Tableau, SQL, Problem Solving"
STU10544,22,Female,BCA,2024,City Engineering College (Tier 3),Data Science & Artificial Intelligence,TensorFlow Developer Certificate; Microsoft Certified: Azure Developer,Meta; NPTEL,2,Amazon AWS,Software Engineering,3,3,Both (Hybrid),92,63,9.3,Placed,14.55,Internship Conversion,22,"Power BI, React, Tableau, AWS, Kubernetes, Problem Solving, Communication, Docker, Python, Data Analysis"
STU10545,22,Female,B.Tech,2023,State Tech University (Tier 2),Information Technology,Docker & Kubernetes Developer Cert; Google Professional Data Engineer,Coursera; AWS,2,None,None,0,0,Certification Only,43,82,4.6,Unplaced,0.0,Not Converted,-1,"Power BI, Tableau, Machine Learning, SQL, System Design, Kubernetes"
STU10546,21,Male,B.Tech,2025,Regional Tech Institute (Tier 3),Computer Science & Engineering,TensorFlow Developer Certificate; AWS Certified Solutions Architect,Microsoft Azure; AWS,2,None,None,0,0,Certification Only,39,72,4.7,Placed,7.09,On-Campus / Off-Campus Placement,114,"Java, Kubernetes, Python, Data Analysis, Tableau, AWS"
STU10547,23,Male,B.Tech,2023,City Engineering College (Tier 3),Data Science & Artificial Intelligence,TensorFlow Developer Certificate,AWS,1,Google India,Product & Business Analytics,3,3,Both (Hybrid),92,54,9.3,Placed,12.49,Internship Conversion,12,"System Design, Git, AWS, Python, Data Analysis, SQL, Tableau, Machine Learning, Java, React"
STU10548,22,Male,B.Tech,2026,State Tech University (Tier 2),Cyber Security,None,None,0,None,None,0,0,Neither,47,33,4.0,Unplaced,0.0,Not Converted,-1,"Python, System Design, Java"
STU10549,23,Male,B.Tech,2023,BITS & Top National Inst (Tier 1),Data Science & Artificial Intelligence,Coursera Machine Learning Specialization; Certified Information Systems Security Professional (CISSP); Google Professional Data Engineer,Meta; AWS; NPTEL,3,Google India,Cloud & DevOps,2,1,Both (Hybrid),62,99,8.5,Placed,15.08,Internship Conversion,52,"Communication, Docker, Problem Solving, React, Tableau, AWS, SQL, Machine Learning, Java, Python"
STU10550,22,Male,B.Tech,2023,State Tech University (Tier 2),Business Analytics,Docker & Kubernetes Developer Cert,AWS,1,InnovateTech Startup,Product & Business Analytics,2,1,Both (Hybrid),71,62,6.6,Placed,10.31,On-Campus / Off-Campus Placement,97,"AWS, Communication, Python, Kubernetes, Problem Solving, Machine Learning, SQL, Docker"
STU10551,24,Male,B.Tech,2023,State Tech University (Tier 2),Data Science & Artificial Intelligence,Google Professional Data Engineer,IBM,1,InnovateTech Startup,Cloud & DevOps,7,2,Both (Hybrid),85,46,9.2,Placed,16.6,Direct PPO (Pre-Placement Offer),27,"SQL, Machine Learning, Java, AWS, System Design, React, Tableau, Data Analysis, Git, Problem Solving"
STU10552,22,Male,MBA (Tech & Analytics),2026,Apex Institute of Technology (Tier 2),Cyber Security,None,None,0,Deloitte Consulting,Cyber Security,6,1,Internship Only,76,53,6.6,Placed,12.81,Direct PPO (Pre-Placement Offer),76,"Java, Tableau, React, System Design"
STU10553,22,Male,BCA,2025,Apex Institute of Technology (Tier 2),Data Science & Artificial Intelligence,None,None,0,CyberGuard Analytics,Cloud & DevOps,12,1,Internship Only,82,50,8.1,Placed,14.14,Direct PPO (Pre-Placement Offer),15,"Python, Data Analysis, React, Git, Docker"
STU10554,24,Female,B.Sc (CS/IT),2025,Apex Institute of Technology (Tier 2),Computer Science & Engineering,Google Professional Data Engineer,Meta,1,None,None,0,0,Certification Only,39,58,4.0,Unplaced,0.0,Not Converted,-1,"AWS, Tableau, Docker, Machine Learning"
STU10555,22,Female,B.Sc (CS/IT),2024,State Tech University (Tier 2),Data Science & Artificial Intelligence,AWS Certified Solutions Architect; Microsoft Certified: Azure Developer; Docker & Kubernetes Developer Cert,Google Cloud; Microsoft Azure; Coursera,3,None,None,0,0,Certification Only,38,81,5.4,Placed,12.03,On-Campus / Off-Campus Placement,66,"Python, Java, Git, AWS, SQL, Tableau, System Design"
STU10556,21,Female,B.Tech,2024,IIT / NIT Group (Tier 1),Computer Science & Engineering,TensorFlow Developer Certificate; IBM Data Science Professional; AWS Certified Solutions Architect,Google Cloud; NPTEL; Udemy,4,InnovateTech Startup,Cloud & DevOps,11,2,Both (Hybrid),100,100,10.0,Placed,21.92,Direct PPO (Pre-Placement Offer),5,"Docker, Power BI, Problem Solving, SQL, AWS, Data Analysis, Communication, Git, Java, Machine Learning"
STU10557,21,Male,B.Sc (CS/IT),2024,City Engineering College (Tier 3),Computer Science & Engineering,TensorFlow Developer Certificate; IBM Data Science Professional; Google Professional Data Engineer,Google Cloud; NPTEL; Microsoft Azure,3,InnovateTech Startup,Cyber Security,9,1,Both (Hybrid),79,69,7.0,Placed,10.55,Direct PPO (Pre-Placement Offer),28,"System Design, Tableau, Git, AWS, Python, React, Power BI, Machine Learning, Kubernetes, SQL"
STU10558,23,Male,B.Tech,2024,State Tech University (Tier 2),Electronics & Communication,Meta Front-End Developer Specialization; Coursera Machine Learning Specialization; Certified Information Systems Security Professional (CISSP),Meta; Google Cloud; IBM,4,None,None,0,0,Certification Only,30,89,5.8,Placed,6.83,On-Campus / Off-Campus Placement,79,"Machine Learning, Kubernetes, Communication, Java, Data Analysis, Tableau, Git, Docker, SQL, Problem Solving"
STU10559,22,Female,BCA,2025,Regional Tech Institute (Tier 3),Computer Science & Engineering,Meta Front-End Developer Specialization; Google Professional Data Engineer; Coursera Machine Learning Specialization,Udemy; Microsoft Azure; AWS,4,Deloitte Consulting,Cyber Security,6,1,Both (Hybrid),68,88,7.2,Placed,11.98,Direct PPO (Pre-Placement Offer),31,"AWS, Machine Learning, System Design, Kubernetes, Power BI, Java, React, SQL, Docker, Problem Solving"
STU10560,23,Male,B.Tech,2025,IIT / NIT Group (Tier 1),Electronics & Communication,Certified Information Systems Security Professional (CISSP); Microsoft Certified: Azure Developer,IBM; Udemy,2,InnovateTech Startup,Product & Business Analytics,3,1,Both (Hybrid),69,73,7.0,Placed,13.81,Internship Conversion,29,"Machine Learning, AWS, SQL, Git, Kubernetes, Data Analysis, React, Docker"
STU10561,21,Male,MBA (Tech & Analytics),2024,Regional Tech Institute (Tier 3),Computer Science & Engineering,Certified Information Systems Security Professional (CISSP),AWS,1,TCS Innovation Labs,Cloud & DevOps,2,1,Both (Hybrid),45,56,6.0,Placed,10.01,On-Campus / Off-Campus Placement,43,"Machine Learning, Power BI, Problem Solving, Communication, SQL, Data Analysis"
STU10562,21,Female,B.Tech,2026,IIT / NIT Group (Tier 1),Computer Science & Engineering,Meta Front-End Developer Specialization; NPTEL Cloud Computing & Distributed Systems; TensorFlow Developer Certificate,AWS; Udemy; Coursera,3,None,None,0,0,Certification Only,37,97,5.3,Placed,12.19,On-Campus / Off-Campus Placement,94,"Git, React, Kubernetes, Machine Learning, Power BI, Python, Docker, Tableau"
STU10563,21,Female,B.Tech,2023,BITS & Top National Inst (Tier 1),Cyber Security,TensorFlow Developer Certificate,Google Cloud,1,None,None,0,0,Certification Only,52,71,5.0,Placed,9.13,On-Campus / Off-Campus Placement,120,"Java, Power BI, Kubernetes"
STU10564,22,Female,MBA (Tech & Analytics),2026,IIT / NIT Group (Tier 1),Data Science & Artificial Intelligence,TensorFlow Developer Certificate,AWS,1,FinTech Solutions,Cyber Security,6,1,Both (Hybrid),77,56,7.5,Placed,17.22,On-Campus / Off-Campus Placement,56,"Docker, Git, Machine Learning, AWS, Tableau, SQL, Problem Solving, Power BI"
STU10565,22,Male,B.Tech,2023,Apex Institute of Technology (Tier 2),Information Technology,Coursera Machine Learning Specialization,NPTEL,1,Infosys Center,Software Engineering,3,3,Both (Hybrid),100,61,9.7,Placed,16.0,Internship Conversion,5,"Problem Solving, Kubernetes, React, Power BI, Machine Learning, SQL, Tableau, Java, Docker, AWS"
STU10566,22,Male,BCA,2024,City Engineering College (Tier 3),Information Technology,Google Professional Data Engineer; AWS Certified Solutions Architect,Google Cloud; Udemy,2,Infosys Center,Cyber Security,2,1,Both (Hybrid),52,53,6.0,Placed,8.49,On-Campus / Off-Campus Placement,70,"Git, Data Analysis, Power BI, Problem Solving, Docker, Tableau, React, Communication, System Design, AWS"
STU10567,22,Female,B.Sc (CS/IT),2024,State Tech University (Tier 2),Data Science & Artificial Intelligence,Certified Information Systems Security Professional (CISSP),IBM,1,Microsoft Tech,Software Engineering,2,1,Both (Hybrid),73,48,5.8,Placed,12.3,Internship Conversion,55,"React, AWS, Docker, Git, Tableau, Python, Java, SQL"
STU10568,24,Male,B.Sc (CS/IT),2024,Regional Tech Institute (Tier 3),Business Analytics,None,None,0,None,None,0,0,Neither,27,48,3.0,Unplaced,0.0,Not Converted,-1,"System Design, Communication, AWS"
STU10569,22,Female,MBA (Tech & Analytics),2025,Apex Institute of Technology (Tier 2),Information Technology,IBM Data Science Professional,NPTEL,1,FinTech Solutions,Artificial Intelligence / ML,2,1,Both (Hybrid),72,60,5.7,Placed,9.82,On-Campus / Off-Campus Placement,41,"Data Analysis, Problem Solving, Git, Communication, Python, Docker"
STU10570,22,Female,MBA (Tech & Analytics),2024,Apex Institute of Technology (Tier 2),Data Science & Artificial Intelligence,Meta Front-End Developer Specialization; Coursera Machine Learning Specialization; Certified Information Systems Security Professional (CISSP),Udemy; IBM; Microsoft Azure,3,CyberGuard Analytics,Software Engineering,3,3,Both (Hybrid),100,76,8.9,Placed,17.96,Internship Conversion,5,"Java, Communication, Machine Learning, SQL, Problem Solving, Data Analysis, Python, System Design, Kubernetes, Git"
STU10571,23,Female,B.Tech,2024,City Engineering College (Tier 3),Electronics & Communication,IBM Data Science Professional; TensorFlow Developer Certificate,Udemy; IBM,2,InnovateTech Startup,Cyber Security,3,1,Both (Hybrid),59,70,7.7,Placed,9.73,On-Campus / Off-Campus Placement,71,"Kubernetes, Tableau, AWS, Data Analysis, Docker, Communication, SQL, Java, React"
STU10572,22,Male,B.Sc (CS/IT),2025,State Tech University (Tier 2),Computer Science & Engineering,Google Professional Data Engineer; Certified Information Systems Security Professional (CISSP); Microsoft Certified: Azure Developer,NPTEL; AWS; Microsoft Azure,3,None,None,0,0,Certification Only,41,98,5.2,Placed,9.28,On-Campus / Off-Campus Placement,113,"Data Analysis, Kubernetes, Java, Problem Solving, Python, SQL, React, Power BI, System Design"
STU10573,22,Male,BCA,2025,State Tech University (Tier 2),Data Science & Artificial Intelligence,None,None,0,TCS Innovation Labs,Cloud & DevOps,4,3,Internship Only,100,44,9.1,Placed,16.92,On-Campus / Off-Campus Placement,12,"Problem Solving, Power BI, Java, Git, Machine Learning, System Design, Communication, Tableau, Python, Docker"
STU10574,24,Female,BCA,2025,City Engineering College (Tier 3),Cyber Security,None,None,0,Amazon AWS,Cloud & DevOps,9,1,Internship Only,68,41,7.9,Placed,10.54,On-Campus / Off-Campus Placement,43,"Tableau, Problem Solving, Data Analysis, SQL, Machine Learning, Communication"
STU10575,24,Female,B.Tech,2024,City Engineering College (Tier 3),Information Technology,Coursera Machine Learning Specialization; NPTEL Cloud Computing & Distributed Systems,IBM; Coursera,2,DataMetrics Labs,Data Science & Analytics,9,1,Both (Hybrid),74,66,7.7,Placed,11.86,Direct PPO (Pre-Placement Offer),46,"Communication, Machine Learning, System Design, React, SQL, Docker, Git, Power BI"
STU10576,21,Female,BCA,2025,Regional Tech Institute (Tier 3),Electronics & Communication,Meta Front-End Developer Specialization,Udemy,1,InnovateTech Startup,Software Engineering,2,1,Both (Hybrid),50,46,6.4,Placed,9.27,On-Campus / Off-Campus Placement,101,"Java, Data Analysis, System Design, React, Problem Solving, Communication, Docker, Machine Learning"
STU10577,24,Male,MBA (Tech & Analytics),2025,City Engineering College (Tier 3),Information Technology,NPTEL Cloud Computing & Distributed Systems; Meta Front-End Developer Specialization,Microsoft Azure; Coursera,2,Deloitte Consulting,Software Engineering,12,1,Both (Hybrid),79,63,9.2,Placed,13.17,Direct PPO (Pre-Placement Offer),37,"Power BI, Java, Data Analysis, Problem Solving, SQL, Docker, AWS, Kubernetes, Machine Learning"
STU10578,22,Male,M.Tech,2024,BITS & Top National Inst (Tier 1),Electronics & Communication,TensorFlow Developer Certificate; AWS Certified Solutions Architect; Docker & Kubernetes Developer Cert,Coursera; IBM; Meta,3,None,None,0,0,Certification Only,46,98,6.1,Placed,9.32,On-Campus / Off-Campus Placement,91,"React, System Design, SQL, Data Analysis, Docker, Machine Learning, Java"
STU10579,22,Female,B.Tech,2024,City Engineering College (Tier 3),Business Analytics,Microsoft Certified: Azure Developer; TensorFlow Developer Certificate; Coursera Machine Learning Specialization,IBM; AWS; Meta,3,InnovateTech Startup,Software Engineering,7,2,Both (Hybrid),85,81,9.5,Placed,13.18,On-Campus / Off-Campus Placement,5,"Tableau, Docker, Python, Git, Power BI, React, Problem Solving, Java, Communication, Kubernetes"
STU10580,22,Female,B.Tech,2024,State Tech University (Tier 2),Computer Science & Engineering,IBM Data Science Professional; Microsoft Certified: Azure Developer; NPTEL Cloud Computing & Distributed Systems,Coursera; Meta; Microsoft Azure,4,Deloitte Consulting,Data Science & Analytics,3,1,Both (Hybrid),59,90,7.8,Placed,13.6,On-Campus / Off-Campus Placement,51,"SQL, Data Analysis, Problem Solving, React, Python, Machine Learning, Kubernetes, Communication, Power BI, Tableau"
STU10581,25,Female,B.Tech,2023,Regional Tech Institute (Tier 3),Computer Science & Engineering,AWS Certified Solutions Architect,NPTEL,1,DataMetrics Labs,Cyber Security,3,2,Both (Hybrid),71,31,7.4,Placed,11.73,On-Campus / Off-Campus Placement,45,"Tableau, Power BI, Java, React, Python, System Design, Problem Solving, Kubernetes, Communication, AWS"
STU10582,22,Male,B.Sc (CS/IT),2024,State Tech University (Tier 2),Data Science & Artificial Intelligence,IBM Data Science Professional,Meta,1,TCS Innovation Labs,Artificial Intelligence / ML,14,3,Both (Hybrid),100,52,10.0,Placed,20.84,Direct PPO (Pre-Placement Offer),5,"Docker, Data Analysis, React, Tableau, Power BI, AWS, Java, SQL, Problem Solving, System Design"
STU10583,22,Female,B.Sc (CS/IT),2023,Apex Institute of Technology (Tier 2),Information Technology,NPTEL Cloud Computing & Distributed Systems; Microsoft Certified: Azure Developer,Microsoft Azure; Google Cloud,2,TCS Innovation Labs,Cloud & DevOps,2,1,Both (Hybrid),57,63,7.1,Placed,9.18,On-Campus / Off-Campus Placement,55,"Docker, SQL, Git, Problem Solving, Java, Tableau, Power BI, Machine Learning, Python"
STU10584,22,Female,B.Tech,2025,State Tech University (Tier 2),Computer Science & Engineering,None,None,0,Amazon AWS,Data Science & Analytics,2,2,Internship Only,88,46,8.0,Placed,13.94,On-Campus / Off-Campus Placement,67,"System Design, Git, Power BI, Problem Solving, Python, AWS, Communication"
STU10585,21,Female,B.Tech,2025,State Tech University (Tier 2),Computer Science & Engineering,Google Professional Data Engineer,Coursera,1,Amazon AWS,Cyber Security,9,3,Both (Hybrid),100,61,10.0,Placed,17.73,On-Campus / Off-Campus Placement,15,"Kubernetes, Java, Problem Solving, React, Communication, Git, Tableau, SQL, AWS, Python"
STU10586,21,Male,B.Tech,2026,IIT / NIT Group (Tier 1),Computer Science & Engineering,NPTEL Cloud Computing & Distributed Systems,Meta,1,DataMetrics Labs,Cloud & DevOps,3,1,Both (Hybrid),74,70,7.6,Placed,14.58,On-Campus / Off-Campus Placement,52,"Machine Learning, Git, Data Analysis, Docker, Communication, React"
STU10587,21,Male,B.Tech,2025,City Engineering College (Tier 3),Cyber Security,Certified Information Systems Security Professional (CISSP),Microsoft Azure,1,TCS Innovation Labs,Software Engineering,9,1,Both (Hybrid),73,61,7.6,Placed,11.19,Internship Conversion,46,"Tableau, Machine Learning, Docker, Java, Communication, Data Analysis, Python, AWS"
STU10588,21,Female,M.Tech,2023,City Engineering College (Tier 3),Information Technology,None,None,0,Google India,Data Science & Analytics,4,3,Internship Only,97,23,8.2,Placed,12.68,On-Campus / Off-Campus Placement,11,"Machine Learning, React, Java, Kubernetes, Communication, System Design, SQL, Python, Power BI, Problem Solving"
STU10589,21,Male,BCA,2026,BITS & Top National Inst (Tier 1),Data Science & Artificial Intelligence,None,None,0,None,None,0,0,Neither,49,59,4.6,Placed,8.9,On-Campus / Off-Campus Placement,128,"Communication, React"
STU10590,21,Male,B.Tech,2026,Apex Institute of Technology (Tier 2),Computer Science & Engineering,Meta Front-End Developer Specialization; Docker & Kubernetes Developer Cert,Microsoft Azure; NPTEL,2,None,None,0,0,Certification Only,41,71,5.3,Placed,11.57,On-Campus / Off-Campus Placement,109,"Docker, Machine Learning, Git, Communication, Java, Kubernetes, Problem Solving"
STU10591,22,Female,BCA,2024,Apex Institute of Technology (Tier 2),Data Science & Artificial Intelligence,TensorFlow Developer Certificate; Google Professional Data Engineer,Meta; Google Cloud,2,Amazon AWS,Cyber Security,3,1,Both (Hybrid),68,69,6.8,Placed,11.58,On-Campus / Off-Campus Placement,54,"Python, Tableau, Git, Problem Solving, System Design, SQL, Java, Power BI, Machine Learning, Kubernetes"
STU10592,21,Male,B.Tech,2025,State Tech University (Tier 2),Computer Science & Engineering,Certified Information Systems Security Professional (CISSP); Google Professional Data Engineer,Microsoft Azure; Google Cloud,2,Deloitte Consulting,Product & Business Analytics,3,2,Both (Hybrid),79,64,8.7,Placed,14.68,On-Campus / Off-Campus Placement,39,"Kubernetes, Tableau, Docker, Power BI, Communication, AWS, Problem Solving, Git, System Design, Data Analysis"
STU10593,22,Female,MBA (Tech & Analytics),2026,State Tech University (Tier 2),Computer Science & Engineering,Docker & Kubernetes Developer Cert; Google Professional Data Engineer,Meta; IBM,2,InnovateTech Startup,Product & Business Analytics,4,3,Both (Hybrid),99,68,10.0,Placed,16.69,On-Campus / Off-Campus Placement,5,"Java, Power BI, Data Analysis, System Design, AWS, Git, Problem Solving, Kubernetes, React, Tableau"
STU10594,24,Male,B.Tech,2025,City Engineering College (Tier 3),Business Analytics,None,None,0,Google India,Software Engineering,6,1,Internship Only,77,42,6.9,Placed,9.96,Direct PPO (Pre-Placement Offer),54,"Problem Solving, Docker, Python, Power BI"
STU10595,22,Female,B.Tech,2026,Apex Institute of Technology (Tier 2),Cyber Security,Docker & Kubernetes Developer Cert,NPTEL,1,FinTech Solutions,Cyber Security,2,1,Both (Hybrid),50,51,7.4,Placed,9.54,Internship Conversion,68,"Docker, Kubernetes, SQL, Java, Git, Communication, React"
STU10596,23,Non-Binary,B.Tech,2023,State Tech University (Tier 2),Computer Science & Engineering,None,None,0,FinTech Solutions,Software Engineering,3,1,Internship Only,72,46,6.3,Placed,11.17,On-Campus / Off-Campus Placement,87,"Power BI, Machine Learning, Tableau, Data Analysis"
STU10597,21,Male,BCA,2023,Apex Institute of Technology (Tier 2),Computer Science & Engineering,Microsoft Certified: Azure Developer; Google Professional Data Engineer; IBM Data Science Professional,Microsoft Azure; IBM; Coursera,3,InnovateTech Startup,Software Engineering,11,2,Both (Hybrid),98,68,10.0,Placed,19.65,Direct PPO (Pre-Placement Offer),5,"Power BI, Machine Learning, SQL, Data Analysis, Tableau, Git, Kubernetes, AWS, Problem Solving, Python"
STU10598,21,Male,BCA,2024,IIT / NIT Group (Tier 1),Computer Science & Engineering,Google Professional Data Engineer; Docker & Kubernetes Developer Cert,Google Cloud; Microsoft Azure,2,None,None,0,0,Certification Only,54,76,6.2,Placed,10.95,On-Campus / Off-Campus Placement,97,"Tableau, System Design, Kubernetes, Python, Data Analysis, Power BI, Git"
STU10599,21,Male,B.Sc (CS/IT),2025,State Tech University (Tier 2),Data Science & Artificial Intelligence,TensorFlow Developer Certificate,NPTEL,1,Deloitte Consulting,Product & Business Analytics,6,1,Both (Hybrid),74,60,7.8,Placed,11.66,On-Campus / Off-Campus Placement,73,"System Design, AWS, SQL, Git, Java, Kubernetes, Problem Solving, Tableau"
STU10600,21,Male,B.Tech,2025,BITS & Top National Inst (Tier 1),Computer Science & Engineering,IBM Data Science Professional,Meta,1,Microsoft Tech,Cyber Security,2,1,Both (Hybrid),74,64,7.3,Placed,15.15,On-Campus / Off-Campus Placement,63,"Java, Communication, Machine Learning, Power BI, Kubernetes, Problem Solving, System Design, Data Analysis"
STU10601,22,Female,B.Tech,2026,BITS & Top National Inst (Tier 1),Computer Science & Engineering,Microsoft Certified: Azure Developer; Google Professional Data Engineer; NPTEL Cloud Computing & Distributed Systems,Coursera; IBM; Google Cloud,4,Google India,Product & Business Analytics,3,2,Both (Hybrid),77,94,10.0,Placed,18.06,On-Campus / Off-Campus Placement,12,"Problem Solving, Git, AWS, System Design, React, Communication, Power BI, Tableau, Java, Docker"
STU10602,21,Female,B.Tech,2024,Apex Institute of Technology (Tier 2),Computer Science & Engineering,AWS Certified Solutions Architect; Coursera Machine Learning Specialization,Udemy; AWS,2,Microsoft Tech,Cyber Security,9,1,Both (Hybrid),80,57,8.7,Placed,15.67,Internship Conversion,48,"Java, Python, Data Analysis, SQL, System Design, Git, Tableau, Docker, Communication"
STU10603,21,Male,BCA,2023,City Engineering College (Tier 3),Electronics & Communication,TensorFlow Developer Certificate; IBM Data Science Professional; Certified Information Systems Security Professional (CISSP),AWS; Coursera; Google Cloud,3,None,None,0,0,Certification Only,35,68,4.9,Placed,5.49,On-Campus / Off-Campus Placement,97,"Python, Java, Kubernetes, Problem Solving, React, Power BI, Docker, System Design, Git"
STU10604,21,Male,B.Tech,2025,State Tech University (Tier 2),Information Technology,Coursera Machine Learning Specialization,Google Cloud,1,FinTech Solutions,Data Science & Analytics,2,2,Both (Hybrid),82,69,7.7,Placed,12.41,On-Campus / Off-Campus Placement,47,"Docker, System Design, Power BI, Git, React, Python, Problem Solving, Machine Learning, AWS"
STU10605,22,Male,BCA,2025,BITS & Top National Inst (Tier 1),Information Technology,AWS Certified Solutions Architect,IBM,1,None,None,0,0,Certification Only,46,66,6.1,Placed,12.17,On-Campus / Off-Campus Placement,98,"React, Tableau, Java, Machine Learning, Communication"
STU10606,21,Female,M.Tech,2023,Apex Institute of Technology (Tier 2),Data Science & Artificial Intelligence,AWS Certified Solutions Architect; Google Professional Data Engineer; Docker & Kubernetes Developer Cert,Coursera; Udemy; NPTEL,3,Google India,Software Engineering,6,1,Both (Hybrid),81,81,8.3,Placed,12.33,Direct PPO (Pre-Placement Offer),55,"Java, Git, Python, Kubernetes, Power BI, AWS, React, SQL, Communication, Machine Learning"
STU10607,22,Male,M.Tech,2024,City Engineering College (Tier 3),Business Analytics,Coursera Machine Learning Specialization; Docker & Kubernetes Developer Cert,Microsoft Azure; AWS,2,InnovateTech Startup,Cloud & DevOps,2,1,Both (Hybrid),67,82,6.2,Placed,7.04,On-Campus / Off-Campus Placement,49,"System Design, Git, React, Tableau, Kubernetes, Machine Learning, AWS, SQL"
STU10608,22,Female,B.Tech,2025,Apex Institute of Technology (Tier 2),Cyber Security,Certified Information Systems Security Professional (CISSP); NPTEL Cloud Computing & Distributed Systems,Coursera; Meta,2,None,None,0,0,Certification Only,36,75,5.2,Placed,7.77,On-Campus / Off-Campus Placement,120,"Docker, System Design, Tableau, AWS, Power BI"
STU10609,23,Female,B.Tech,2025,City Engineering College (Tier 3),Computer Science & Engineering,Meta Front-End Developer Specialization; Docker & Kubernetes Developer Cert,Coursera; Microsoft Azure,2,None,None,0,0,Certification Only,28,68,3.4,Unplaced,0.0,Not Converted,-1,"Java, Machine Learning, Python, Communication, Data Analysis"
STU10610,21,Female,B.Tech,2024,State Tech University (Tier 2),Computer Science & Engineering,Meta Front-End Developer Specialization; Google Professional Data Engineer,Microsoft Azure; Coursera,2,None,None,0,0,Certification Only,36,64,4.3,Unplaced,0.0,Not Converted,-1,"Java, Power BI, AWS, React, Communication, Problem Solving, System Design"
STU10611,23,Male,BCA,2024,Apex Institute of Technology (Tier 2),Data Science & Artificial Intelligence,Google Professional Data Engineer; Coursera Machine Learning Specialization,Udemy; Meta,2,TCS Innovation Labs,Product & Business Analytics,3,1,Both (Hybrid),56,80,6.8,Placed,13.92,On-Campus / Off-Campus Placement,64,"Git, React, Java, Kubernetes, Tableau, Machine Learning, Docker, Python"
STU10612,22,Female,B.Sc (CS/IT),2026,BITS & Top National Inst (Tier 1),Computer Science & Engineering,Meta Front-End Developer Specialization,Meta,1,None,None,0,0,Certification Only,45,65,4.1,Unplaced,0.0,Not Converted,-1,"Git, Java, Kubernetes"
STU10613,21,Male,B.Tech,2025,State Tech University (Tier 2),Data Science & Artificial Intelligence,Meta Front-End Developer Specialization,Google Cloud,1,None,None,0,0,Certification Only,37,47,5.1,Placed,7.94,On-Campus / Off-Campus Placement,109,"Java, AWS, Git, React"
STU10614,24,Male,B.Tech,2024,State Tech University (Tier 2),Data Science & Artificial Intelligence,NPTEL Cloud Computing & Distributed Systems; Google Professional Data Engineer; Meta Front-End Developer Specialization,Udemy; Microsoft Azure; NPTEL,3,TCS Innovation Labs,Product & Business Analytics,2,1,Both (Hybrid),68,76,8.1,Placed,11.88,On-Campus / Off-Campus Placement,60,"Power BI, Tableau, System Design, Kubernetes, AWS, Git, SQL, Java, Machine Learning, Python"
STU10615,24,Female,B.Sc (CS/IT),2024,State Tech University (Tier 2),Data Science & Artificial Intelligence,Coursera Machine Learning Specialization,AWS,1,Deloitte Consulting,Data Science & Analytics,2,1,Both (Hybrid),60,61,5.6,Placed,9.8,On-Campus / Off-Campus Placement,71,"Tableau, Communication, React, Problem Solving, Python, Data Analysis, Power BI, Java"
STU10616,21,Female,M.Tech,2025,Regional Tech Institute (Tier 3),Computer Science & Engineering,Microsoft Certified: Azure Developer; Google Professional Data Engineer,AWS; IBM,2,Amazon AWS,Cyber Security,11,2,Both (Hybrid),94,62,9.4,Placed,16.19,On-Campus / Off-Campus Placement,5,"Docker, Kubernetes, Problem Solving, Power BI, Machine Learning, Git, Tableau, AWS, System Design, Python"
STU10617,22,Male,B.Tech,2024,City Engineering College (Tier 3),Data Science & Artificial Intelligence,NPTEL Cloud Computing & Distributed Systems; Microsoft Certified: Azure Developer,IBM; Microsoft Azure,2,Microsoft Tech,Software Engineering,3,1,Both (Hybrid),58,70,6.8,Placed,9.45,On-Campus / Off-Campus Placement,73,"Communication, AWS, Python, Git, Problem Solving, SQL, Tableau, System Design, Kubernetes, Data Analysis"
STU10618,23,Male,BCA,2023,BITS & Top National Inst (Tier 1),Cyber Security,TensorFlow Developer Certificate; Google Professional Data Engineer; Certified Information Systems Security Professional (CISSP),AWS; IBM; Meta,5,TCS Innovation Labs,Software Engineering,9,1,Both (Hybrid),92,100,10.0,Placed,19.09,Direct PPO (Pre-Placement Offer),5,"Communication, Java, SQL, System Design, Data Analysis, Python, Tableau, Power BI, AWS, Git"
STU10619,23,Male,B.Tech,2025,BITS & Top National Inst (Tier 1),Computer Science & Engineering,IBM Data Science Professional,Google Cloud,1,Infosys Center,Product & Business Analytics,9,1,Both (Hybrid),84,57,9.2,Placed,16.12,Direct PPO (Pre-Placement Offer),65,"React, Power BI, Kubernetes, Data Analysis, System Design, Python, Java"
STU10620,21,Male,B.Tech,2024,State Tech University (Tier 2),Information Technology,NPTEL Cloud Computing & Distributed Systems,NPTEL,1,DataMetrics Labs,Data Science & Analytics,11,2,Both (Hybrid),100,67,10.0,Placed,15.53,Direct PPO (Pre-Placement Offer),5,"Power BI, SQL, Machine Learning, AWS, Tableau, Docker, Problem Solving, React, Java, Git"
STU10621,21,Male,M.Tech,2025,State Tech University (Tier 2),Computer Science & Engineering,IBM Data Science Professional; TensorFlow Developer Certificate; Google Professional Data Engineer,NPTEL; Coursera; Google Cloud,3,None,None,0,0,Certification Only,43,82,5.7,Placed,7.62,On-Campus / Off-Campus Placement,115,"Git, Java, Tableau, Data Analysis, Power BI, AWS, Kubernetes, React, System Design"
STU10622,22,Male,B.Sc (CS/IT),2023,Apex Institute of Technology (Tier 2),Computer Science & Engineering,Meta Front-End Developer Specialization; Docker & Kubernetes Developer Cert; Coursera Machine Learning Specialization,IBM; AWS; Google Cloud,3,Infosys Center,Cyber Security,2,1,Both (Hybrid),60,83,7.0,Placed,11.35,On-Campus / Off-Campus Placement,102,"System Design, Problem Solving, Tableau, Kubernetes, SQL, Docker, Communication, AWS, React, Java"
STU10623,22,Male,B.Sc (CS/IT),2025,City Engineering College (Tier 3),Data Science & Artificial Intelligence,NPTEL Cloud Computing & Distributed Systems; AWS Certified Solutions Architect,Meta; NPTEL,2,InnovateTech Startup,Cyber Security,6,1,Both (Hybrid),61,61,7.9,Placed,11.36,Direct PPO (Pre-Placement Offer),61,"React, Python, Kubernetes, System Design, Machine Learning, Data Analysis, Java, Tableau, Git, AWS"
STU10624,22,Female,B.Tech,2024,Regional Tech Institute (Tier 3),Computer Science & Engineering,Docker & Kubernetes Developer Cert,Microsoft Azure,1,Deloitte Consulting,Cyber Security,3,1,Both (Hybrid),48,46,6.4,Placed,7.84,On-Campus / Off-Campus Placement,76,"Java, Python, System Design, Machine Learning, Kubernetes, Communication, Data Analysis, Tableau"
STU10625,22,Female,B.Sc (CS/IT),2023,Apex Institute of Technology (Tier 2),Computer Science & Engineering,Meta Front-End Developer Specialization,IBM,1,InnovateTech Startup,Cyber Security,6,1,Both (Hybrid),70,54,7.7,Placed,14.31,Direct PPO (Pre-Placement Offer),77,"Data Analysis, Java, Git, System Design, SQL, Machine Learning, Kubernetes"
STU10626,22,Female,B.Tech,2023,City Engineering College (Tier 3),Computer Science & Engineering,TensorFlow Developer Certificate; Docker & Kubernetes Developer Cert,Coursera; Udemy,2,DataMetrics Labs,Cloud & DevOps,3,3,Both (Hybrid),88,58,9.2,Placed,14.56,On-Campus / Off-Campus Placement,5,"Communication, System Design, Kubernetes, Tableau, Git, Docker, React, Data Analysis, Java, Machine Learning"
STU10627,23,Male,B.Tech,2026,State Tech University (Tier 2),Data Science & Artificial Intelligence,Coursera Machine Learning Specialization; NPTEL Cloud Computing & Distributed Systems; Microsoft Certified: Azure Developer,Google Cloud; Coursera; IBM,3,DataMetrics Labs,Data Science & Analytics,3,3,Both (Hybrid),94,79,10.0,Placed,17.14,On-Campus / Off-Campus Placement,11,"Docker, React, System Design, Power BI, Tableau, Git, SQL, Machine Learning, Communication, Python"
STU10628,21,Female,BCA,2026,BITS & Top National Inst (Tier 1),Information Technology,Google Professional Data Engineer; Microsoft Certified: Azure Developer; AWS Certified Solutions Architect,Microsoft Azure; Coursera; IBM,3,Infosys Center,Software Engineering,3,1,Both (Hybrid),69,100,6.4,Placed,15.87,On-Campus / Off-Campus Placement,67,"Kubernetes, SQL, Problem Solving, Communication, Tableau, React, Git, AWS, Docker, Machine Learning"
STU10629,22,Female,B.Tech,2024,State Tech University (Tier 2),Computer Science & Engineering,None,None,0,Google India,Product & Business Analytics,2,1,Internship Only,53,54,6.3,Placed,11.1,On-Campus / Off-Campus Placement,76,"System Design, SQL, Data Analysis, Communication, React"
STU10630,23,Female,B.Sc (CS/IT),2025,Apex Institute of Technology (Tier 2),Information Technology,AWS Certified Solutions Architect,Google Cloud,1,Amazon AWS,Data Science & Analytics,3,2,Both (Hybrid),82,53,7.3,Placed,12.08,Internship Conversion,18,"System Design, Power BI, Python, Machine Learning, Kubernetes, Problem Solving, React, AWS, Communication, Java"
STU10631,24,Female,BCA,2025,Apex Institute of Technology (Tier 2),Computer Science & Engineering,NPTEL Cloud Computing & Distributed Systems,Google Cloud,1,CyberGuard Analytics,Cyber Security,3,1,Both (Hybrid),65,62,7.8,Unplaced,0.0,Not Converted,-1,"SQL, Communication, Data Analysis, Kubernetes, Problem Solving, Docker, Java"
STU10632,22,Female,B.Tech,2026,BITS & Top National Inst (Tier 1),Information Technology,NPTEL Cloud Computing & Distributed Systems; AWS Certified Solutions Architect; Certified Information Systems Security Professional (CISSP),Meta; Microsoft Azure; AWS,5,DataMetrics Labs,Software Engineering,4,3,Both (Hybrid),100,100,10.0,Placed,21.52,On-Campus / Off-Campus Placement,5,"Kubernetes, Git, AWS, React, Docker, Power BI, Machine Learning, Problem Solving, Tableau, Communication"
STU10633,22,Female,B.Tech,2024,State Tech University (Tier 2),Data Science & Artificial Intelligence,IBM Data Science Professional; Coursera Machine Learning Specialization,IBM; NPTEL,2,Deloitte Consulting,Data Science & Analytics,2,2,Both (Hybrid),74,82,8.5,Placed,12.4,On-Campus / Off-Campus Placement,39,"Communication, Git, React, Data Analysis, Tableau, Machine Learning, SQL, Docker, Kubernetes, Power BI"
STU10634,21,Male,B.Tech,2025,State Tech University (Tier 2),Information Technology,TensorFlow Developer Certificate,Meta,1,None,None,0,0,Certification Only,34,70,4.8,Placed,7.13,On-Campus / Off-Campus Placement,108,"Docker, Java, Power BI, SQL"
STU10635,22,Female,B.Tech,2023,Regional Tech Institute (Tier 3),Cyber Security,None,None,0,DataMetrics Labs,Cyber Security,2,1,Internship Only,51,31,5.3,Unplaced,0.0,Not Converted,-1,"Problem Solving, Data Analysis, Tableau, SQL, System Design"
STU10636,22,Female,BCA,2024,State Tech University (Tier 2),Business Analytics,TensorFlow Developer Certificate; Microsoft Certified: Azure Developer,NPTEL; IBM,2,Amazon AWS,Product & Business Analytics,7,2,Both (Hybrid),93,70,9.8,Placed,14.01,Direct PPO (Pre-Placement Offer),8,"Git, SQL, Data Analysis, React, Power BI, Java, System Design, Python, AWS, Tableau"
STU10637,21,Female,B.Sc (CS/IT),2026,Apex Institute of Technology (Tier 2),Computer Science & Engineering,None,None,0,Microsoft Tech,Cyber Security,7,2,Internship Only,85,51,8.6,Placed,14.9,On-Campus / Off-Campus Placement,54,"Kubernetes, Power BI, Tableau, AWS, Communication, Git, React, Docker"
STU10638,22,Female,B.Tech,2025,Apex Institute of Technology (Tier 2),Business Analytics,TensorFlow Developer Certificate; NPTEL Cloud Computing & Distributed Systems; Docker & Kubernetes Developer Cert,Google Cloud; IBM; AWS,3,Microsoft Tech,Software Engineering,3,2,Both (Hybrid),79,87,8.8,Placed,15.43,Internship Conversion,5,"Data Analysis, Machine Learning, React, Kubernetes, Python, Docker, SQL, Communication, Tableau, Java"
STU10639,22,Male,B.Tech,2024,State Tech University (Tier 2),Computer Science & Engineering,Certified Information Systems Security Professional (CISSP); Google Professional Data Engineer; Meta Front-End Developer Specialization,Coursera; IBM; NPTEL,3,Infosys Center,Artificial Intelligence / ML,3,3,Both (Hybrid),92,77,10.0,Placed,17.93,Internship Conversion,5,"AWS, Python, SQL, Git, Communication, Java, Power BI, Tableau, Problem Solving, System Design"
STU10640,21,Male,BCA,2023,Apex Institute of Technology (Tier 2),Cyber Security,TensorFlow Developer Certificate,Udemy,1,Deloitte Consulting,Product & Business Analytics,3,1,Both (Hybrid),64,66,7.1,Placed,11.95,Internship Conversion,71,"Tableau, Data Analysis, Power BI, React, Problem Solving, Git, Kubernetes, Java"
STU10641,22,Female,B.Sc (CS/IT),2025,City Engineering College (Tier 3),Computer Science & Engineering,NPTEL Cloud Computing & Distributed Systems,Coursera,1,None,None,0,0,Certification Only,32,50,3.3,Placed,3.51,On-Campus / Off-Campus Placement,137,"Problem Solving, Data Analysis, Communication, Machine Learning"
STU10642,21,Female,B.Tech,2025,State Tech University (Tier 2),Data Science & Artificial Intelligence,AWS Certified Solutions Architect; Coursera Machine Learning Specialization; Certified Information Systems Security Professional (CISSP),Microsoft Azure; Meta; Coursera,3,Amazon AWS,Cloud & DevOps,7,2,Both (Hybrid),94,78,10.0,Placed,14.64,Direct PPO (Pre-Placement Offer),20,"Python, AWS, Java, Communication, Power BI, Problem Solving, Git, System Design, Data Analysis, Kubernetes"
STU10643,22,Female,B.Tech,2024,Regional Tech Institute (Tier 3),Computer Science & Engineering,Coursera Machine Learning Specialization,Udemy,1,None,None,0,0,Certification Only,23,38,4.6,Unplaced,0.0,Not Converted,-1,"AWS, Python, React, Tableau, Git"
STU10644,21,Male,BCA,2026,BITS & Top National Inst (Tier 1),Computer Science & Engineering,Google Professional Data Engineer,Google Cloud,1,Infosys Center,Artificial Intelligence / ML,4,3,Both (Hybrid),100,57,10.0,Placed,20.51,On-Campus / Off-Campus Placement,5,"Kubernetes, Python, Git, Power BI, Data Analysis, System Design, Communication, React, Docker, AWS"
STU10645,24,Male,B.Tech,2023,IIT / NIT Group (Tier 1),Information Technology,Meta Front-End Developer Specialization; Docker & Kubernetes Developer Cert; TensorFlow Developer Certificate,NPTEL; Coursera; Microsoft Azure,4,Amazon AWS,Cyber Security,2,2,Both (Hybrid),86,99,9.6,Placed,18.57,Internship Conversion,32,"System Design, Kubernetes, SQL, Python, AWS, Git, Java, Tableau, Data Analysis, Problem Solving"
STU10646,22,Female,B.Tech,2024,City Engineering College (Tier 3),Business Analytics,NPTEL Cloud Computing & Distributed Systems; AWS Certified Solutions Architect; Microsoft Certified: Azure Developer,Google Cloud; Microsoft Azure; IBM,3,Infosys Center,Product & Business Analytics,9,3,Both (Hybrid),85,70,10.0,Placed,16.29,Direct PPO (Pre-Placement Offer),5,"Machine Learning, Communication, Python, SQL, Kubernetes, Tableau, Power BI, Problem Solving, React, Data Analysis"
STU10647,23,Female,B.Sc (CS/IT),2026,City Engineering College (Tier 3),Information Technology,AWS Certified Solutions Architect; Docker & Kubernetes Developer Cert; NPTEL Cloud Computing & Distributed Systems,NPTEL; Udemy; IBM,3,Amazon AWS,Cloud & DevOps,6,1,Both (Hybrid),71,74,7.9,Placed,11.01,Direct PPO (Pre-Placement Offer),63,"Git, Machine Learning, System Design, AWS, Python, Kubernetes, Java, Data Analysis, Power BI, SQL"
STU10648,23,Female,BCA,2024,Regional Tech Institute (Tier 3),Information Technology,None,None,0,None,None,0,0,Neither,29,47,4.0,Placed,5.2,On-Campus / Off-Campus Placement,112,"Docker, React, Communication"
STU10649,22,Male,BCA,2024,Apex Institute of Technology (Tier 2),Electronics & Communication,None,None,0,DataMetrics Labs,Cloud & DevOps,2,1,Internship Only,61,50,5.5,Placed,12.62,On-Campus / Off-Campus Placement,86,"Git, System Design, Docker, AWS, Java"
STU10650,21,Female,B.Sc (CS/IT),2025,Regional Tech Institute (Tier 3),Computer Science & Engineering,None,None,0,None,None,0,0,Neither,32,33,3.0,Unplaced,0.0,Not Converted,-1,"SQL, Kubernetes"
STU10651,22,Male,BCA,2025,City Engineering College (Tier 3),Computer Science & Engineering,Microsoft Certified: Azure Developer,Google Cloud,1,InnovateTech Startup,Cyber Security,11,2,Both (Hybrid),94,59,9.5,Placed,15.15,On-Campus / Off-Campus Placement,5,"AWS, Machine Learning, SQL, System Design, Docker, Kubernetes, Git, Communication, Power BI, Java"
STU10652,22,Female,B.Tech,2023,City Engineering College (Tier 3),Computer Science & Engineering,Meta Front-End Developer Specialization; NPTEL Cloud Computing & Distributed Systems; Microsoft Certified: Azure Developer,AWS; Coursera; IBM,3,Deloitte Consulting,Data Science & Analytics,6,1,Both (Hybrid),55,70,7.7,Placed,10.11,On-Campus / Off-Campus Placement,77,"Kubernetes, Machine Learning, System Design, AWS, Data Analysis, Tableau, SQL, Problem Solving, React, Power BI"
STU10653,23,Male,B.Tech,2026,Apex Institute of Technology (Tier 2),Data Science & Artificial Intelligence,Microsoft Certified: Azure Developer,Microsoft Azure,1,InnovateTech Startup,Artificial Intelligence / ML,3,2,Both (Hybrid),79,52,8.1,Placed,14.46,On-Campus / Off-Campus Placement,40,"Power BI, Git, Machine Learning, Communication, Java, Kubernetes, Tableau, Docker, React, Problem Solving"
STU10654,22,Male,B.Tech,2025,State Tech University (Tier 2),Computer Science & Engineering,Microsoft Certified: Azure Developer; NPTEL Cloud Computing & Distributed Systems,AWS; Google Cloud,2,DataMetrics Labs,Software Engineering,6,1,Both (Hybrid),69,73,8.6,Placed,14.37,Direct PPO (Pre-Placement Offer),44,"Python, Kubernetes, Java, System Design, Problem Solving, Power BI, SQL, Communication, React"
STU10655,21,Female,B.Tech,2023,Regional Tech Institute (Tier 3),Computer Science & Engineering,Google Professional Data Engineer,Udemy,1,TCS Innovation Labs,Software Engineering,3,2,Both (Hybrid),80,65,7.2,Placed,10.41,On-Campus / Off-Campus Placement,28,"AWS, Java, Machine Learning, Communication, React, Git, Tableau, Power BI, Problem Solving"
STU10656,22,Female,BCA,2025,State Tech University (Tier 2),Computer Science & Engineering,Docker & Kubernetes Developer Cert,Coursera,1,TCS Innovation Labs,Artificial Intelligence / ML,7,2,Both (Hybrid),97,49,9.3,Placed,15.61,Direct PPO (Pre-Placement Offer),10,"Git, Data Analysis, Kubernetes, System Design, Communication, Python, Power BI, Problem Solving, AWS, Java"
STU10657,22,Male,M.Tech,2024,State Tech University (Tier 2),Computer Science & Engineering,NPTEL Cloud Computing & Distributed Systems; Coursera Machine Learning Specialization; Certified Information Systems Security Professional (CISSP),Microsoft Azure; AWS; IBM,5,Microsoft Tech,Software Engineering,4,3,Both (Hybrid),100,100,10.0,Placed,20.04,Internship Conversion,5,"React, AWS, Data Analysis, Communication, Java, Problem Solving, Machine Learning, System Design, Git, SQL"
STU10658,22,Female,MBA (Tech & Analytics),2024,State Tech University (Tier 2),Business Analytics,Coursera Machine Learning Specialization,Meta,1,None,None,0,0,Certification Only,32,61,3.1,Unplaced,0.0,Not Converted,-1,"Docker, React, SQL, Machine Learning"
STU10659,22,Male,BCA,2025,Apex Institute of Technology (Tier 2),Computer Science & Engineering,Coursera Machine Learning Specialization,Google Cloud,1,None,None,0,0,Certification Only,29,56,4.8,Placed,4.65,On-Campus / Off-Campus Placement,101,"System Design, Machine Learning, Python"
STU10660,22,Male,B.Tech,2026,State Tech University (Tier 2),Data Science & Artificial Intelligence,Google Professional Data Engineer,Google Cloud,1,TCS Innovation Labs,Product & Business Analytics,3,2,Both (Hybrid),78,57,9.0,Placed,11.19,Internship Conversion,37,"Tableau, Docker, System Design, SQL, Communication, Power BI, Kubernetes, React, Python, AWS"
STU10661,25,Male,B.Tech,2023,IIT / NIT Group (Tier 1),Data Science & Artificial Intelligence,None,None,0,DataMetrics Labs,Product & Business Analytics,3,1,Internship Only,76,54,7.3,Placed,13.14,On-Campus / Off-Campus Placement,83,"React, Docker, Python, Kubernetes, AWS, Problem Solving"
STU10662,22,Male,B.Sc (CS/IT),2024,City Engineering College (Tier 3),Data Science & Artificial Intelligence,Docker & Kubernetes Developer Cert,Coursera,1,Infosys Center,Product & Business Analytics,9,1,Both (Hybrid),77,50,7.7,Placed,11.53,Direct PPO (Pre-Placement Offer),22,"Java, Problem Solving, System Design, React, Machine Learning, Docker, Communication, Data Analysis"
STU10663,21,Male,BCA,2024,State Tech University (Tier 2),Computer Science & Engineering,Microsoft Certified: Azure Developer,Meta,1,DataMetrics Labs,Cyber Security,19,3,Both (Hybrid),100,64,10.0,Placed,23.61,Direct PPO (Pre-Placement Offer),5,"Data Analysis, React, Problem Solving, Java, Kubernetes, Tableau, Git, Python, AWS, Docker"
STU10664,21,Male,BCA,2024,Apex Institute of Technology (Tier 2),Computer Science & Engineering,Meta Front-End Developer Specialization; IBM Data Science Professional,AWS; Microsoft Azure,2,Infosys Center,Product & Business Analytics,3,1,Both (Hybrid),59,72,6.7,Placed,12.16,On-Campus / Off-Campus Placement,65,"Java, Data Analysis, Docker, AWS, SQL, React, Communication, Git, Power BI, Machine Learning"
STU10665,21,Male,B.Sc (CS/IT),2024,BITS & Top National Inst (Tier 1),Computer Science & Engineering,Meta Front-End Developer Specialization; Certified Information Systems Security Professional (CISSP); NPTEL Cloud Computing & Distributed Systems,Coursera; Meta; AWS,3,CyberGuard Analytics,Cloud & DevOps,9,1,Both (Hybrid),87,98,8.7,Placed,16.44,Direct PPO (Pre-Placement Offer),49,"Machine Learning, Python, Tableau, Kubernetes, Problem Solving, SQL, Git, React, Docker, Data Analysis"
STU10666,21,Female,B.Sc (CS/IT),2023,IIT / NIT Group (Tier 1),Data Science & Artificial Intelligence,Google Professional Data Engineer; NPTEL Cloud Computing & Distributed Systems,AWS; Google Cloud,2,None,None,0,0,Certification Only,39,80,5.0,Placed,11.64,On-Campus / Off-Campus Placement,122,"Tableau, Data Analysis, Docker, Python, Power BI, Java"
STU10667,21,Male,B.Sc (CS/IT),2025,BITS & Top National Inst (Tier 1),Computer Science & Engineering,None,None,0,FinTech Solutions,Artificial Intelligence / ML,3,1,Internship Only,58,49,6.4,Placed,12.25,Internship Conversion,46,"AWS, Java, React, Git, Tableau"
STU10668,21,Female,B.Tech,2024,Apex Institute of Technology (Tier 2),Data Science & Artificial Intelligence,Coursera Machine Learning Specialization; TensorFlow Developer Certificate,Meta; Udemy,2,Amazon AWS,Product & Business Analytics,3,2,Both (Hybrid),73,59,9.0,Placed,12.76,Internship Conversion,53,"Java, System Design, Tableau, Problem Solving, Git, Data Analysis, SQL, Power BI, Kubernetes, Python"
STU10669,22,Male,B.Sc (CS/IT),2023,IIT / NIT Group (Tier 1),Information Technology,None,None,0,Deloitte Consulting,Cyber Security,3,1,Internship Only,79,61,6.4,Placed,10.84,On-Campus / Off-Campus Placement,83,"Power BI, Git, Data Analysis, Kubernetes"
STU10670,21,Female,M.Tech,2025,City Engineering College (Tier 3),Data Science & Artificial Intelligence,Meta Front-End Developer Specialization; Docker & Kubernetes Developer Cert,Coursera; AWS,2,FinTech Solutions,Artificial Intelligence / ML,3,2,Both (Hybrid),68,69,8.4,Placed,10.58,Internship Conversion,30,"SQL, Python, Java, Problem Solving, Communication, Power BI, Kubernetes, AWS, Tableau, Data Analysis"
STU10671,24,Male,B.Tech,2025,BITS & Top National Inst (Tier 1),Data Science & Artificial Intelligence,Meta Front-End Developer Specialization; Certified Information Systems Security Professional (CISSP),Coursera; Meta,2,InnovateTech Startup,Cloud & DevOps,3,1,Both (Hybrid),67,90,7.4,Placed,13.62,On-Campus / Off-Campus Placement,78,"SQL, Kubernetes, React, Power BI, Python, Machine Learning, System Design, Problem Solving, Tableau, Java"
STU10672,21,Male,BCA,2024,BITS & Top National Inst (Tier 1),Data Science & Artificial Intelligence,None,None,0,FinTech Solutions,Product & Business Analytics,3,2,Internship Only,94,61,8.1,Placed,16.52,Internship Conversion,65,"AWS, Python, Git, Communication, Problem Solving, Machine Learning, SQL, Java, System Design"
STU10673,22,Male,B.Tech,2024,BITS & Top National Inst (Tier 1),Electronics & Communication,IBM Data Science Professional; Google Professional Data Engineer; Docker & Kubernetes Developer Cert,Microsoft Azure; AWS; Coursera,3,None,None,0,0,Certification Only,43,89,6.6,Unplaced,0.0,Not Converted,-1,"Java, Communication, Machine Learning, SQL, React, Tableau, Problem Solving"
STU10674,22,Male,MBA (Tech & Analytics),2025,IIT / NIT Group (Tier 1),Computer Science & Engineering,Microsoft Certified: Azure Developer; NPTEL Cloud Computing & Distributed Systems; Certified Information Systems Security Professional (CISSP),NPTEL; IBM; Microsoft Azure,4,Infosys Center,Cyber Security,3,2,Both (Hybrid),88,100,9.8,Placed,17.64,On-Campus / Off-Campus Placement,11,"Git, Docker, Kubernetes, Communication, Java, Tableau, Python, Machine Learning, Data Analysis, SQL"
STU10675,25,Male,B.Tech,2024,Apex Institute of Technology (Tier 2),Information Technology,Microsoft Certified: Azure Developer; Google Professional Data Engineer; TensorFlow Developer Certificate,AWS; Microsoft Azure; Udemy,3,InnovateTech Startup,Artificial Intelligence / ML,3,3,Both (Hybrid),100,74,10.0,Placed,18.38,Internship Conversion,5,"SQL, Data Analysis, Communication, Machine Learning, Git, Kubernetes, Docker, Problem Solving, Python, Java"
STU10676,21,Female,BCA,2024,City Engineering College (Tier 3),Electronics & Communication,TensorFlow Developer Certificate,Microsoft Azure,1,Infosys Center,Artificial Intelligence / ML,2,2,Both (Hybrid),72,46,6.8,Placed,12.91,On-Campus / Off-Campus Placement,37,"System Design, Tableau, Machine Learning, Communication, AWS, Docker, SQL, Power BI, Python, Git"
STU10677,22,Female,B.Tech,2025,Apex Institute of Technology (Tier 2),Data Science & Artificial Intelligence,Meta Front-End Developer Specialization; Certified Information Systems Security Professional (CISSP),NPTEL; Coursera,2,Infosys Center,Software Engineering,2,1,Both (Hybrid),56,63,6.9,Placed,12.54,On-Campus / Off-Campus Placement,66,"System Design, Power BI, Tableau, Communication, SQL, Docker, Problem Solving, Python, Java"
STU10678,25,Female,B.Sc (CS/IT),2023,BITS & Top National Inst (Tier 1),Computer Science & Engineering,Coursera Machine Learning Specialization; IBM Data Science Professional; Docker & Kubernetes Developer Cert,Coursera; Google Cloud; Udemy,4,None,None,0,0,Certification Only,39,93,5.8,Placed,11.53,On-Campus / Off-Campus Placement,61,"Python, Docker, SQL, Tableau, Git, Kubernetes, Data Analysis, System Design, Machine Learning, React"
STU10679,24,Female,B.Tech,2023,State Tech University (Tier 2),Data Science & Artificial Intelligence,Microsoft Certified: Azure Developer,Microsoft Azure,1,None,None,0,0,Certification Only,37,59,4.5,Placed,6.88,On-Campus / Off-Campus Placement,100,"Python, System Design, Machine Learning, Problem Solving"
STU10680,23,Male,B.Tech,2023,State Tech University (Tier 2),Computer Science & Engineering,Microsoft Certified: Azure Developer; Google Professional Data Engineer; Coursera Machine Learning Specialization,Meta; IBM; Microsoft Azure,3,Infosys Center,Software Engineering,3,1,Both (Hybrid),72,90,7.5,Placed,10.72,On-Campus / Off-Campus Placement,51,"Java, Machine Learning, React, Power BI, Communication, SQL, Docker, Kubernetes, System Design, Problem Solving"
STU10681,22,Male,B.Tech,2023,Regional Tech Institute (Tier 3),Computer Science & Engineering,None,None,0,None,None,0,0,Neither,26,34,3.8,Unplaced,0.0,Not Converted,-1,"Tableau, Git, Machine Learning"
STU10682,21,Male,M.Tech,2023,BITS & Top National Inst (Tier 1),Computer Science & Engineering,None,None,0,InnovateTech Startup,Cyber Security,11,2,Internship Only,99,60,10.0,Placed,16.68,Direct PPO (Pre-Placement Offer),20,"Machine Learning, Kubernetes, Docker, Tableau, React, System Design, Git"
STU10683,23,Male,B.Tech,2026,Apex Institute of Technology (Tier 2),Computer Science & Engineering,Meta Front-End Developer Specialization; IBM Data Science Professional; AWS Certified Solutions Architect,Meta; Udemy; Microsoft Azure,3,TCS Innovation Labs,Data Science & Analytics,4,3,Both (Hybrid),100,80,10.0,Placed,17.97,On-Campus / Off-Campus Placement,5,"System Design, Java, Power BI, SQL, Docker, Machine Learning, Kubernetes, AWS, Problem Solving, Python"
STU10684,24,Male,B.Tech,2024,State Tech University (Tier 2),Data Science & Artificial Intelligence,Microsoft Certified: Azure Developer; Coursera Machine Learning Specialization; AWS Certified Solutions Architect,Udemy; IBM; NPTEL,3,None,None,0,0,Certification Only,41,90,5.5,Placed,9.0,On-Campus / Off-Campus Placement,73,"Tableau, SQL, Git, AWS, System Design, React, Problem Solving, Python"
STU10685,22,Female,B.Sc (CS/IT),2023,State Tech University (Tier 2),Electronics & Communication,Certified Information Systems Security Professional (CISSP); NPTEL Cloud Computing & Distributed Systems; AWS Certified Solutions Architect,Udemy; IBM; Meta,3,Deloitte Consulting,Artificial Intelligence / ML,3,1,Both (Hybrid),57,93,8.0,Placed,13.12,On-Campus / Off-Campus Placement,47,"System Design, Data Analysis, AWS, Communication, Git, Java, Tableau, Python, Machine Learning, Docker"
STU10686,22,Male,BCA,2024,State Tech University (Tier 2),Computer Science & Engineering,TensorFlow Developer Certificate; Meta Front-End Developer Specialization; Docker & Kubernetes Developer Cert,AWS; Google Cloud; Coursera,4,InnovateTech Startup,Cloud & DevOps,3,3,Both (Hybrid),97,100,10.0,Placed,18.3,Internship Conversion,5,"Kubernetes, Communication, Problem Solving, Machine Learning, Tableau, Data Analysis, System Design, Power BI, Docker, React"
STU10687,22,Male,M.Tech,2026,IIT / NIT Group (Tier 1),Business Analytics,None,None,0,DataMetrics Labs,Product & Business Analytics,2,1,Internship Only,71,37,6.9,Placed,10.12,Internship Conversion,74,"Data Analysis, Docker, SQL, Problem Solving"
STU10688,23,Female,B.Tech,2025,Apex Institute of Technology (Tier 2),Cyber Security,TensorFlow Developer Certificate,Coursera,1,Amazon AWS,Product & Business Analytics,3,1,Both (Hybrid),64,51,8.1,Placed,12.12,On-Campus / Off-Campus Placement,61,"Communication, Java, Kubernetes, React, Tableau, Git, Machine Learning"
STU10689,21,Female,BCA,2024,BITS & Top National Inst (Tier 1),Cyber Security,Google Professional Data Engineer; AWS Certified Solutions Architect; Certified Information Systems Security Professional (CISSP),Google Cloud; Coursera; Meta,4,Microsoft Tech,Product & Business Analytics,2,2,Both (Hybrid),88,100,9.5,Placed,18.53,Internship Conversion,12,"Data Analysis, Communication, React, Kubernetes, System Design, Java, Problem Solving, Tableau, Python, AWS"
STU10690,22,Male,B.Tech,2026,Apex Institute of Technology (Tier 2),Electronics & Communication,None,None,0,None,None,0,0,Neither,41,63,3.7,Placed,5.86,On-Campus / Off-Campus Placement,136,"Python, Git"
STU10691,22,Female,B.Tech,2024,IIT / NIT Group (Tier 1),Data Science & Artificial Intelligence,Meta Front-End Developer Specialization; Docker & Kubernetes Developer Cert,AWS; IBM,2,CyberGuard Analytics,Software Engineering,4,3,Both (Hybrid),100,87,10.0,Placed,17.92,Internship Conversion,5,"Tableau, Python, Docker, Machine Learning, React, Java, System Design, Kubernetes, SQL, Communication"
STU10692,22,Female,BCA,2024,Regional Tech Institute (Tier 3),Computer Science & Engineering,Certified Information Systems Security Professional (CISSP); IBM Data Science Professional,AWS; Google Cloud,2,Microsoft Tech,Data Science & Analytics,7,2,Both (Hybrid),88,75,8.9,Placed,13.97,Internship Conversion,5,"Power BI, SQL, Python, React, Data Analysis, Tableau, Communication, AWS, Git, Machine Learning"
STU10693,21,Male,BCA,2024,BITS & Top National Inst (Tier 1),Data Science & Artificial Intelligence,None,None,0,None,None,0,0,Neither,57,54,5.5,Placed,10.32,On-Campus / Off-Campus Placement,132,"Data Analysis, Tableau, Communication"
STU10694,21,Male,B.Sc (CS/IT),2024,City Engineering College (Tier 3),Data Science & Artificial Intelligence,Meta Front-End Developer Specialization,NPTEL,1,None,None,0,0,Certification Only,20,64,4.3,Placed,3.5,On-Campus / Off-Campus Placement,117,"Communication, Docker, Python, AWS"
STU10695,22,Male,B.Tech,2024,City Engineering College (Tier 3),Electronics & Communication,TensorFlow Developer Certificate; Coursera Machine Learning Specialization,Microsoft Azure; Meta,2,Deloitte Consulting,Software Engineering,14,3,Both (Hybrid),100,69,10.0,Placed,19.59,Direct PPO (Pre-Placement Offer),5,"Kubernetes, Java, Problem Solving, SQL, Docker, AWS, React, Git, Tableau, Machine Learning"
STU10696,22,Female,B.Tech,2025,Regional Tech Institute (Tier 3),Cyber Security,NPTEL Cloud Computing & Distributed Systems; TensorFlow Developer Certificate; AWS Certified Solutions Architect,IBM; Udemy; AWS,3,Google India,Cyber Security,2,2,Both (Hybrid),70,70,8.1,Placed,11.2,On-Campus / Off-Campus Placement,38,"AWS, Problem Solving, Tableau, Machine Learning, Communication, React, Java, Docker, Power BI, System Design"
STU10697,22,Female,B.Tech,2024,State Tech University (Tier 2),Data Science & Artificial Intelligence,Docker & Kubernetes Developer Cert; Google Professional Data Engineer,Microsoft Azure; Udemy,2,None,None,0,0,Certification Only,36,74,5.2,Placed,9.04,On-Campus / Off-Campus Placement,84,"Tableau, Machine Learning, Docker, Communication, Python, React"
STU10698,21,Male,MBA (Tech & Analytics),2025,Apex Institute of Technology (Tier 2),Computer Science & Engineering,Microsoft Certified: Azure Developer; Coursera Machine Learning Specialization,Microsoft Azure; NPTEL,2,None,None,0,0,Certification Only,37,63,5.9,Unplaced,0.0,Not Converted,-1,"Python, Data Analysis, System Design, Power BI, Kubernetes"
STU10699,22,Male,B.Tech,2023,State Tech University (Tier 2),Computer Science & Engineering,Docker & Kubernetes Developer Cert,Meta,1,None,None,0,0,Certification Only,35,58,4.5,Placed,7.85,On-Campus / Off-Campus Placement,128,"Power BI, SQL, Tableau, Communication, Problem Solving"
STU10700,22,Female,B.Tech,2023,BITS & Top National Inst (Tier 1),Computer Science & Engineering,Coursera Machine Learning Specialization,Coursera,1,DataMetrics Labs,Software Engineering,3,3,Both (Hybrid),99,67,10.0,Placed,15.16,Internship Conversion,10,"Git, Data Analysis, AWS, React, Tableau, Communication, Kubernetes, System Design, Machine Learning, Java"
STU10701,21,Male,B.Tech,2024,State Tech University (Tier 2),Data Science & Artificial Intelligence,None,None,0,DataMetrics Labs,Cyber Security,9,1,Internship Only,76,50,7.8,Placed,13.84,Direct PPO (Pre-Placement Offer),98,"Java, System Design, Docker, Data Analysis, Tableau"
STU10702,22,Male,BCA,2026,BITS & Top National Inst (Tier 1),Data Science & Artificial Intelligence,TensorFlow Developer Certificate,Coursera,1,CyberGuard Analytics,Cyber Security,9,1,Both (Hybrid),92,62,9.0,Placed,16.14,Direct PPO (Pre-Placement Offer),8,"Git, Data Analysis, SQL, Machine Learning, Problem Solving, React"
STU10703,21,Female,B.Tech,2024,Regional Tech Institute (Tier 3),Electronics & Communication,None,None,0,Deloitte Consulting,Software Engineering,4,3,Internship Only,94,41,8.5,Placed,11.08,On-Campus / Off-Campus Placement,9,"System Design, Kubernetes, Power BI, AWS, React, Communication, Tableau, Docker, Git, Java"
STU10704,21,Female,M.Tech,2025,IIT / NIT Group (Tier 1),Data Science & Artificial Intelligence,AWS Certified Solutions Architect,Microsoft Azure,1,DataMetrics Labs,Cloud & DevOps,2,1,Both (Hybrid),72,64,6.6,Placed,12.81,On-Campus / Off-Campus Placement,51,"Communication, Problem Solving, Data Analysis, Java, Git, SQL"
STU10705,25,Female,B.Tech,2024,Apex Institute of Technology (Tier 2),Business Analytics,NPTEL Cloud Computing & Distributed Systems,AWS,1,FinTech Solutions,Artificial Intelligence / ML,2,1,Both (Hybrid),66,52,6.2,Placed,12.33,Internship Conversion,85,"Power BI, Docker, Python, React, Machine Learning, System Design, Communication"
STU10706,22,Female,M.Tech,2023,Apex Institute of Technology (Tier 2),Information Technology,NPTEL Cloud Computing & Distributed Systems,Coursera,1,Google India,Artificial Intelligence / ML,14,3,Both (Hybrid),100,65,10.0,Placed,20.27,Direct PPO (Pre-Placement Offer),5,"React, Kubernetes, SQL, Communication, Data Analysis, Docker, Tableau, Git, Java, AWS"
STU10707,23,Female,B.Tech,2023,State Tech University (Tier 2),Electronics & Communication,None,None,0,None,None,0,0,Neither,39,53,3.4,Placed,9.13,On-Campus / Off-Campus Placement,124,"Communication, SQL"
STU10708,22,Male,BCA,2024,Apex Institute of Technology (Tier 2),Computer Science & Engineering,AWS Certified Solutions Architect; Coursera Machine Learning Specialization,Coursera; Google Cloud,2,Amazon AWS,Product & Business Analytics,3,3,Both (Hybrid),95,77,10.0,Placed,15.89,On-Campus / Off-Campus Placement,5,"Git, React, Machine Learning, Communication, Tableau, AWS, Data Analysis, Problem Solving, Kubernetes, Python"
STU10709,23,Female,M.Tech,2023,IIT / NIT Group (Tier 1),Electronics & Communication,Coursera Machine Learning Specialization; TensorFlow Developer Certificate,Microsoft Azure; Coursera,2,None,None,0,0,Certification Only,38,77,5.2,Placed,12.09,On-Campus / Off-Campus Placement,107,"Communication, Kubernetes, Power BI, Python, Problem Solving, System Design"
STU10710,23,Male,B.Tech,2023,Apex Institute of Technology (Tier 2),Information Technology,None,None,0,TCS Innovation Labs,Data Science & Analytics,2,1,Internship Only,62,56,6.6,Placed,11.13,Internship Conversion,86,"Power BI, React, Tableau, Docker"
STU10711,22,Female,MBA (Tech & Analytics),2025,State Tech University (Tier 2),Computer Science & Engineering,Certified Information Systems Security Professional (CISSP); NPTEL Cloud Computing & Distributed Systems; Meta Front-End Developer Specialization,Udemy; Coursera; IBM,4,TCS Innovation Labs,Product & Business Analytics,6,1,Both (Hybrid),70,91,8.3,Placed,14.07,Direct PPO (Pre-Placement Offer),40,"Problem Solving, Machine Learning, AWS, Data Analysis, SQL, React, Communication, Java, Kubernetes, System Design"
STU10712,22,Male,B.Tech,2023,Regional Tech Institute (Tier 3),Computer Science & Engineering,None,None,0,InnovateTech Startup,Cyber Security,9,3,Internship Only,90,40,9.3,Placed,15.53,Internship Conversion,5,"Git, Problem Solving, Data Analysis, AWS, Machine Learning, Java, Power BI, Communication, Tableau, React"
STU10713,22,Female,MBA (Tech & Analytics),2025,Apex Institute of Technology (Tier 2),Business Analytics,IBM Data Science Professional; Docker & Kubernetes Developer Cert; AWS Certified Solutions Architect,Coursera; Microsoft Azure; AWS,3,TCS Innovation Labs,Software Engineering,3,1,Both (Hybrid),50,84,7.3,Placed,12.3,On-Campus / Off-Campus Placement,64,"Power BI, Python, System Design, Communication, Java, Problem Solving, AWS, SQL, Data Analysis, Machine Learning"
STU10714,22,Male,BCA,2024,Regional Tech Institute (Tier 3),Computer Science & Engineering,None,None,0,None,None,0,0,Neither,25,45,2.4,Unplaced,0.0,Not Converted,-1,"SQL, Git"
STU10715,24,Male,B.Tech,2025,IIT / NIT Group (Tier 1),Data Science & Artificial Intelligence,Docker & Kubernetes Developer Cert; NPTEL Cloud Computing & Distributed Systems; Coursera Machine Learning Specialization,Microsoft Azure; Meta; NPTEL,3,None,None,0,0,Certification Only,47,89,5.5,Placed,10.29,On-Campus / Off-Campus Placement,77,"SQL, AWS, Communication, React, Power BI, Tableau, Git"
STU10716,23,Male,B.Tech,2025,State Tech University (Tier 2),Computer Science & Engineering,None,None,0,Deloitte Consulting,Software Engineering,9,1,Internship Only,83,47,8.0,Placed,13.63,On-Campus / Off-Campus Placement,66,"Java, Communication, Problem Solving, System Design, Data Analysis, Kubernetes"
STU10717,25,Male,B.Tech,2024,BITS & Top National Inst (Tier 1),Information Technology,IBM Data Science Professional; Meta Front-End Developer Specialization; NPTEL Cloud Computing & Distributed Systems,NPTEL; AWS; Microsoft Azure,3,Amazon AWS,Cloud & DevOps,3,2,Both (Hybrid),95,100,8.7,Placed,17.65,On-Campus / Off-Campus Placement,59,"Docker, SQL, Git, Machine Learning, Java, Tableau, Data Analysis, Problem Solving, System Design, Communication"
STU10718,21,Female,B.Tech,2024,IIT / NIT Group (Tier 1),Electronics & Communication,Microsoft Certified: Azure Developer,NPTEL,1,DataMetrics Labs,Cyber Security,3,1,Both (Hybrid),72,67,7.5,Unplaced,0.0,Not Converted,-1,"Kubernetes, Communication, Machine Learning, Problem Solving, Java, AWS"
STU10719,23,Female,B.Tech,2025,BITS & Top National Inst (Tier 1),Data Science & Artificial Intelligence,Meta Front-End Developer Specialization; Certified Information Systems Security Professional (CISSP),Coursera; Microsoft Azure,2,InnovateTech Startup,Cyber Security,7,2,Both (Hybrid),100,82,9.7,Placed,18.27,Direct PPO (Pre-Placement Offer),5,"Problem Solving, AWS, Kubernetes, Git, Tableau, Power BI, Machine Learning, Communication, React, System Design"
STU10720,24,Male,B.Tech,2026,Apex Institute of Technology (Tier 2),Data Science & Artificial Intelligence,Certified Information Systems Security Professional (CISSP),Coursera,1,Amazon AWS,Cloud & DevOps,3,2,Both (Hybrid),76,72,9.2,Placed,13.67,Internship Conversion,42,"Communication, AWS, System Design, Tableau, Problem Solving, Python, SQL, Data Analysis, React, Power BI"
STU10721,21,Male,B.Tech,2023,BITS & Top National Inst (Tier 1),Cyber Security,None,None,0,Google India,Software Engineering,6,1,Internship Only,83,78,7.2,Placed,15.39,On-Campus / Off-Campus Placement,59,"React, System Design, Java, Data Analysis"
STU10722,21,Male,B.Sc (CS/IT),2023,State Tech University (Tier 2),Electronics & Communication,NPTEL Cloud Computing & Distributed Systems; Docker & Kubernetes Developer Cert; AWS Certified Solutions Architect,NPTEL; IBM; Microsoft Azure,3,InnovateTech Startup,Cyber Security,2,1,Both (Hybrid),66,78,6.6,Placed,12.91,On-Campus / Off-Campus Placement,56,"Kubernetes, Power BI, Python, SQL, Data Analysis, Tableau, Communication, System Design, AWS, Machine Learning"
STU10723,23,Male,B.Tech,2026,City Engineering College (Tier 3),Business Analytics,None,None,0,DataMetrics Labs,Cyber Security,2,1,Internship Only,58,51,6.3,Placed,5.59,On-Campus / Off-Campus Placement,79,"System Design, Kubernetes, Git, Machine Learning"
STU10724,22,Male,B.Tech,2024,Apex Institute of Technology (Tier 2),Data Science & Artificial Intelligence,Coursera Machine Learning Specialization; Google Professional Data Engineer; Meta Front-End Developer Specialization,NPTEL; IBM; Google Cloud,4,Microsoft Tech,Cyber Security,4,3,Both (Hybrid),100,97,10.0,Placed,17.86,On-Campus / Off-Campus Placement,5,"Machine Learning, AWS, Java, React, Data Analysis, Docker, Git, Communication, SQL, Tableau"
STU10725,23,Female,BCA,2025,State Tech University (Tier 2),Computer Science & Engineering,None,None,0,None,None,0,0,Neither,34,43,4.1,Placed,8.34,On-Campus / Off-Campus Placement,126,"Python, Data Analysis, Tableau"
STU10726,21,Male,B.Tech,2024,State Tech University (Tier 2),Data Science & Artificial Intelligence,TensorFlow Developer Certificate,AWS,1,Microsoft Tech,Data Science & Analytics,6,1,Both (Hybrid),82,53,7.6,Placed,13.48,On-Campus / Off-Campus Placement,39,"Python, Power BI, Machine Learning, Git, Problem Solving, AWS, Kubernetes, React"
STU10727,23,Male,B.Tech,2023,State Tech University (Tier 2),Information Technology,TensorFlow Developer Certificate; AWS Certified Solutions Architect,Google Cloud; Udemy,2,CyberGuard Analytics,Cloud & DevOps,2,2,Both (Hybrid),77,73,8.8,Placed,11.52,Internship Conversion,45,"SQL, Python, Power BI, Docker, Communication, Git, Machine Learning, System Design, Kubernetes, React"
STU10728,21,Male,B.Tech,2025,BITS & Top National Inst (Tier 1),Computer Science & Engineering,Docker & Kubernetes Developer Cert,NPTEL,1,Deloitte Consulting,Artificial Intelligence / ML,3,3,Both (Hybrid),100,57,10.0,Placed,18.68,On-Campus / Off-Campus Placement,5,"Power BI, System Design, React, Data Analysis, Java, AWS, Kubernetes, Communication, Python, Tableau"
STU10729,21,Male,M.Tech,2025,Apex Institute of Technology (Tier 2),Computer Science & Engineering,Certified Information Systems Security Professional (CISSP),Google Cloud,1,TCS Innovation Labs,Artificial Intelligence / ML,9,1,Both (Hybrid),79,65,8.2,Placed,13.98,On-Campus / Off-Campus Placement,58,"Problem Solving, System Design, Machine Learning, Communication, AWS, Kubernetes"
STU10730,21,Male,B.Sc (CS/IT),2024,State Tech University (Tier 2),Computer Science & Engineering,TensorFlow Developer Certificate; Microsoft Certified: Azure Developer; Certified Information Systems Security Professional (CISSP),Udemy; AWS; Coursera,3,Google India,Cyber Security,11,2,Both (Hybrid),100,92,10.0,Placed,16.87,Direct PPO (Pre-Placement Offer),5,"System Design, AWS, Data Analysis, Java, Python, Communication, SQL, Power BI, Problem Solving, Machine Learning"
STU10731,23,Female,B.Tech,2024,City Engineering College (Tier 3),Data Science & Artificial Intelligence,Docker & Kubernetes Developer Cert; IBM Data Science Professional; Coursera Machine Learning Specialization,Microsoft Azure; Google Cloud; IBM,3,None,None,0,0,Certification Only,30,77,4.7,Unplaced,0.0,Not Converted,-1,"SQL, Git, Docker, Communication, Kubernetes, Python, Java, Tableau"
STU10732,23,Male,BCA,2025,Apex Institute of Technology (Tier 2),Electronics & Communication,Coursera Machine Learning Specialization; Docker & Kubernetes Developer Cert; Meta Front-End Developer Specialization,NPTEL; AWS; Google Cloud,4,DataMetrics Labs,Cloud & DevOps,6,1,Both (Hybrid),78,100,8.5,Placed,14.66,Direct PPO (Pre-Placement Offer),5,"Python, Data Analysis, Git, AWS, Communication, SQL, System Design, Kubernetes, Docker, React"
STU10733,22,Male,BCA,2025,Apex Institute of Technology (Tier 2),Computer Science & Engineering,Meta Front-End Developer Specialization,Google Cloud,1,Microsoft Tech,Data Science & Analytics,2,1,Both (Hybrid),64,60,6.4,Placed,10.67,On-Campus / Off-Campus Placement,58,"Docker, SQL, AWS, Power BI, Data Analysis, React, Java, Kubernetes"
STU10734,22,Male,BCA,2023,State Tech University (Tier 2),Information Technology,IBM Data Science Professional; Meta Front-End Developer Specialization,IBM; NPTEL,2,InnovateTech Startup,Software Engineering,2,2,Both (Hybrid),70,65,7.8,Placed,12.58,Internship Conversion,18,"Java, Git, System Design, Communication, Python, Tableau, React, Machine Learning, Problem Solving, Power BI"
STU10735,24,Male,BCA,2025,BITS & Top National Inst (Tier 1),Business Analytics,NPTEL Cloud Computing & Distributed Systems,AWS,1,Google India,Data Science & Analytics,3,1,Both (Hybrid),70,59,6.8,Placed,14.55,On-Campus / Off-Campus Placement,65,"Data Analysis, Docker, Problem Solving, Machine Learning, Power BI, Git, Tableau, Java"
STU10736,22,Male,BCA,2025,Apex Institute of Technology (Tier 2),Computer Science & Engineering,NPTEL Cloud Computing & Distributed Systems,Microsoft Azure,1,Infosys Center,Cyber Security,3,1,Both (Hybrid),62,54,6.3,Placed,9.84,On-Campus / Off-Campus Placement,63,"SQL, Git, Python, React, Data Analysis, Tableau, Machine Learning, Docker"
STU10737,23,Female,B.Tech,2025,State Tech University (Tier 2),Information Technology,Coursera Machine Learning Specialization; Certified Information Systems Security Professional (CISSP); TensorFlow Developer Certificate,IBM; Microsoft Azure; Coursera,3,None,None,0,0,Certification Only,33,78,6.0,Placed,8.74,On-Campus / Off-Campus Placement,84,"Communication, Python, React, Data Analysis, Power BI, Problem Solving, Kubernetes"
STU10738,22,Female,B.Tech,2025,BITS & Top National Inst (Tier 1),Cyber Security,Docker & Kubernetes Developer Cert,Meta,1,Deloitte Consulting,Data Science & Analytics,3,1,Both (Hybrid),62,72,7.6,Placed,13.78,On-Campus / Off-Campus Placement,89,"Data Analysis, Git, Java, Machine Learning, Python, Docker, React"
STU10739,22,Female,B.Tech,2023,BITS & Top National Inst (Tier 1),Cyber Security,Docker & Kubernetes Developer Cert,IBM,1,None,None,0,0,Certification Only,32,69,4.7,Placed,12.37,On-Campus / Off-Campus Placement,105,"Communication, Problem Solving, Git, System Design, Docker"
STU10740,22,Male,M.Tech,2025,BITS & Top National Inst (Tier 1),Computer Science & Engineering,Meta Front-End Developer Specialization,Udemy,1,Microsoft Tech,Data Science & Analytics,9,1,Both (Hybrid),83,67,8.7,Placed,16.39,On-Campus / Off-Campus Placement,45,"Machine Learning, Problem Solving, Git, Communication, Python, System Design"
STU10741,22,Male,BCA,2025,Apex Institute of Technology (Tier 2),Computer Science & Engineering,IBM Data Science Professional; Google Professional Data Engineer,Udemy; NPTEL,2,None,None,0,0,Certification Only,44,74,5.3,Placed,10.26,On-Campus / Off-Campus Placement,88,"AWS, Java, Data Analysis, SQL, Power BI"
STU10742,23,Female,B.Sc (CS/IT),2023,BITS & Top National Inst (Tier 1),Computer Science & Engineering,Microsoft Certified: Azure Developer; NPTEL Cloud Computing & Distributed Systems; TensorFlow Developer Certificate,Udemy; IBM; Google Cloud,4,Amazon AWS,Software Engineering,2,1,Both (Hybrid),78,100,9.0,Placed,14.5,On-Campus / Off-Campus Placement,51,"Power BI, Tableau, React, Problem Solving, Data Analysis, Git, Machine Learning, Java, Communication, System Design"
STU10743,22,Female,MBA (Tech & Analytics),2024,State Tech University (Tier 2),Information Technology,NPTEL Cloud Computing & Distributed Systems; IBM Data Science Professional,NPTEL; IBM,2,None,None,0,0,Certification Only,48,72,4.1,Placed,7.77,On-Campus / Off-Campus Placement,79,"React, Java, Power BI, Git, System Design, SQL"
STU10744,21,Female,B.Tech,2024,State Tech University (Tier 2),Information Technology,Docker & Kubernetes Developer Cert,Udemy,1,Deloitte Consulting,Cloud & DevOps,3,1,Both (Hybrid),57,63,7.0,Placed,10.13,Internship Conversion,74,"Communication, Tableau, System Design, Power BI, React, AWS"
STU10745,24,Male,BCA,2025,Apex Institute of Technology (Tier 2),Information Technology,NPTEL Cloud Computing & Distributed Systems; Coursera Machine Learning Specialization; Docker & Kubernetes Developer Cert,Google Cloud; NPTEL; Meta,3,None,None,0,0,Certification Only,42,85,5.6,Unplaced,0.0,Not Converted,-1,"Problem Solving, Java, Power BI, Data Analysis, Kubernetes, Git, Machine Learning"
STU10746,22,Male,BCA,2024,City Engineering College (Tier 3),Computer Science & Engineering,Google Professional Data Engineer; Microsoft Certified: Azure Developer,AWS; Udemy,2,InnovateTech Startup,Cloud & DevOps,6,1,Both (Hybrid),75,55,5.9,Placed,11.13,On-Campus / Off-Campus Placement,50,"Tableau, Java, Machine Learning, Docker, React, Kubernetes, System Design, Power BI, SQL, Communication"
STU10747,22,Male,MBA (Tech & Analytics),2025,City Engineering College (Tier 3),Computer Science & Engineering,None,None,0,Google India,Data Science & Analytics,2,1,Internship Only,55,30,5.0,Placed,6.43,Internship Conversion,57,"AWS, Power BI, Data Analysis, Git"
STU10748,24,Female,MBA (Tech & Analytics),2026,State Tech University (Tier 2),Data Science & Artificial Intelligence,None,None,0,TCS Innovation Labs,Artificial Intelligence / ML,11,2,Internship Only,100,61,9.5,Placed,16.56,Direct PPO (Pre-Placement Offer),9,"Communication, React, Tableau, Java, System Design, Git, Power BI"
STU10749,22,Female,BCA,2025,IIT / NIT Group (Tier 1),Data Science & Artificial Intelligence,None,None,0,Google India,Cloud & DevOps,3,1,Internship Only,80,63,7.6,Placed,14.49,On-Campus / Off-Campus Placement,90,"Git, Communication, Kubernetes, Tableau"
STU10750,21,Female,B.Tech,2026,State Tech University (Tier 2),Information Technology,TensorFlow Developer Certificate,IBM,1,None,None,0,0,Certification Only,20,52,3.8,Placed,7.08,On-Campus / Off-Campus Placement,122,"Java, SQL, Tableau"
STU10751,24,Male,B.Sc (CS/IT),2026,Apex Institute of Technology (Tier 2),Data Science & Artificial Intelligence,NPTEL Cloud Computing & Distributed Systems; Meta Front-End Developer Specialization; Microsoft Certified: Azure Developer,Google Cloud; Meta; Microsoft Azure,3,Deloitte Consulting,Product & Business Analytics,2,2,Both (Hybrid),80,84,9.2,Placed,14.82,Internship Conversion,35,"Data Analysis, SQL, AWS, Docker, Git, Tableau, Communication, Python, Power BI, React"
STU10752,22,Female,B.Tech,2023,Apex Institute of Technology (Tier 2),Computer Science & Engineering,Certified Information Systems Security Professional (CISSP),NPTEL,1,FinTech Solutions,Artificial Intelligence / ML,6,1,Both (Hybrid),70,69,7.4,Placed,13.36,Internship Conversion,83,"Problem Solving, Tableau, Git, Machine Learning, Python, React, SQL, AWS"
STU10753,22,Male,B.Sc (CS/IT),2025,Apex Institute of Technology (Tier 2),Computer Science & Engineering,IBM Data Science Professional,Microsoft Azure,1,Deloitte Consulting,Artificial Intelligence / ML,15,2,Both (Hybrid),100,60,10.0,Placed,19.51,Direct PPO (Pre-Placement Offer),20,"Python, Communication, Data Analysis, System Design, SQL, Problem Solving, Power BI, React, Kubernetes"
STU10754,21,Male,M.Tech,2024,BITS & Top National Inst (Tier 1),Computer Science & Engineering,IBM Data Science Professional; TensorFlow Developer Certificate; Google Professional Data Engineer,Google Cloud; IBM; Coursera,4,Infosys Center,Data Science & Analytics,2,1,Both (Hybrid),60,100,9.3,Placed,15.23,Internship Conversion,38,"Java, AWS, Docker, Python, Git, Kubernetes, System Design, Communication, Problem Solving, Tableau"
STU10755,23,Male,B.Tech,2026,Apex Institute of Technology (Tier 2),Computer Science & Engineering,Docker & Kubernetes Developer Cert; AWS Certified Solutions Architect; NPTEL Cloud Computing & Distributed Systems,IBM; Microsoft Azure; AWS,3,CyberGuard Analytics,Data Science & Analytics,3,1,Both (Hybrid),71,78,7.8,Placed,12.43,On-Campus / Off-Campus Placement,73,"Data Analysis, Tableau, Kubernetes, System Design, Docker, SQL, React, Java, Python, Power BI"
STU10756,22,Female,BCA,2024,BITS & Top National Inst (Tier 1),Computer Science & Engineering,IBM Data Science Professional; Meta Front-End Developer Specialization,Udemy; AWS,2,Google India,Cyber Security,3,1,Both (Hybrid),63,84,7.9,Placed,13.35,On-Campus / Off-Campus Placement,61,"Machine Learning, React, Tableau, Git, Kubernetes, Java, SQL, System Design, Problem Solving, AWS"
STU10757,22,Male,B.Tech,2026,Apex Institute of Technology (Tier 2),Computer Science & Engineering,NPTEL Cloud Computing & Distributed Systems,Meta,1,Google India,Cyber Security,19,3,Both (Hybrid),100,66,10.0,Placed,21.01,Direct PPO (Pre-Placement Offer),5,"Tableau, SQL, React, Machine Learning, Kubernetes, Python, Problem Solving, Power BI, Data Analysis, Java"
STU10758,24,Male,B.Tech,2025,State Tech University (Tier 2),Computer Science & Engineering,None,None,0,None,None,0,0,Neither,29,44,3.9,Placed,7.33,On-Campus / Off-Campus Placement,117,"React, Problem Solving"
STU10759,23,Female,B.Tech,2025,Apex Institute of Technology (Tier 2),Computer Science & Engineering,None,None,0,FinTech Solutions,Product & Business Analytics,14,3,Internship Only,100,43,10.0,Placed,20.02,On-Campus / Off-Campus Placement,5,"Power BI, Git, Problem Solving, React, Machine Learning, Tableau, Kubernetes, Data Analysis, AWS, SQL"
STU10760,21,Male,B.Sc (CS/IT),2023,IIT / NIT Group (Tier 1),Information Technology,None,None,0,Google India,Artificial Intelligence / ML,6,1,Internship Only,71,33,7.1,Placed,16.74,On-Campus / Off-Campus Placement,51,"Tableau, Power BI, React, Problem Solving, Python, Git"
STU10761,22,Male,MBA (Tech & Analytics),2023,State Tech University (Tier 2),Computer Science & Engineering,Docker & Kubernetes Developer Cert,Microsoft Azure,1,DataMetrics Labs,Artificial Intelligence / ML,3,3,Both (Hybrid),99,60,9.4,Placed,16.75,On-Campus / Off-Campus Placement,14,"React, SQL, Docker, Power BI, AWS, Tableau, Kubernetes, Java, Machine Learning, Git"
STU10762,21,Male,MBA (Tech & Analytics),2025,Apex Institute of Technology (Tier 2),Information Technology,NPTEL Cloud Computing & Distributed Systems; Microsoft Certified: Azure Developer,IBM; AWS,2,CyberGuard Analytics,Artificial Intelligence / ML,6,1,Both (Hybrid),73,69,8.4,Placed,14.02,Direct PPO (Pre-Placement Offer),55,"Machine Learning, React, Docker, Git, Python, Data Analysis, AWS, System Design"
STU10763,23,Male,B.Tech,2023,BITS & Top National Inst (Tier 1),Information Technology,None,None,0,Deloitte Consulting,Cyber Security,3,2,Internship Only,78,48,7.8,Placed,15.6,On-Campus / Off-Campus Placement,52,"Problem Solving, React, Java, Data Analysis, AWS, Python, System Design, Kubernetes, Git"
STU10764,21,Female,M.Tech,2025,Apex Institute of Technology (Tier 2),Data Science & Artificial Intelligence,None,None,0,Amazon AWS,Software Engineering,3,2,Internship Only,86,45,7.5,Placed,12.68,Internship Conversion,35,"AWS, React, System Design, Machine Learning, SQL, Kubernetes, Docker, Tableau"
STU10765,22,Male,B.Sc (CS/IT),2023,Apex Institute of Technology (Tier 2),Cyber Security,None,None,0,Google India,Cyber Security,3,2,Internship Only,84,44,7.8,Placed,12.49,On-Campus / Off-Campus Placement,73,"Communication, Data Analysis, Python, AWS, Power BI, React, Kubernetes, System Design, Java"
STU10766,23,Male,B.Tech,2025,Apex Institute of Technology (Tier 2),Computer Science & Engineering,Microsoft Certified: Azure Developer; Docker & Kubernetes Developer Cert,Udemy; Google Cloud,2,CyberGuard Analytics,Product & Business Analytics,3,1,Both (Hybrid),61,64,7.6,Placed,11.49,On-Campus / Off-Campus Placement,66,"SQL, Kubernetes, Git, Java, Communication, Power BI, Data Analysis, System Design"
STU10767,24,Female,B.Tech,2024,State Tech University (Tier 2),Information Technology,Google Professional Data Engineer; TensorFlow Developer Certificate,Google Cloud; Coursera,2,Microsoft Tech,Product & Business Analytics,7,2,Both (Hybrid),87,75,9.9,Placed,16.24,Internship Conversion,29,"Java, Python, Tableau, Communication, Git, Data Analysis, Problem Solving, Power BI, Kubernetes, React"
STU10768,22,Female,B.Tech,2025,State Tech University (Tier 2),Cyber Security,NPTEL Cloud Computing & Distributed Systems; Docker & Kubernetes Developer Cert,IBM; Google Cloud,2,CyberGuard Analytics,Data Science & Analytics,9,1,Both (Hybrid),82,66,9.4,Placed,16.1,Direct PPO (Pre-Placement Offer),35,"Power BI, AWS, Java, Problem Solving, Docker, Tableau, Git, System Design"
STU10769,23,Female,M.Tech,2025,Apex Institute of Technology (Tier 2),Electronics & Communication,Docker & Kubernetes Developer Cert,IBM,1,FinTech Solutions,Software Engineering,3,1,Both (Hybrid),62,55,6.6,Placed,13.21,On-Campus / Off-Campus Placement,79,"Communication, Data Analysis, React, Tableau, Problem Solving, Kubernetes, Python, Git"
STU10770,21,Male,BCA,2024,State Tech University (Tier 2),Computer Science & Engineering,Certified Information Systems Security Professional (CISSP),Coursera,1,Microsoft Tech,Cloud & DevOps,3,2,Both (Hybrid),81,49,8.0,Placed,12.78,On-Campus / Off-Campus Placement,54,"Problem Solving, Machine Learning, SQL, System Design, Git, Communication, Java, React, Data Analysis"
STU10771,23,Male,B.Sc (CS/IT),2023,Apex Institute of Technology (Tier 2),Computer Science & Engineering,None,None,0,None,None,0,0,Neither,25,49,4.1,Unplaced,0.0,Not Converted,-1,"AWS, Docker, Java"
STU10772,21,Female,B.Tech,2023,State Tech University (Tier 2),Computer Science & Engineering,Docker & Kubernetes Developer Cert,AWS,1,None,None,0,0,Certification Only,42,74,4.3,Placed,8.92,On-Campus / Off-Campus Placement,105,"System Design, AWS, React"
STU10773,22,Female,B.Sc (CS/IT),2025,BITS & Top National Inst (Tier 1),Information Technology,Google Professional Data Engineer; Meta Front-End Developer Specialization; Coursera Machine Learning Specialization,Google Cloud; Meta; NPTEL,3,Amazon AWS,Cyber Security,2,2,Both (Hybrid),89,85,9.7,Placed,17.38,On-Campus / Off-Campus Placement,35,"Machine Learning, Python, React, Kubernetes, System Design, Problem Solving, AWS, Docker, Git, SQL"
STU10774,23,Female,B.Tech,2025,BITS & Top National Inst (Tier 1),Information Technology,Coursera Machine Learning Specialization; Meta Front-End Developer Specialization; Docker & Kubernetes Developer Cert,Udemy; Microsoft Azure; Google Cloud,5,Google India,Software Engineering,6,1,Both (Hybrid),74,100,10.0,Placed,16.64,Internship Conversion,9,"Communication, Kubernetes, Docker, Machine Learning, Problem Solving, AWS, Power BI, React, Python, Git"
STU10775,21,Female,B.Tech,2025,IIT / NIT Group (Tier 1),Computer Science & Engineering,Microsoft Certified: Azure Developer; Docker & Kubernetes Developer Cert,Udemy; Coursera,2,Amazon AWS,Cyber Security,3,1,Both (Hybrid),65,77,7.8,Placed,14.84,Internship Conversion,51,"AWS, Data Analysis, Java, React, Communication, Python, Docker, Power BI"
STU10776,21,Female,BCA,2025,State Tech University (Tier 2),Data Science & Artificial Intelligence,Microsoft Certified: Azure Developer; Coursera Machine Learning Specialization; AWS Certified Solutions Architect,NPTEL; Coursera; Meta,4,DataMetrics Labs,Data Science & Analytics,6,1,Both (Hybrid),74,95,8.1,Placed,14.34,Direct PPO (Pre-Placement Offer),16,"Power BI, Git, Python, Communication, Kubernetes, React, System Design, Tableau, Docker, SQL"
STU10777,23,Male,B.Tech,2024,Apex Institute of Technology (Tier 2),Information Technology,NPTEL Cloud Computing & Distributed Systems; IBM Data Science Professional,Udemy; Microsoft Azure,2,Google India,Data Science & Analytics,7,2,Both (Hybrid),96,69,10.0,Placed,18.18,On-Campus / Off-Campus Placement,15,"Problem Solving, Data Analysis, Machine Learning, Docker, SQL, Kubernetes, Python, Git, System Design, AWS"
STU10778,23,Male,B.Sc (CS/IT),2024,Apex Institute of Technology (Tier 2),Data Science & Artificial Intelligence,None,None,0,None,None,0,0,Neither,35,55,4.7,Placed,6.63,On-Campus / Off-Campus Placement,113,"System Design, Communication"
STU10779,22,Female,B.Tech,2023,BITS & Top National Inst (Tier 1),Electronics & Communication,Google Professional Data Engineer; Meta Front-End Developer Specialization; AWS Certified Solutions Architect,Udemy; AWS; Google Cloud,5,TCS Innovation Labs,Software Engineering,3,1,Both (Hybrid),71,100,9.0,Placed,17.65,On-Campus / Off-Campus Placement,5,"SQL, Docker, Communication, System Design, Machine Learning, Power BI, React, Java, AWS, Git"
STU10780,23,Male,BCA,2024,Regional Tech Institute (Tier 3),Electronics & Communication,None,None,0,CyberGuard Analytics,Artificial Intelligence / ML,7,2,Internship Only,67,40,9.2,Placed,12.38,Direct PPO (Pre-Placement Offer),27,"Docker, Python, Tableau, Data Analysis, Machine Learning, System Design, SQL, Kubernetes, AWS"
STU10781,22,Male,B.Tech,2026,State Tech University (Tier 2),Computer Science & Engineering,TensorFlow Developer Certificate; AWS Certified Solutions Architect,Google Cloud; Udemy,2,Google India,Product & Business Analytics,3,1,Both (Hybrid),53,63,6.5,Placed,11.67,On-Campus / Off-Campus Placement,75,"Machine Learning, Python, Kubernetes, AWS, Java, React, Problem Solving, Power BI, SQL"
STU10782,22,Female,BCA,2026,City Engineering College (Tier 3),Information Technology,Google Professional Data Engineer,Microsoft Azure,1,Infosys Center,Cyber Security,2,1,Both (Hybrid),54,44,5.4,Unplaced,0.0,Not Converted,-1,"AWS, Tableau, Communication, Python, System Design, Problem Solving, Machine Learning, SQL"
STU10783,22,Female,B.Tech,2024,Apex Institute of Technology (Tier 2),Computer Science & Engineering,NPTEL Cloud Computing & Distributed Systems,Coursera,1,None,None,0,0,Certification Only,40,61,5.3,Placed,8.32,On-Campus / Off-Campus Placement,101,"Data Analysis, Communication, Java, Power BI, Problem Solving"
STU10784,21,Male,B.Tech,2025,Apex Institute of Technology (Tier 2),Data Science & Artificial Intelligence,Certified Information Systems Security Professional (CISSP); Google Professional Data Engineer,IBM; NPTEL,2,DataMetrics Labs,Cloud & DevOps,7,2,Both (Hybrid),89,60,8.6,Placed,18.46,Internship Conversion,25,"Kubernetes, AWS, Data Analysis, Java, React, Python, Tableau, SQL, Machine Learning, Docker"
STU10785,24,Male,M.Tech,2025,IIT / NIT Group (Tier 1),Cyber Security,AWS Certified Solutions Architect,IBM,1,Microsoft Tech,Cloud & DevOps,7,2,Both (Hybrid),100,79,10.0,Placed,16.58,Direct PPO (Pre-Placement Offer),16,"SQL, Tableau, Java, Problem Solving, React, Git, Machine Learning, System Design, Python, Power BI"
STU10786,22,Male,B.Tech,2024,BITS & Top National Inst (Tier 1),Business Analytics,AWS Certified Solutions Architect,NPTEL,1,Google India,Software Engineering,2,1,Both (Hybrid),72,63,6.1,Placed,14.67,On-Campus / Off-Campus Placement,82,"Docker, Tableau, Communication, Git, Machine Learning, React, Python"
STU10787,22,Female,B.Sc (CS/IT),2023,IIT / NIT Group (Tier 1),Data Science & Artificial Intelligence,Docker & Kubernetes Developer Cert,Udemy,1,None,None,0,0,Certification Only,49,56,5.8,Placed,9.09,On-Campus / Off-Campus Placement,119,"System Design, Java, Git, Docker"
STU10788,22,Female,MBA (Tech & Analytics),2023,Apex Institute of Technology (Tier 2),Computer Science & Engineering,NPTEL Cloud Computing & Distributed Systems,NPTEL,1,FinTech Solutions,Cyber Security,2,2,Both (Hybrid),81,56,7.9,Placed,12.2,On-Campus / Off-Campus Placement,68,"Kubernetes, React, SQL, Problem Solving, Git, Docker, Power BI, System Design, Machine Learning, Data Analysis"
STU10789,24,Male,B.Tech,2025,State Tech University (Tier 2),Computer Science & Engineering,TensorFlow Developer Certificate; Google Professional Data Engineer; IBM Data Science Professional,Google Cloud; Microsoft Azure; Udemy,4,Google India,Product & Business Analytics,2,1,Both (Hybrid),68,100,7.8,Placed,11.89,On-Campus / Off-Campus Placement,36,"Power BI, System Design, Communication, AWS, Tableau, Kubernetes, Git, Machine Learning, Docker, Data Analysis"
STU10790,21,Male,B.Tech,2026,Apex Institute of Technology (Tier 2),Data Science & Artificial Intelligence,Certified Information Systems Security Professional (CISSP); Microsoft Certified: Azure Developer; IBM Data Science Professional,Microsoft Azure; Coursera; NPTEL,3,TCS Innovation Labs,Cloud & DevOps,4,3,Both (Hybrid),100,74,10.0,Placed,17.7,Internship Conversion,5,"Communication, Power BI, Java, Python, Kubernetes, React, Machine Learning, Docker, Data Analysis, Problem Solving"
STU10791,22,Female,BCA,2025,State Tech University (Tier 2),Computer Science & Engineering,Docker & Kubernetes Developer Cert,Udemy,1,Microsoft Tech,Artificial Intelligence / ML,6,1,Both (Hybrid),65,60,6.9,Placed,12.18,Direct PPO (Pre-Placement Offer),46,"SQL, Docker, System Design, Machine Learning, Data Analysis, Tableau"
STU10792,22,Male,MBA (Tech & Analytics),2023,City Engineering College (Tier 3),Data Science & Artificial Intelligence,None,None,0,None,None,0,0,Neither,42,36,3.6,Placed,3.86,On-Campus / Off-Campus Placement,87,"Machine Learning, Communication"
STU10793,22,Female,M.Tech,2023,BITS & Top National Inst (Tier 1),Computer Science & Engineering,Google Professional Data Engineer; AWS Certified Solutions Architect; Meta Front-End Developer Specialization,NPTEL; AWS; IBM,3,Infosys Center,Product & Business Analytics,3,1,Both (Hybrid),64,99,9.2,Placed,14.58,On-Campus / Off-Campus Placement,60,"Tableau, React, SQL, Git, Problem Solving, Data Analysis, Python, Communication, Docker, Machine Learning"
STU10794,21,Female,BCA,2025,BITS & Top National Inst (Tier 1),Computer Science & Engineering,None,None,0,TCS Innovation Labs,Data Science & Analytics,3,1,Internship Only,73,56,7.0,Placed,14.12,On-Campus / Off-Campus Placement,68,"Power BI, Communication, AWS, Git, Docker"
STU10795,24,Male,B.Sc (CS/IT),2025,State Tech University (Tier 2),Computer Science & Engineering,Google Professional Data Engineer,NPTEL,1,None,None,0,0,Certification Only,33,58,4.7,Placed,7.66,On-Campus / Off-Campus Placement,122,"Git, Machine Learning, SQL, Power BI"
STU10796,24,Female,B.Tech,2025,State Tech University (Tier 2),Cyber Security,IBM Data Science Professional,Coursera,1,InnovateTech Startup,Cloud & DevOps,3,3,Both (Hybrid),100,57,10.0,Placed,14.0,Internship Conversion,16,"System Design, Problem Solving, Java, AWS, Data Analysis, Kubernetes, Power BI, SQL, React, Docker"
STU10797,22,Male,MBA (Tech & Analytics),2025,State Tech University (Tier 2),Information Technology,Meta Front-End Developer Specialization; Coursera Machine Learning Specialization; TensorFlow Developer Certificate,Google Cloud; IBM; Coursera,3,None,None,0,0,Certification Only,37,84,5.2,Placed,10.45,On-Campus / Off-Campus Placement,93,"AWS, Data Analysis, Docker, Git, Kubernetes, Python, Java, Communication"
STU10798,23,Male,MBA (Tech & Analytics),2023,Apex Institute of Technology (Tier 2),Computer Science & Engineering,None,None,0,Amazon AWS,Artificial Intelligence / ML,3,2,Internship Only,79,42,7.1,Placed,11.46,Internship Conversion,56,"Git, React, Communication, Power BI, System Design, Docker, Tableau, AWS"
STU10799,24,Female,B.Tech,2025,IIT / NIT Group (Tier 1),Computer Science & Engineering,None,None,0,InnovateTech Startup,Software Engineering,6,1,Internship Only,80,61,7.6,Placed,13.58,Direct PPO (Pre-Placement Offer),89,"Tableau, Communication, Docker, Git, Data Analysis, Java"
STU10800,23,Male,B.Tech,2025,State Tech University (Tier 2),Data Science & Artificial Intelligence,Docker & Kubernetes Developer Cert,Udemy,1,InnovateTech Startup,Software Engineering,3,1,Both (Hybrid),62,54,6.3,Placed,8.63,On-Campus / Off-Campus Placement,64,"SQL, Python, Machine Learning, Docker, React, Communication, System Design"
STU10801,21,Non-Binary,B.Tech,2024,City Engineering College (Tier 3),Computer Science & Engineering,IBM Data Science Professional,IBM,1,Amazon AWS,Software Engineering,4,3,Both (Hybrid),89,52,9.3,Placed,14.22,Internship Conversion,10,"Docker, AWS, SQL, Machine Learning, Git, Tableau, Kubernetes, Java, React, Problem Solving"
STU10802,22,Female,B.Tech,2025,IIT / NIT Group (Tier 1),Data Science & Artificial Intelligence,TensorFlow Developer Certificate; Coursera Machine Learning Specialization,Coursera; IBM,2,Deloitte Consulting,Artificial Intelligence / ML,3,1,Both (Hybrid),74,70,8.0,Placed,15.95,On-Campus / Off-Campus Placement,61,"Communication, Power BI, React, Java, Kubernetes, Docker, AWS, Python, Problem Solving, Machine Learning"
STU10803,22,Male,B.Sc (CS/IT),2024,Regional Tech Institute (Tier 3),Electronics & Communication,Certified Information Systems Security Professional (CISSP),Meta,1,Infosys Center,Artificial Intelligence / ML,2,1,Both (Hybrid),46,58,6.0,Unplaced,0.0,Not Converted,-1,"Docker, AWS, Communication, Tableau, React, Data Analysis, SQL, Python"
STU10804,22,Male,B.Tech,2023,Regional Tech Institute (Tier 3),Information Technology,Certified Information Systems Security Professional (CISSP),Meta,1,None,None,0,0,Certification Only,31,48,4.0,Unplaced,0.0,Not Converted,-1,"SQL, Tableau, Git"
STU10805,23,Male,B.Tech,2024,IIT / NIT Group (Tier 1),Information Technology,None,None,0,TCS Innovation Labs,Product & Business Analytics,2,2,Internship Only,94,49,7.7,Placed,15.15,Internship Conversion,41,"Problem Solving, Kubernetes, SQL, Data Analysis, Java, AWS, Power BI, React"
STU10806,24,Male,B.Tech,2023,State Tech University (Tier 2),Data Science & Artificial Intelligence,None,None,0,Microsoft Tech,Product & Business Analytics,4,3,Internship Only,93,34,10.0,Placed,15.21,Internship Conversion,21,"Data Analysis, Tableau, Power BI, AWS, Kubernetes, Problem Solving, Python, React, Docker, SQL"
STU10807,24,Male,MBA (Tech & Analytics),2024,State Tech University (Tier 2),Business Analytics,IBM Data Science Professional; Docker & Kubernetes Developer Cert; Microsoft Certified: Azure Developer,Google Cloud; Coursera; Microsoft Azure,3,CyberGuard Analytics,Cloud & DevOps,2,1,Both (Hybrid),61,90,7.5,Placed,12.63,On-Campus / Off-Campus Placement,61,"Java, Communication, Tableau, Machine Learning, Docker, Power BI, SQL, Problem Solving, Kubernetes, AWS"
STU10808,22,Male,BCA,2024,Apex Institute of Technology (Tier 2),Business Analytics,Meta Front-End Developer Specialization; NPTEL Cloud Computing & Distributed Systems; AWS Certified Solutions Architect,Coursera; Meta; NPTEL,3,TCS Innovation Labs,Data Science & Analytics,2,2,Both (Hybrid),76,83,8.7,Placed,16.04,Internship Conversion,33,"System Design, Data Analysis, Java, Kubernetes, AWS, Machine Learning, Tableau, React, Python, Power BI"
STU10809,21,Male,B.Tech,2025,Apex Institute of Technology (Tier 2),Data Science & Artificial Intelligence,Docker & Kubernetes Developer Cert,IBM,1,Amazon AWS,Cyber Security,3,1,Both (Hybrid),63,44,7.0,Placed,12.05,On-Campus / Off-Campus Placement,66,"Java, Communication, System Design, Kubernetes, React, Data Analysis, AWS, Git"
STU10810,25,Female,B.Tech,2024,Apex Institute of Technology (Tier 2),Computer Science & Engineering,None,None,0,TCS Innovation Labs,Data Science & Analytics,15,2,Internship Only,100,33,10.0,Placed,18.25,On-Campus / Off-Campus Placement,5,"Git, Python, Power BI, Tableau, Communication, Machine Learning, Problem Solving"
STU10811,23,Female,MBA (Tech & Analytics),2024,Apex Institute of Technology (Tier 2),Data Science & Artificial Intelligence,None,None,0,InnovateTech Startup,Cyber Security,3,3,Internship Only,100,54,8.7,Placed,14.85,Internship Conversion,13,"SQL, Java, Data Analysis, Communication, AWS, React, Tableau, Power BI, Git, Docker"
STU10812,21,Female,B.Sc (CS/IT),2023,IIT / NIT Group (Tier 1),Computer Science & Engineering,Google Professional Data Engineer; Meta Front-End Developer Specialization,Meta; Coursera,2,Microsoft Tech,Cyber Security,3,1,Both (Hybrid),75,73,9.0,Placed,16.41,On-Campus / Off-Campus Placement,58,"Power BI, React, Java, Tableau, Python, Problem Solving, Git, Communication, Machine Learning, Docker"
STU10813,24,Male,B.Tech,2025,City Engineering College (Tier 3),Information Technology,Docker & Kubernetes Developer Cert; Microsoft Certified: Azure Developer,Udemy; Meta,2,Microsoft Tech,Cyber Security,2,2,Both (Hybrid),78,65,7.6,Placed,12.41,Internship Conversion,53,"Data Analysis, Problem Solving, System Design, Machine Learning, Java, AWS, Git, SQL, React, Docker"
STU10814,24,Male,B.Tech,2024,Apex Institute of Technology (Tier 2),Data Science & Artificial Intelligence,Microsoft Certified: Azure Developer,IBM,1,CyberGuard Analytics,Cyber Security,2,1,Both (Hybrid),71,60,6.6,Placed,10.64,On-Campus / Off-Campus Placement,79,"Kubernetes, Communication, Java, Tableau, React, Data Analysis, Power BI"
STU10815,22,Female,B.Tech,2024,Apex Institute of Technology (Tier 2),Computer Science & Engineering,IBM Data Science Professional; Coursera Machine Learning Specialization,Udemy; NPTEL,2,TCS Innovation Labs,Product & Business Analytics,15,2,Both (Hybrid),100,66,10.0,Placed,20.59,Direct PPO (Pre-Placement Offer),5,"Java, Power BI, AWS, React, Data Analysis, Problem Solving, System Design, SQL, Tableau, Machine Learning"
STU10816,22,Male,B.Tech,2026,City Engineering College (Tier 3),Computer Science & Engineering,Google Professional Data Engineer; Docker & Kubernetes Developer Cert,Coursera; IBM,2,Google India,Cloud & DevOps,2,1,Both (Hybrid),52,69,6.1,Placed,9.51,On-Campus / Off-Campus Placement,71,"Power BI, Git, Python, Problem Solving, Machine Learning, Kubernetes, Java, Docker"
STU10817,22,Male,BCA,2025,Apex Institute of Technology (Tier 2),Data Science & Artificial Intelligence,Microsoft Certified: Azure Developer; TensorFlow Developer Certificate; IBM Data Science Professional,Udemy; Coursera; Meta,4,CyberGuard Analytics,Cloud & DevOps,3,2,Both (Hybrid),77,100,8.1,Placed,14.86,Internship Conversion,11,"Power BI, Machine Learning, System Design, Problem Solving, Git, Data Analysis, Kubernetes, Docker, Java, Communication"
STU10818,21,Female,M.Tech,2026,BITS & Top National Inst (Tier 1),Business Analytics,None,None,0,Microsoft Tech,Cyber Security,3,1,Internship Only,60,51,7.7,Placed,14.34,On-Campus / Off-Campus Placement,76,"Tableau, SQL, Communication, Docker, Power BI"
STU10819,22,Female,B.Tech,2024,State Tech University (Tier 2),Data Science & Artificial Intelligence,None,None,0,DataMetrics Labs,Product & Business Analytics,2,1,Internship Only,61,41,6.0,Placed,9.78,Internship Conversion,78,"Python, Git, Machine Learning, Problem Solving, System Design, Tableau"
STU10820,23,Female,B.Sc (CS/IT),2023,State Tech University (Tier 2),Information Technology,None,None,0,Infosys Center,Cyber Security,7,2,Internship Only,95,39,8.6,Placed,15.32,Direct PPO (Pre-Placement Offer),32,"Problem Solving, Java, Kubernetes, System Design, Tableau, Python, AWS, SQL"
STU10821,21,Male,B.Tech,2025,IIT / NIT Group (Tier 1),Computer Science & Engineering,TensorFlow Developer Certificate; Coursera Machine Learning Specialization; AWS Certified Solutions Architect,Meta; NPTEL; IBM,3,None,None,0,0,Certification Only,48,95,6.7,Placed,10.42,On-Campus / Off-Campus Placement,88,"React, Communication, SQL, Java, Tableau, AWS, Python, Kubernetes"
STU10822,22,Female,B.Sc (CS/IT),2024,Regional Tech Institute (Tier 3),Data Science & Artificial Intelligence,Certified Information Systems Security Professional (CISSP); Coursera Machine Learning Specialization; AWS Certified Solutions Architect,Google Cloud; Microsoft Azure; Udemy,3,FinTech Solutions,Cloud & DevOps,6,1,Both (Hybrid),71,78,7.8,Placed,11.52,Direct PPO (Pre-Placement Offer),53,"AWS, Kubernetes, Docker, Java, React, Tableau, Communication, Data Analysis, System Design, Power BI"
STU10823,22,Female,B.Sc (CS/IT),2024,BITS & Top National Inst (Tier 1),Data Science & Artificial Intelligence,Docker & Kubernetes Developer Cert; NPTEL Cloud Computing & Distributed Systems,Meta; IBM,2,Microsoft Tech,Cloud & DevOps,2,1,Both (Hybrid),72,80,7.2,Placed,13.69,On-Campus / Off-Campus Placement,43,"AWS, Python, Machine Learning, Kubernetes, Git, Docker, Problem Solving, Java, Tableau"
STU10824,22,Female,B.Tech,2023,Apex Institute of Technology (Tier 2),Information Technology,None,None,0,None,None,0,0,Neither,33,48,4.5,Unplaced,0.0,Not Converted,-1,"Git, Power BI"
STU10825,24,Female,B.Tech,2025,State Tech University (Tier 2),Computer Science & Engineering,Meta Front-End Developer Specialization,Udemy,1,DataMetrics Labs,Product & Business Analytics,2,2,Both (Hybrid),81,68,8.3,Placed,13.8,On-Campus / Off-Campus Placement,42,"System Design, AWS, Java, Git, Tableau, Problem Solving, SQL, React, Machine Learning, Kubernetes"
STU10826,22,Female,BCA,2023,IIT / NIT Group (Tier 1),Data Science & Artificial Intelligence,Docker & Kubernetes Developer Cert,Coursera,1,Amazon AWS,Product & Business Analytics,7,2,Both (Hybrid),100,65,9.6,Placed,17.36,Direct PPO (Pre-Placement Offer),31,"Problem Solving, Java, System Design, SQL, React, Communication, Docker, Python, Git, Data Analysis"
STU10827,22,Male,B.Tech,2026,Regional Tech Institute (Tier 3),Computer Science & Engineering,Google Professional Data Engineer; Certified Information Systems Security Professional (CISSP),Meta; IBM,2,None,None,0,0,Certification Only,31,65,3.7,Placed,7.95,On-Campus / Off-Campus Placement,97,"SQL, Docker, React, Machine Learning, Power BI, Python, Kubernetes"
STU10828,23,Male,B.Tech,2026,City Engineering College (Tier 3),Computer Science & Engineering,TensorFlow Developer Certificate,Meta,1,Infosys Center,Artificial Intelligence / ML,3,2,Both (Hybrid),90,57,7.1,Placed,11.16,On-Campus / Off-Campus Placement,44,"AWS, Communication, Git, Python, Power BI, Kubernetes, Tableau, Machine Learning, Problem Solving, React"
STU10829,22,Female,BCA,2024,State Tech University (Tier 2),Cyber Security,None,None,0,Google India,Artificial Intelligence / ML,6,1,Internship Only,74,43,7.3,Placed,12.8,Internship Conversion,54,"Python, Git, Kubernetes, Power BI, Communication, React"
STU10830,21,Female,MBA (Tech & Analytics),2025,BITS & Top National Inst (Tier 1),Computer Science & Engineering,Docker & Kubernetes Developer Cert; Google Professional Data Engineer,NPTEL; AWS,2,TCS Innovation Labs,Software Engineering,3,1,Both (Hybrid),70,88,7.4,Placed,11.95,On-Campus / Off-Campus Placement,63,"SQL, Docker, Java, Power BI, React, Tableau, AWS, Git"
STU10831,22,Female,B.Tech,2025,BITS & Top National Inst (Tier 1),Computer Science & Engineering,Google Professional Data Engineer,Meta,1,None,None,0,0,Certification Only,40,53,4.7,Placed,10.18,On-Campus / Off-Campus Placement,115,"Docker, Communication, Kubernetes, React"
STU10832,21,Male,B.Sc (CS/IT),2025,State Tech University (Tier 2),Data Science & Artificial Intelligence,Meta Front-End Developer Specialization,AWS,1,Deloitte Consulting,Software Engineering,9,3,Both (Hybrid),100,38,10.0,Placed,20.71,Direct PPO (Pre-Placement Offer),5,"System Design, Docker, AWS, Problem Solving, Power BI, Java, Python, Data Analysis, Kubernetes, SQL"
STU10833,21,Male,B.Tech,2024,State Tech University (Tier 2),Electronics & Communication,None,None,0,TCS Innovation Labs,Artificial Intelligence / ML,3,1,Internship Only,74,52,6.1,Placed,11.32,Internship Conversion,112,"Java, Machine Learning, Docker, SQL, Kubernetes"
STU10834,22,Female,B.Sc (CS/IT),2025,State Tech University (Tier 2),Data Science & Artificial Intelligence,NPTEL Cloud Computing & Distributed Systems; AWS Certified Solutions Architect; Google Professional Data Engineer,IBM; Google Cloud; NPTEL,3,None,None,0,0,Certification Only,44,81,4.7,Unplaced,0.0,Not Converted,-1,"Docker, Communication, Git, AWS, Tableau, React, Python, Problem Solving, Power BI"
STU10835,22,Female,BCA,2024,Regional Tech Institute (Tier 3),Information Technology,AWS Certified Solutions Architect; Meta Front-End Developer Specialization,Coursera; AWS,2,Infosys Center,Cloud & DevOps,7,2,Both (Hybrid),95,63,8.7,Placed,13.16,Direct PPO (Pre-Placement Offer),47,"Communication, Python, Tableau, Kubernetes, Power BI, Git, System Design, Data Analysis, Docker, Problem Solving"
STU10836,24,Female,M.Tech,2026,Apex Institute of Technology (Tier 2),Electronics & Communication,Docker & Kubernetes Developer Cert; AWS Certified Solutions Architect; Meta Front-End Developer Specialization,Meta; IBM; Udemy,4,CyberGuard Analytics,Cyber Security,3,1,Both (Hybrid),56,91,7.7,Placed,11.7,Internship Conversion,34,"Data Analysis, Tableau, Kubernetes, Git, Python, System Design, Power BI, SQL, Java, Problem Solving"
STU10837,22,Female,B.Tech,2024,City Engineering College (Tier 3),Computer Science & Engineering,Certified Information Systems Security Professional (CISSP),Meta,1,Google India,Artificial Intelligence / ML,7,2,Both (Hybrid),72,44,8.1,Placed,14.36,Direct PPO (Pre-Placement Offer),5,"Python, Git, React, Kubernetes, System Design, Docker, Machine Learning, Problem Solving, SQL, Data Analysis"
STU10838,22,Female,BCA,2024,Apex Institute of Technology (Tier 2),Data Science & Artificial Intelligence,Docker & Kubernetes Developer Cert; TensorFlow Developer Certificate; Google Professional Data Engineer,NPTEL; IBM; Coursera,4,Microsoft Tech,Software Engineering,4,3,Both (Hybrid),100,100,10.0,Placed,18.59,Internship Conversion,5,"Communication, Kubernetes, SQL, Data Analysis, System Design, Java, Problem Solving, Git, Machine Learning, Docker"
STU10839,22,Female,BCA,2025,State Tech University (Tier 2),Data Science & Artificial Intelligence,Microsoft Certified: Azure Developer; NPTEL Cloud Computing & Distributed Systems; Docker & Kubernetes Developer Cert,Coursera; AWS; Meta,3,None,None,0,0,Certification Only,46,87,4.9,Placed,10.45,On-Campus / Off-Campus Placement,91,"AWS, Communication, Tableau, Data Analysis, Power BI, Git, System Design"
STU10840,21,Female,B.Tech,2025,City Engineering College (Tier 3),Electronics & Communication,Google Professional Data Engineer; IBM Data Science Professional,NPTEL; Meta,2,Google India,Cyber Security,11,2,Both (Hybrid),90,63,9.9,Placed,14.85,On-Campus / Off-Campus Placement,5,"Java, Machine Learning, Kubernetes, React, Git, Docker, Communication, Tableau, SQL, Python"
STU10841,23,Female,B.Tech,2025,State Tech University (Tier 2),Computer Science & Engineering,Docker & Kubernetes Developer Cert; IBM Data Science Professional; Coursera Machine Learning Specialization,Coursera; Google Cloud; Meta,4,FinTech Solutions,Artificial Intelligence / ML,9,3,Both (Hybrid),100,100,10.0,Placed,20.59,Internship Conversion,5,"Docker, Machine Learning, Power BI, Communication, Tableau, Kubernetes, React, Data Analysis, AWS, Java"
STU10842,21,Female,B.Tech,2023,City Engineering College (Tier 3),Computer Science & Engineering,Meta Front-End Developer Specialization,IBM,1,Google India,Product & Business Analytics,6,1,Both (Hybrid),70,46,6.6,Placed,9.53,Direct PPO (Pre-Placement Offer),67,"Java, Python, Communication, Data Analysis, Power BI, Tableau, Problem Solving"
STU10843,25,Male,B.Tech,2024,State Tech University (Tier 2),Information Technology,AWS Certified Solutions Architect,AWS,1,Deloitte Consulting,Cyber Security,15,2,Both (Hybrid),100,52,10.0,Placed,19.3,Direct PPO (Pre-Placement Offer),5,"Machine Learning, Docker, Java, Data Analysis, System Design, Communication, SQL, Problem Solving, React, Power BI"
STU10844,21,Male,M.Tech,2026,BITS & Top National Inst (Tier 1),Data Science & Artificial Intelligence,None,None,0,Amazon AWS,Cyber Security,3,1,Internship Only,67,65,6.7,Placed,13.92,Internship Conversion,69,"Machine Learning, Git, System Design, Docker, Java, SQL"
STU10845,22,Female,B.Tech,2025,City Engineering College (Tier 3),Data Science & Artificial Intelligence,Coursera Machine Learning Specialization; Docker & Kubernetes Developer Cert,AWS; IBM,2,Amazon AWS,Cloud & DevOps,3,1,Both (Hybrid),52,59,6.9,Placed,10.19,Internship Conversion,78,"Kubernetes, SQL, React, Communication, Data Analysis, Python, Machine Learning, AWS, Problem Solving"
STU10846,21,Male,B.Tech,2025,Apex Institute of Technology (Tier 2),Data Science & Artificial Intelligence,AWS Certified Solutions Architect; Google Professional Data Engineer,IBM; NPTEL,2,Google India,Data Science & Analytics,7,2,Both (Hybrid),100,78,9.0,Placed,15.32,Direct PPO (Pre-Placement Offer),24,"System Design, Tableau, Python, Data Analysis, Machine Learning, Problem Solving, AWS, Communication, Docker, Git"
STU10847,25,Male,B.Sc (CS/IT),2023,City Engineering College (Tier 3),Computer Science & Engineering,Microsoft Certified: Azure Developer; AWS Certified Solutions Architect; Docker & Kubernetes Developer Cert,AWS; Coursera; Microsoft Azure,3,FinTech Solutions,Data Science & Analytics,4,3,Both (Hybrid),100,78,10.0,Placed,16.31,Internship Conversion,5,"Git, Communication, Machine Learning, System Design, Kubernetes, Problem Solving, Java, Python, AWS, Docker"
STU10848,22,Male,B.Tech,2024,Regional Tech Institute (Tier 3),Data Science & Artificial Intelligence,None,None,0,None,None,0,0,Neither,33,53,5.1,Unplaced,0.0,Not Converted,-1,"Python, System Design, Machine Learning"
STU10849,22,Male,BCA,2025,IIT / NIT Group (Tier 1),Data Science & Artificial Intelligence,AWS Certified Solutions Architect,AWS,1,FinTech Solutions,Artificial Intelligence / ML,3,1,Both (Hybrid),68,66,7.8,Placed,14.8,On-Campus / Off-Campus Placement,71,"System Design, Git, Docker, Power BI, Python, Kubernetes"
STU10850,21,Male,B.Tech,2025,State Tech University (Tier 2),Business Analytics,None,None,0,CyberGuard Analytics,Cyber Security,4,3,Internship Only,100,45,9.4,Placed,17.23,Internship Conversion,23,"Problem Solving, Tableau, Git, Docker, Power BI, AWS, Java, React, Communication, Python"
STU10851,23,Male,MBA (Tech & Analytics),2023,State Tech University (Tier 2),Computer Science & Engineering,Docker & Kubernetes Developer Cert; NPTEL Cloud Computing & Distributed Systems,Coursera; Meta,2,None,None,0,0,Certification Only,43,80,4.7,Placed,8.69,On-Campus / Off-Campus Placement,82,"Data Analysis, Tableau, Docker, Problem Solving, Java, SQL"
STU10852,21,Female,M.Tech,2026,Apex Institute of Technology (Tier 2),Electronics & Communication,None,None,0,Infosys Center,Artificial Intelligence / ML,3,2,Internship Only,90,50,8.2,Placed,14.69,On-Campus / Off-Campus Placement,52,"SQL, Problem Solving, Power BI, AWS, React, System Design, Machine Learning, Communication, Git"
STU10853,24,Male,M.Tech,2025,Apex Institute of Technology (Tier 2),Information Technology,NPTEL Cloud Computing & Distributed Systems; Coursera Machine Learning Specialization; IBM Data Science Professional,NPTEL; Udemy; Microsoft Azure,4,FinTech Solutions,Product & Business Analytics,6,1,Both (Hybrid),76,94,9.6,Placed,14.99,Direct PPO (Pre-Placement Offer),23,"System Design, Git, Java, Docker, Machine Learning, React, Power BI, Problem Solving, SQL, Python"
STU10854,21,Male,B.Tech,2023,State Tech University (Tier 2),Computer Science & Engineering,NPTEL Cloud Computing & Distributed Systems,Google Cloud,1,TCS Innovation Labs,Software Engineering,3,1,Both (Hybrid),72,63,6.8,Placed,13.24,On-Campus / Off-Campus Placement,80,"AWS, SQL, Communication, Problem Solving, Docker, Git"
STU10855,21,Male,B.Sc (CS/IT),2024,Apex Institute of Technology (Tier 2),Information Technology,Docker & Kubernetes Developer Cert,Meta,1,None,None,0,0,Certification Only,37,63,4.9,Placed,9.1,On-Campus / Off-Campus Placement,106,"Problem Solving, Tableau, Git, AWS"
STU10856,21,Female,B.Tech,2024,Apex Institute of Technology (Tier 2),Computer Science & Engineering,Microsoft Certified: Azure Developer; Coursera Machine Learning Specialization; AWS Certified Solutions Architect,NPTEL; AWS; Google Cloud,3,None,None,0,0,Certification Only,45,81,6.0,Placed,12.23,On-Campus / Off-Campus Placement,105,"Tableau, SQL, Python, Data Analysis, Machine Learning, Problem Solving, System Design"
STU10857,22,Male,B.Tech,2025,BITS & Top National Inst (Tier 1),Cyber Security,Docker & Kubernetes Developer Cert,Meta,1,Infosys Center,Software Engineering,3,1,Both (Hybrid),76,53,7.1,Placed,15.7,On-Campus / Off-Campus Placement,71,"Power BI, React, Git, System Design, AWS, Docker, Communication"
STU10858,22,Female,B.Tech,2023,City Engineering College (Tier 3),Business Analytics,None,None,0,FinTech Solutions,Software Engineering,3,1,Internship Only,47,46,5.5,Placed,8.84,Internship Conversion,72,"Problem Solving, SQL, System Design, Tableau, React, Power BI"
STU10859,21,Female,BCA,2023,Apex Institute of Technology (Tier 2),Computer Science & Engineering,TensorFlow Developer Certificate,Coursera,1,FinTech Solutions,Product & Business Analytics,6,1,Both (Hybrid),69,69,7.1,Placed,12.65,Direct PPO (Pre-Placement Offer),28,"Tableau, Problem Solving, SQL, AWS, Kubernetes, Data Analysis, Power BI"
STU10860,23,Female,B.Tech,2025,Regional Tech Institute (Tier 3),Computer Science & Engineering,None,None,0,None,None,0,0,Neither,31,39,3.2,Placed,6.99,On-Campus / Off-Campus Placement,116,"Java, React"
STU10861,22,Male,BCA,2023,State Tech University (Tier 2),Data Science & Artificial Intelligence,IBM Data Science Professional; TensorFlow Developer Certificate; Microsoft Certified: Azure Developer,AWS; Microsoft Azure; IBM,5,InnovateTech Startup,Data Science & Analytics,3,1,Both (Hybrid),61,100,8.6,Placed,13.32,On-Campus / Off-Campus Placement,36,"Communication, Data Analysis, React, Docker, System Design, Machine Learning, Kubernetes, Git, Java, Python"
STU10862,22,Female,B.Tech,2024,IIT / NIT Group (Tier 1),Data Science & Artificial Intelligence,NPTEL Cloud Computing & Distributed Systems; Certified Information Systems Security Professional (CISSP),Meta; Microsoft Azure,2,Deloitte Consulting,Product & Business Analytics,19,3,Both (Hybrid),100,76,10.0,Placed,27.77,On-Campus / Off-Campus Placement,5,"Problem Solving, React, Power BI, Tableau, Communication, System Design, Git, AWS, Kubernetes, SQL"
STU10863,22,Male,B.Tech,2024,State Tech University (Tier 2),Data Science & Artificial Intelligence,Certified Information Systems Security Professional (CISSP),AWS,1,DataMetrics Labs,Cyber Security,3,1,Both (Hybrid),62,63,6.9,Placed,10.43,On-Campus / Off-Campus Placement,57,"Machine Learning, Git, Data Analysis, System Design, Problem Solving, Python, Java, Kubernetes"
STU10864,22,Female,B.Sc (CS/IT),2025,IIT / NIT Group (Tier 1),Computer Science & Engineering,IBM Data Science Professional; Google Professional Data Engineer,Meta; NPTEL,2,Deloitte Consulting,Software Engineering,12,1,Both (Hybrid),94,73,10.0,Placed,19.18,Direct PPO (Pre-Placement Offer),50,"Machine Learning, React, Kubernetes, Power BI, Tableau, Problem Solving, Data Analysis, Docker, Communication"
STU10865,22,Female,B.Tech,2025,Regional Tech Institute (Tier 3),Information Technology,None,None,0,None,None,0,0,Neither,34,44,4.0,Placed,3.87,On-Campus / Off-Campus Placement,149,"Git, Docker, Kubernetes"
STU10866,21,Male,B.Sc (CS/IT),2024,IIT / NIT Group (Tier 1),Computer Science & Engineering,IBM Data Science Professional; Docker & Kubernetes Developer Cert; AWS Certified Solutions Architect,AWS; Coursera; NPTEL,3,TCS Innovation Labs,Cyber Security,2,1,Both (Hybrid),77,97,8.2,Placed,15.13,On-Campus / Off-Campus Placement,61,"Python, SQL, Communication, Java, React, Docker, Git, Power BI, Data Analysis, AWS"
STU10867,21,Male,B.Tech,2025,Apex Institute of Technology (Tier 2),Electronics & Communication,Coursera Machine Learning Specialization; TensorFlow Developer Certificate; Google Professional Data Engineer,Meta; Microsoft Azure; NPTEL,4,FinTech Solutions,Cyber Security,3,2,Both (Hybrid),83,96,9.4,Placed,16.46,Internship Conversion,23,"Problem Solving, System Design, Communication, Tableau, Python, Java, Data Analysis, Machine Learning, Power BI, Git"
STU10868,24,Male,B.Sc (CS/IT),2025,State Tech University (Tier 2),Electronics & Communication,IBM Data Science Professional; TensorFlow Developer Certificate; Docker & Kubernetes Developer Cert,Google Cloud; IBM; Coursera,3,Deloitte Consulting,Cyber Security,3,1,Both (Hybrid),57,91,7.7,Placed,12.41,On-Campus / Off-Campus Placement,83,"System Design, Data Analysis, Tableau, Problem Solving, SQL, Communication, Git, Power BI, Docker, Python"
STU10869,24,Female,BCA,2023,State Tech University (Tier 2),Data Science & Artificial Intelligence,Docker & Kubernetes Developer Cert,NPTEL,1,CyberGuard Analytics,Cyber Security,7,2,Both (Hybrid),93,73,9.2,Placed,14.25,On-Campus / Off-Campus Placement,39,"SQL, Kubernetes, React, Docker, Data Analysis, System Design, Power BI, Communication, Python, Tableau"
STU10870,22,Male,B.Tech,2023,IIT / NIT Group (Tier 1),Electronics & Communication,IBM Data Science Professional,Coursera,1,FinTech Solutions,Data Science & Analytics,3,1,Both (Hybrid),85,59,8.2,Placed,13.77,On-Campus / Off-Campus Placement,57,"Kubernetes, SQL, Python, Java, Data Analysis, AWS, Docker"
STU10871,22,Female,B.Tech,2024,Apex Institute of Technology (Tier 2),Computer Science & Engineering,None,None,0,None,None,0,0,Neither,43,37,3.8,Unplaced,0.0,Not Converted,-1,"Tableau, AWS, Problem Solving"
STU10872,22,Male,BCA,2024,Apex Institute of Technology (Tier 2),Computer Science & Engineering,Meta Front-End Developer Specialization; Google Professional Data Engineer,IBM; Meta,2,DataMetrics Labs,Cyber Security,2,1,Both (Hybrid),64,67,6.4,Placed,11.77,Internship Conversion,67,"Tableau, System Design, React, Kubernetes, Power BI, Python, SQL, Docker, AWS"
STU10873,22,Female,B.Sc (CS/IT),2025,State Tech University (Tier 2),Information Technology,IBM Data Science Professional; Docker & Kubernetes Developer Cert,Microsoft Azure; IBM,2,FinTech Solutions,Cloud & DevOps,3,2,Both (Hybrid),84,74,8.1,Placed,13.07,On-Campus / Off-Campus Placement,27,"Data Analysis, AWS, Kubernetes, Communication, Docker, Power BI, Git, Tableau, Machine Learning, SQL"
STU10874,21,Female,B.Tech,2025,City Engineering College (Tier 3),Data Science & Artificial Intelligence,IBM Data Science Professional,Meta,1,Google India,Cloud & DevOps,6,1,Both (Hybrid),65,58,6.4,Placed,7.65,Internship Conversion,26,"Machine Learning, Docker, Java, Data Analysis, Problem Solving, Tableau"
STU10875,21,Female,B.Tech,2024,State Tech University (Tier 2),Data Science & Artificial Intelligence,IBM Data Science Professional; Google Professional Data Engineer; Coursera Machine Learning Specialization,AWS; Microsoft Azure; Coursera,4,DataMetrics Labs,Cyber Security,3,2,Both (Hybrid),91,99,8.8,Placed,16.34,Internship Conversion,22,"Java, React, Kubernetes, Machine Learning, Communication, Tableau, AWS, SQL, Power BI, Git"
STU10876,23,Female,M.Tech,2023,State Tech University (Tier 2),Business Analytics,None,None,0,Deloitte Consulting,Artificial Intelligence / ML,2,1,Internship Only,65,51,6.6,Placed,9.19,On-Campus / Off-Campus Placement,99,"Data Analysis, React, AWS, Java, System Design"
STU10877,23,Male,BCA,2024,State Tech University (Tier 2),Cyber Security,None,None,0,None,None,0,0,Neither,38,32,3.4,Placed,5.81,On-Campus / Off-Campus Placement,119,"Communication, Data Analysis, Power BI"
STU10878,21,Male,B.Tech,2025,IIT / NIT Group (Tier 1),Information Technology,None,None,0,CyberGuard Analytics,Data Science & Analytics,11,2,Internship Only,100,46,10.0,Placed,20.71,Direct PPO (Pre-Placement Offer),18,"AWS, SQL, Kubernetes, Docker, Data Analysis, Problem Solving, React, Power BI, Java"
STU10879,21,Female,B.Tech,2024,Regional Tech Institute (Tier 3),Electronics & Communication,Meta Front-End Developer Specialization,NPTEL,1,Google India,Data Science & Analytics,3,1,Both (Hybrid),58,62,5.4,Placed,7.17,On-Campus / Off-Campus Placement,47,"Machine Learning, Problem Solving, Git, Power BI, Tableau, Python, SQL"
STU10880,21,Male,B.Tech,2025,State Tech University (Tier 2),Computer Science & Engineering,None,None,0,FinTech Solutions,Product & Business Analytics,7,2,Internship Only,100,29,9.2,Placed,15.11,Direct PPO (Pre-Placement Offer),22,"System Design, SQL, Machine Learning, AWS, Power BI, React, Communication, Data Analysis"
STU10881,23,Male,BCA,2023,IIT / NIT Group (Tier 1),Computer Science & Engineering,Microsoft Certified: Azure Developer; AWS Certified Solutions Architect,Udemy; IBM,2,Google India,Cloud & DevOps,6,1,Both (Hybrid),76,92,8.9,Placed,15.72,On-Campus / Off-Campus Placement,39,"Communication, Power BI, Git, Data Analysis, SQL, Java, System Design, Python, Tableau"
STU10882,21,Male,B.Tech,2025,State Tech University (Tier 2),Information Technology,TensorFlow Developer Certificate,Microsoft Azure,1,FinTech Solutions,Cloud & DevOps,3,3,Both (Hybrid),96,62,9.4,Placed,16.05,Internship Conversion,22,"Tableau, Java, Python, SQL, Docker, React, Problem Solving, Kubernetes, Power BI, Data Analysis"
STU10883,21,Male,MBA (Tech & Analytics),2026,Apex Institute of Technology (Tier 2),Data Science & Artificial Intelligence,None,None,0,FinTech Solutions,Artificial Intelligence / ML,3,3,Internship Only,100,38,9.3,Placed,14.23,On-Campus / Off-Campus Placement,7,"Data Analysis, Git, Java, Docker, System Design, React, AWS, Machine Learning, SQL, Kubernetes"
STU10884,23,Male,B.Tech,2024,State Tech University (Tier 2),Data Science & Artificial Intelligence,Docker & Kubernetes Developer Cert; NPTEL Cloud Computing & Distributed Systems; Meta Front-End Developer Specialization,NPTEL; Meta; Udemy,3,Infosys Center,Data Science & Analytics,2,1,Both (Hybrid),58,87,7.1,Placed,10.6,On-Campus / Off-Campus Placement,52,"Communication, Tableau, Git, Data Analysis, Java, AWS, SQL, Power BI, Python, React"
STU10885,21,Female,B.Tech,2024,Apex Institute of Technology (Tier 2),Computer Science & Engineering,Certified Information Systems Security Professional (CISSP),Microsoft Azure,1,CyberGuard Analytics,Cloud & DevOps,6,1,Both (Hybrid),69,70,8.7,Placed,12.76,Direct PPO (Pre-Placement Offer),59,"Problem Solving, AWS, Tableau, Git, Machine Learning, System Design, React, Python"
STU10886,23,Male,BCA,2026,IIT / NIT Group (Tier 1),Information Technology,Google Professional Data Engineer; IBM Data Science Professional,AWS; IBM,2,Deloitte Consulting,Cloud & DevOps,11,2,Both (Hybrid),100,68,10.0,Placed,23.16,Direct PPO (Pre-Placement Offer),7,"React, Data Analysis, Git, Tableau, System Design, AWS, Communication, Python, Kubernetes, Machine Learning"
STU10887,21,Female,M.Tech,2024,State Tech University (Tier 2),Computer Science & Engineering,AWS Certified Solutions Architect,NPTEL,1,Infosys Center,Product & Business Analytics,3,1,Both (Hybrid),71,53,7.3,Placed,11.56,On-Campus / Off-Campus Placement,63,"SQL, AWS, Docker, React, Tableau, Problem Solving"
STU10888,21,Male,B.Sc (CS/IT),2025,City Engineering College (Tier 3),Information Technology,AWS Certified Solutions Architect; Docker & Kubernetes Developer Cert,Udemy; Coursera,2,Google India,Product & Business Analytics,3,2,Both (Hybrid),71,69,7.8,Placed,11.4,Internship Conversion,34,"Java, Machine Learning, Docker, Kubernetes, Python, Git, Power BI, Problem Solving, React, System Design"
STU10889,21,Female,B.Tech,2023,IIT / NIT Group (Tier 1),Computer Science & Engineering,Certified Information Systems Security Professional (CISSP); IBM Data Science Professional; NPTEL Cloud Computing & Distributed Systems,AWS; Microsoft Azure; Coursera,4,Google India,Product & Business Analytics,9,1,Both (Hybrid),85,100,10.0,Placed,19.39,Internship Conversion,5,"Python, Git, AWS, System Design, Kubernetes, Java, Data Analysis, React, Problem Solving, Tableau"
STU10890,23,Male,B.Sc (CS/IT),2025,City Engineering College (Tier 3),Computer Science & Engineering,None,None,0,None,None,0,0,Neither,25,32,3.9,Unplaced,0.0,Not Converted,-1,"Python, AWS"
STU10891,24,Female,BCA,2023,IIT / NIT Group (Tier 1),Computer Science & Engineering,IBM Data Science Professional; TensorFlow Developer Certificate,Microsoft Azure; Google Cloud,2,Microsoft Tech,Cyber Security,4,3,Both (Hybrid),100,85,10.0,Placed,19.2,On-Campus / Off-Campus Placement,5,"SQL, Python, Communication, Problem Solving, Docker, Tableau, Java, Kubernetes, React, Machine Learning"
STU10892,23,Female,B.Tech,2026,City Engineering College (Tier 3),Computer Science & Engineering,NPTEL Cloud Computing & Distributed Systems; Meta Front-End Developer Specialization; Coursera Machine Learning Specialization,Udemy; AWS; IBM,3,TCS Innovation Labs,Artificial Intelligence / ML,2,2,Both (Hybrid),73,79,8.2,Placed,11.64,Internship Conversion,33,"System Design, Problem Solving, AWS, SQL, Communication, Docker, Kubernetes, Power BI, React, Machine Learning"
STU10893,22,Male,B.Tech,2025,State Tech University (Tier 2),Business Analytics,AWS Certified Solutions Architect; Microsoft Certified: Azure Developer,IBM; Meta,2,Infosys Center,Product & Business Analytics,2,1,Both (Hybrid),62,68,6.7,Placed,12.54,Internship Conversion,84,"Kubernetes, Power BI, AWS, System Design, React, Docker, Python, Problem Solving"
STU10894,23,Female,B.Tech,2025,Apex Institute of Technology (Tier 2),Computer Science & Engineering,AWS Certified Solutions Architect,Meta,1,Infosys Center,Cyber Security,3,3,Both (Hybrid),99,59,9.8,Placed,17.36,Internship Conversion,5,"SQL, Data Analysis, Docker, Kubernetes, Java, System Design, Power BI, Machine Learning, Problem Solving, Tableau"
STU10895,21,Non-Binary,B.Tech,2025,BITS & Top National Inst (Tier 1),Computer Science & Engineering,TensorFlow Developer Certificate,Meta,1,Infosys Center,Data Science & Analytics,7,2,Both (Hybrid),100,69,10.0,Placed,15.86,Direct PPO (Pre-Placement Offer),22,"AWS, Data Analysis, React, Kubernetes, Power BI, Machine Learning, Java, Tableau, Communication"
STU10896,22,Female,M.Tech,2025,IIT / NIT Group (Tier 1),Data Science & Artificial Intelligence,AWS Certified Solutions Architect; TensorFlow Developer Certificate,Udemy; Google Cloud,2,None,None,0,0,Certification Only,39,78,5.1,Placed,13.55,On-Campus / Off-Campus Placement,128,"Problem Solving, System Design, Python, Java, Git"
STU10897,24,Female,B.Tech,2024,BITS & Top National Inst (Tier 1),Data Science & Artificial Intelligence,Google Professional Data Engineer; Meta Front-End Developer Specialization; Certified Information Systems Security Professional (CISSP),Coursera; Udemy; Microsoft Azure,3,Infosys Center,Data Science & Analytics,2,1,Both (Hybrid),66,91,7.4,Placed,14.25,Internship Conversion,58,"Data Analysis, Power BI, Communication, Java, AWS, Git, Docker, Kubernetes, Machine Learning, SQL"
STU10898,21,Male,MBA (Tech & Analytics),2026,BITS & Top National Inst (Tier 1),Computer Science & Engineering,None,None,0,Infosys Center,Product & Business Analytics,6,1,Internship Only,80,56,6.8,Placed,15.54,Direct PPO (Pre-Placement Offer),75,"Machine Learning, SQL, Git, System Design, Data Analysis"
STU10899,21,Female,BCA,2026,State Tech University (Tier 2),Computer Science & Engineering,None,None,0,InnovateTech Startup,Software Engineering,3,2,Internship Only,76,51,8.5,Placed,14.5,Internship Conversion,59,"Java, Data Analysis, Machine Learning, Tableau, SQL, AWS, Docker, Python"
STU10900,21,Male,BCA,2024,State Tech University (Tier 2),Cyber Security,Certified Information Systems Security Professional (CISSP),Coursera,1,Microsoft Tech,Data Science & Analytics,6,1,Both (Hybrid),68,76,6.8,Placed,12.64,On-Campus / Off-Campus Placement,38,"Machine Learning, Power BI, System Design, AWS, Data Analysis, Tableau"
STU10901,21,Male,BCA,2026,Apex Institute of Technology (Tier 2),Information Technology,Coursera Machine Learning Specialization,AWS,1,None,None,0,0,Certification Only,34,59,4.6,Placed,7.1,On-Campus / Off-Campus Placement,105,"Problem Solving, React, Python, Git, Tableau"
STU10902,21,Non-Binary,B.Tech,2025,Apex Institute of Technology (Tier 2),Data Science & Artificial Intelligence,Meta Front-End Developer Specialization,Coursera,1,None,None,0,0,Certification Only,40,52,4.9,Placed,7.78,On-Campus / Off-Campus Placement,114,"Docker, Python, Kubernetes, AWS, Communication"
STU10903,22,Male,B.Tech,2025,Apex Institute of Technology (Tier 2),Data Science & Artificial Intelligence,Certified Information Systems Security Professional (CISSP),Coursera,1,None,None,0,0,Certification Only,45,54,4.8,Unplaced,0.0,Not Converted,-1,"SQL, System Design, AWS, Git, Kubernetes"
STU10904,22,Female,B.Tech,2024,Apex Institute of Technology (Tier 2),Computer Science & Engineering,None,None,0,Google India,Cloud & DevOps,6,1,Internship Only,72,44,6.4,Placed,11.97,Internship Conversion,67,"System Design, Machine Learning, React, Python, Git"
STU10905,24,Female,BCA,2024,State Tech University (Tier 2),Computer Science & Engineering,None,None,0,CyberGuard Analytics,Product & Business Analytics,3,1,Internship Only,55,39,7.3,Placed,10.37,On-Campus / Off-Campus Placement,67,"AWS, Kubernetes, Python, Data Analysis, Machine Learning, Docker"
STU10906,23,Female,B.Tech,2023,State Tech University (Tier 2),Information Technology,Certified Information Systems Security Professional (CISSP); Meta Front-End Developer Specialization; Docker & Kubernetes Developer Cert,Microsoft Azure; IBM; Coursera,4,Infosys Center,Data Science & Analytics,2,2,Both (Hybrid),91,100,9.2,Placed,15.28,On-Campus / Off-Campus Placement,32,"Git, Kubernetes, Python, Communication, Machine Learning, Docker, AWS, Data Analysis, Problem Solving, Java"
STU10907,22,Non-Binary,B.Sc (CS/IT),2024,State Tech University (Tier 2),Business Analytics,None,None,0,None,None,0,0,Neither,42,48,3.9,Unplaced,0.0,Not Converted,-1,"Communication, AWS"
STU10908,22,Male,B.Tech,2025,City Engineering College (Tier 3),Computer Science & Engineering,Docker & Kubernetes Developer Cert,Coursera,1,TCS Innovation Labs,Product & Business Analytics,9,1,Both (Hybrid),71,70,8.7,Placed,11.9,Direct PPO (Pre-Placement Offer),39,"Tableau, Data Analysis, Power BI, System Design, Python, Git"
STU10909,22,Male,B.Tech,2024,BITS & Top National Inst (Tier 1),Electronics & Communication,Certified Information Systems Security Professional (CISSP),Microsoft Azure,1,DataMetrics Labs,Artificial Intelligence / ML,6,1,Both (Hybrid),80,71,7.5,Placed,15.14,Direct PPO (Pre-Placement Offer),99,"Python, Power BI, Git, System Design, Communication, Java, AWS, React"
STU10910,22,Male,B.Tech,2024,IIT / NIT Group (Tier 1),Computer Science & Engineering,TensorFlow Developer Certificate; Meta Front-End Developer Specialization; AWS Certified Solutions Architect,Microsoft Azure; Udemy; IBM,4,TCS Innovation Labs,Product & Business Analytics,6,1,Both (Hybrid),71,100,9.3,Placed,17.58,On-Campus / Off-Campus Placement,18,"SQL, Docker, Power BI, Communication, System Design, Git, Kubernetes, Data Analysis, Python, Problem Solving"
STU10911,22,Male,M.Tech,2026,Apex Institute of Technology (Tier 2),Computer Science & Engineering,Certified Information Systems Security Professional (CISSP); Google Professional Data Engineer; Coursera Machine Learning Specialization,Coursera; NPTEL; Google Cloud,3,Deloitte Consulting,Cyber Security,3,1,Both (Hybrid),56,73,7.4,Placed,11.89,On-Campus / Off-Campus Placement,55,"Data Analysis, Git, Problem Solving, SQL, Tableau, Java, Python, System Design, Machine Learning, Power BI"
STU10912,22,Male,B.Sc (CS/IT),2024,BITS & Top National Inst (Tier 1),Computer Science & Engineering,Google Professional Data Engineer; IBM Data Science Professional; NPTEL Cloud Computing & Distributed Systems,NPTEL; Coursera; IBM,3,CyberGuard Analytics,Artificial Intelligence / ML,3,1,Both (Hybrid),76,92,9.5,Placed,15.16,On-Campus / Off-Campus Placement,55,"Problem Solving, System Design, AWS, React, Power BI, SQL, Tableau, Java, Communication, Kubernetes"
STU10913,22,Male,B.Tech,2024,City Engineering College (Tier 3),Computer Science & Engineering,None,None,0,Google India,Product & Business Analytics,2,1,Internship Only,44,49,5.6,Placed,7.79,On-Campus / Off-Campus Placement,102,"Java, Git, Python, React"
STU10914,22,Female,BCA,2023,City Engineering College (Tier 3),Business Analytics,Meta Front-End Developer Specialization; NPTEL Cloud Computing & Distributed Systems; Microsoft Certified: Azure Developer,Meta; NPTEL; AWS,3,TCS Innovation Labs,Data Science & Analytics,3,2,Both (Hybrid),73,75,8.7,Placed,11.89,On-Campus / Off-Campus Placement,23,"Git, Docker, Data Analysis, Java, Kubernetes, Problem Solving, Machine Learning, SQL, Python, AWS"
STU10915,22,Female,B.Tech,2023,IIT / NIT Group (Tier 1),Data Science & Artificial Intelligence,AWS Certified Solutions Architect,Meta,1,None,None,0,0,Certification Only,36,67,5.0,Unplaced,0.0,Not Converted,-1,"Python, Data Analysis, AWS"
STU10916,22,Male,MBA (Tech & Analytics),2025,IIT / NIT Group (Tier 1),Computer Science & Engineering,NPTEL Cloud Computing & Distributed Systems,NPTEL,1,InnovateTech Startup,Product & Business Analytics,2,1,Both (Hybrid),66,68,7.5,Placed,11.97,Internship Conversion,48,"Problem Solving, Tableau, SQL, React, Docker, System Design, Python"
STU10917,24,Female,BCA,2025,State Tech University (Tier 2),Cyber Security,Microsoft Certified: Azure Developer; Coursera Machine Learning Specialization,AWS; Meta,2,Deloitte Consulting,Data Science & Analytics,2,2,Both (Hybrid),72,63,8.9,Placed,14.77,On-Campus / Off-Campus Placement,21,"Git, Problem Solving, Machine Learning, AWS, Data Analysis, Python, Kubernetes, Communication, Tableau, React"
STU10918,23,Male,B.Tech,2025,Apex Institute of Technology (Tier 2),Business Analytics,TensorFlow Developer Certificate; Certified Information Systems Security Professional (CISSP); Coursera Machine Learning Specialization,Meta; Google Cloud; IBM,3,FinTech Solutions,Artificial Intelligence / ML,6,1,Both (Hybrid),71,91,8.6,Placed,13.46,Direct PPO (Pre-Placement Offer),35,"Data Analysis, Kubernetes, Power BI, Communication, AWS, Problem Solving, Python, Machine Learning, Docker, Java"
STU10919,21,Male,BCA,2023,State Tech University (Tier 2),Electronics & Communication,Google Professional Data Engineer; Meta Front-End Developer Specialization; NPTEL Cloud Computing & Distributed Systems,AWS; Meta; Google Cloud,3,Deloitte Consulting,Cloud & DevOps,19,3,Both (Hybrid),100,100,10.0,Placed,24.32,Direct PPO (Pre-Placement Offer),5,"SQL, Data Analysis, Machine Learning, Python, Java, System Design, AWS, React, Communication, Docker"
STU10920,24,Female,B.Tech,2025,Apex Institute of Technology (Tier 2),Business Analytics,Coursera Machine Learning Specialization; TensorFlow Developer Certificate; IBM Data Science Professional,Coursera; Microsoft Azure; AWS,3,Amazon AWS,Software Engineering,2,2,Both (Hybrid),81,75,7.9,Placed,14.91,On-Campus / Off-Campus Placement,23,"SQL, Tableau, AWS, Data Analysis, Power BI, System Design, Git, Docker, Kubernetes, React"
STU10921,22,Female,MBA (Tech & Analytics),2024,Apex Institute of Technology (Tier 2),Computer Science & Engineering,NPTEL Cloud Computing & Distributed Systems; Microsoft Certified: Azure Developer; Docker & Kubernetes Developer Cert,Google Cloud; AWS; NPTEL,4,Amazon AWS,Artificial Intelligence / ML,2,1,Both (Hybrid),74,100,7.1,Placed,10.91,Internship Conversion,46,"Git, Power BI, Communication, Java, SQL, React, Data Analysis, Machine Learning, Python, System Design"
STU10922,24,Female,B.Tech,2024,State Tech University (Tier 2),Electronics & Communication,AWS Certified Solutions Architect,Udemy,1,TCS Innovation Labs,Software Engineering,3,2,Both (Hybrid),85,58,8.5,Placed,14.0,On-Campus / Off-Campus Placement,20,"Python, SQL, Tableau, React, System Design, Power BI, Docker, Data Analysis, Git, AWS"
STU10923,23,Male,BCA,2023,IIT / NIT Group (Tier 1),Information Technology,AWS Certified Solutions Architect,IBM,1,DataMetrics Labs,Software Engineering,12,1,Both (Hybrid),93,62,10.0,Placed,18.29,Direct PPO (Pre-Placement Offer),25,"Java, Tableau, Power BI, Machine Learning, Problem Solving, React, Kubernetes, System Design"
STU10924,22,Female,B.Tech,2023,Apex Institute of Technology (Tier 2),Electronics & Communication,None,None,0,None,None,0,0,Neither,35,48,4.7,Placed,6.15,On-Campus / Off-Campus Placement,120,"AWS, Docker, Power BI"
STU10925,21,Female,B.Sc (CS/IT),2024,BITS & Top National Inst (Tier 1),Electronics & Communication,IBM Data Science Professional; TensorFlow Developer Certificate; Google Professional Data Engineer,NPTEL; IBM; Google Cloud,3,TCS Innovation Labs,Data Science & Analytics,7,2,Both (Hybrid),100,94,10.0,Placed,19.01,Direct PPO (Pre-Placement Offer),5,"AWS, Power BI, Kubernetes, Communication, Git, Machine Learning, Problem Solving, Python, Java, System Design"
STU10926,22,Female,B.Sc (CS/IT),2023,City Engineering College (Tier 3),Computer Science & Engineering,None,None,0,Microsoft Tech,Product & Business Analytics,9,1,Internship Only,73,40,7.2,Placed,12.46,Direct PPO (Pre-Placement Offer),30,"Communication, System Design, Machine Learning, Power BI, AWS, Tableau"
STU10927,22,Female,BCA,2026,State Tech University (Tier 2),Electronics & Communication,Certified Information Systems Security Professional (CISSP); Microsoft Certified: Azure Developer; NPTEL Cloud Computing & Distributed Systems,NPTEL; Google Cloud; Udemy,3,None,None,0,0,Certification Only,43,77,5.5,Placed,9.02,On-Campus / Off-Campus Placement,110,"System Design, SQL, Tableau, Data Analysis, Machine Learning, Java, Power BI, Problem Solving"
STU10928,22,Female,BCA,2024,Apex Institute of Technology (Tier 2),Computer Science & Engineering,Microsoft Certified: Azure Developer,Google Cloud,1,Deloitte Consulting,Product & Business Analytics,9,3,Both (Hybrid),100,68,10.0,Placed,17.32,Direct PPO (Pre-Placement Offer),5,"Kubernetes, AWS, Problem Solving, Java, React, Docker, System Design, Tableau, Communication, Python"
STU10929,22,Female,M.Tech,2023,City Engineering College (Tier 3),Computer Science & Engineering,Microsoft Certified: Azure Developer,AWS,1,None,None,0,0,Certification Only,29,60,4.2,Unplaced,0.0,Not Converted,-1,"Communication, Problem Solving, System Design, Power BI, SQL"
STU10930,21,Female,B.Tech,2023,City Engineering College (Tier 3),Computer Science & Engineering,None,None,0,FinTech Solutions,Cloud & DevOps,2,1,Internship Only,57,42,5.4,Unplaced,0.0,Not Converted,-1,"Docker, Kubernetes, System Design, Power BI"
STU10931,23,Non-Binary,B.Tech,2025,State Tech University (Tier 2),Business Analytics,IBM Data Science Professional,NPTEL,1,None,None,0,0,Certification Only,32,50,4.1,Unplaced,0.0,Not Converted,-1,"SQL, AWS, System Design, Git"
STU10932,25,Female,B.Tech,2023,BITS & Top National Inst (Tier 1),Computer Science & Engineering,AWS Certified Solutions Architect; Meta Front-End Developer Specialization; Coursera Machine Learning Specialization,Udemy; Google Cloud; NPTEL,3,DataMetrics Labs,Cloud & DevOps,3,1,Both (Hybrid),80,85,8.2,Placed,13.84,On-Campus / Off-Campus Placement,79,"AWS, System Design, Git, Data Analysis, Kubernetes, Python, Communication, Machine Learning, Power BI, Problem Solving"
STU10933,22,Male,MBA (Tech & Analytics),2026,Apex Institute of Technology (Tier 2),Data Science & Artificial Intelligence,None,None,0,Amazon AWS,Cloud & DevOps,9,1,Internship Only,83,49,7.7,Placed,13.8,On-Campus / Off-Campus Placement,87,"Data Analysis, Java, React, Python, Git, Communication"
STU10934,21,Female,B.Tech,2026,State Tech University (Tier 2),Data Science & Artificial Intelligence,Google Professional Data Engineer,Coursera,1,Google India,Software Engineering,2,2,Both (Hybrid),84,61,8.3,Placed,13.62,On-Campus / Off-Campus Placement,78,"Git, Java, Python, System Design, AWS, Problem Solving, Kubernetes, React, Communication, Tableau"
STU10935,22,Male,B.Sc (CS/IT),2024,BITS & Top National Inst (Tier 1),Cyber Security,None,None,0,InnovateTech Startup,Data Science & Analytics,14,3,Internship Only,100,63,10.0,Placed,23.36,On-Campus / Off-Campus Placement,5,"Tableau, Java, Communication, React, SQL, Kubernetes, AWS, Git, System Design, Python"
STU10936,21,Male,BCA,2024,City Engineering College (Tier 3),Computer Science & Engineering,TensorFlow Developer Certificate,Google Cloud,1,Microsoft Tech,Product & Business Analytics,2,1,Both (Hybrid),54,48,6.1,Placed,7.78,On-Campus / Off-Campus Placement,87,"Git, Power BI, Data Analysis, Communication, Kubernetes, Machine Learning"
STU10937,24,Female,B.Tech,2023,BITS & Top National Inst (Tier 1),Electronics & Communication,None,None,0,DataMetrics Labs,Artificial Intelligence / ML,9,1,Internship Only,77,42,8.6,Placed,14.38,Direct PPO (Pre-Placement Offer),57,"Python, Data Analysis, Docker, SQL, AWS"
STU10938,21,Female,B.Tech,2025,IIT / NIT Group (Tier 1),Electronics & Communication,Microsoft Certified: Azure Developer,Microsoft Azure,1,CyberGuard Analytics,Cyber Security,7,2,Both (Hybrid),94,59,9.6,Placed,16.51,Internship Conversion,17,"Kubernetes, Power BI, Tableau, SQL, Data Analysis, Git, Docker, Problem Solving, Python"
STU10939,22,Female,B.Tech,2024,IIT / NIT Group (Tier 1),Data Science & Artificial Intelligence,Meta Front-End Developer Specialization; Docker & Kubernetes Developer Cert; IBM Data Science Professional,Udemy; Coursera; NPTEL,3,TCS Innovation Labs,Data Science & Analytics,3,1,Both (Hybrid),61,79,8.0,Placed,12.68,On-Campus / Off-Campus Placement,75,"Machine Learning, Kubernetes, Communication, Data Analysis, Python, System Design, Problem Solving, SQL, Docker, Java"
STU10940,22,Male,B.Tech,2024,Apex Institute of Technology (Tier 2),Data Science & Artificial Intelligence,AWS Certified Solutions Architect,Google Cloud,1,InnovateTech Startup,Cyber Security,3,1,Both (Hybrid),64,66,6.1,Placed,10.67,On-Campus / Off-Campus Placement,68,"Java, Tableau, SQL, Power BI, Kubernetes, Python, Docker, Communication"
STU10941,22,Female,B.Tech,2024,Apex Institute of Technology (Tier 2),Information Technology,TensorFlow Developer Certificate,Udemy,1,None,None,0,0,Certification Only,40,56,4.2,Placed,5.52,On-Campus / Off-Campus Placement,133,"Python, Power BI, Git, System Design, Data Analysis"
STU10942,23,Male,B.Tech,2025,State Tech University (Tier 2),Business Analytics,Coursera Machine Learning Specialization; Microsoft Certified: Azure Developer,Meta; NPTEL,2,None,None,0,0,Certification Only,43,66,5.4,Placed,7.94,On-Campus / Off-Campus Placement,124,"Tableau, Data Analysis, Kubernetes, Git, Machine Learning"
STU10943,23,Non-Binary,M.Tech,2024,State Tech University (Tier 2),Electronics & Communication,None,None,0,Microsoft Tech,Cloud & DevOps,6,1,Internship Only,71,52,8.1,Placed,11.96,Internship Conversion,54,"Problem Solving, Power BI, Tableau, Python, Git"
STU10944,21,Non-Binary,MBA (Tech & Analytics),2023,State Tech University (Tier 2),Computer Science & Engineering,Google Professional Data Engineer,NPTEL,1,Infosys Center,Data Science & Analytics,2,1,Both (Hybrid),53,62,6.4,Placed,10.14,Internship Conversion,36,"React, Java, Git, Python, AWS, Communication, Kubernetes, Machine Learning"
STU10945,21,Female,B.Tech,2025,Apex Institute of Technology (Tier 2),Business Analytics,Google Professional Data Engineer; NPTEL Cloud Computing & Distributed Systems,Meta; Udemy,2,None,None,0,0,Certification Only,34,76,4.9,Placed,8.52,On-Campus / Off-Campus Placement,107,"Power BI, Machine Learning, Java, AWS, React"
STU10946,21,Female,B.Tech,2025,IIT / NIT Group (Tier 1),Data Science & Artificial Intelligence,Docker & Kubernetes Developer Cert,AWS,1,None,None,0,0,Certification Only,42,73,5.5,Placed,10.5,On-Campus / Off-Campus Placement,121,"AWS, Python, Machine Learning"
STU10947,24,Female,B.Tech,2026,Regional Tech Institute (Tier 3),Data Science & Artificial Intelligence,Google Professional Data Engineer; IBM Data Science Professional,Microsoft Azure; IBM,2,None,None,0,0,Certification Only,40,55,4.6,Placed,5.58,On-Campus / Off-Campus Placement,101,"Power BI, Python, AWS, React, Machine Learning"
STU10948,24,Female,BCA,2023,BITS & Top National Inst (Tier 1),Electronics & Communication,Certified Information Systems Security Professional (CISSP),Google Cloud,1,None,None,0,0,Certification Only,42,64,5.2,Unplaced,0.0,Not Converted,-1,"SQL, Problem Solving, Git, Kubernetes"
STU10949,22,Male,B.Sc (CS/IT),2025,Regional Tech Institute (Tier 3),Computer Science & Engineering,Meta Front-End Developer Specialization; TensorFlow Developer Certificate; AWS Certified Solutions Architect,Meta; Google Cloud; AWS,3,None,None,0,0,Certification Only,20,74,4.9,Placed,6.29,On-Campus / Off-Campus Placement,98,"React, Git, Data Analysis, Power BI, Java, Python, AWS, Problem Solving"
STU10950,22,Male,B.Tech,2025,BITS & Top National Inst (Tier 1),Electronics & Communication,Docker & Kubernetes Developer Cert; Meta Front-End Developer Specialization; Microsoft Certified: Azure Developer,Meta; Google Cloud; Microsoft Azure,4,Microsoft Tech,Software Engineering,2,1,Both (Hybrid),68,100,8.2,Placed,16.44,On-Campus / Off-Campus Placement,60,"Machine Learning, React, Git, AWS, Problem Solving, Data Analysis, Power BI, System Design, Kubernetes, Java"
STU10951,23,Female,B.Tech,2023,Apex Institute of Technology (Tier 2),Data Science & Artificial Intelligence,None,None,0,TCS Innovation Labs,Product & Business Analytics,3,2,Internship Only,77,46,7.6,Placed,12.06,Internship Conversion,48,"Power BI, Java, Data Analysis, SQL, Tableau, AWS, Python, Communication, System Design"
STU10952,21,Female,B.Sc (CS/IT),2025,BITS & Top National Inst (Tier 1),Business Analytics,Meta Front-End Developer Specialization,Coursera,1,Microsoft Tech,Cyber Security,2,2,Both (Hybrid),84,63,8.9,Placed,14.67,Internship Conversion,17,"Data Analysis, Communication, Problem Solving, Machine Learning, SQL, Tableau, AWS, Power BI, React, Python"
STU10953,24,Male,BCA,2024,IIT / NIT Group (Tier 1),Computer Science & Engineering,AWS Certified Solutions Architect,Coursera,1,Infosys Center,Cloud & DevOps,2,2,Both (Hybrid),83,72,7.7,Placed,15.42,On-Campus / Off-Campus Placement,57,"Problem Solving, Git, Docker, AWS, Java, Kubernetes, Communication, React, Power BI, System Design"
STU10954,22,Female,B.Tech,2026,City Engineering College (Tier 3),Data Science & Artificial Intelligence,None,None,0,TCS Innovation Labs,Artificial Intelligence / ML,2,1,Internship Only,36,53,5.6,Placed,6.8,On-Campus / Off-Campus Placement,91,"Python, Problem Solving, SQL, AWS"
STU10955,22,Male,BCA,2023,City Engineering College (Tier 3),Electronics & Communication,IBM Data Science Professional; Microsoft Certified: Azure Developer; Google Professional Data Engineer,AWS; Google Cloud; Microsoft Azure,3,None,None,0,0,Certification Only,29,84,4.9,Unplaced,0.0,Not Converted,-1,"Data Analysis, Communication, Kubernetes, Java, Git, Machine Learning, AWS, Tableau"
STU10956,22,Male,B.Tech,2025,State Tech University (Tier 2),Computer Science & Engineering,IBM Data Science Professional; TensorFlow Developer Certificate; Microsoft Certified: Azure Developer,Google Cloud; Meta; Udemy,3,Deloitte Consulting,Data Science & Analytics,2,1,Both (Hybrid),57,87,7.0,Placed,11.49,On-Campus / Off-Campus Placement,50,"React, Kubernetes, Docker, Problem Solving, Git, SQL, Java, Communication, Power BI, AWS"
STU10957,21,Female,B.Tech,2024,Apex Institute of Technology (Tier 2),Computer Science & Engineering,Coursera Machine Learning Specialization,Microsoft Azure,1,Amazon AWS,Data Science & Analytics,6,1,Both (Hybrid),77,63,7.7,Placed,12.08,Direct PPO (Pre-Placement Offer),51,"Power BI, Tableau, Kubernetes, Machine Learning, Problem Solving, Git, Java, Python"
STU10958,21,Female,B.Sc (CS/IT),2026,Apex Institute of Technology (Tier 2),Cyber Security,Microsoft Certified: Azure Developer; Meta Front-End Developer Specialization,Google Cloud; NPTEL,2,Microsoft Tech,Data Science & Analytics,9,3,Both (Hybrid),100,68,10.0,Placed,19.67,Direct PPO (Pre-Placement Offer),5,"Communication, Python, System Design, Tableau, Data Analysis, Java, AWS, SQL, Docker, Machine Learning"
STU10959,23,Female,B.Sc (CS/IT),2024,City Engineering College (Tier 3),Computer Science & Engineering,None,None,0,None,None,0,0,Neither,22,31,4.2,Placed,3.5,On-Campus / Off-Campus Placement,128,"Problem Solving, SQL"
STU10960,21,Male,B.Tech,2026,State Tech University (Tier 2),Cyber Security,AWS Certified Solutions Architect; Docker & Kubernetes Developer Cert,Coursera; Udemy,2,Microsoft Tech,Product & Business Analytics,2,2,Both (Hybrid),76,74,8.6,Placed,13.33,Internship Conversion,51,"AWS, Communication, Problem Solving, Data Analysis, Java, SQL, Machine Learning, React, Git, Power BI"
STU10961,22,Male,MBA (Tech & Analytics),2026,State Tech University (Tier 2),Computer Science & Engineering,NPTEL Cloud Computing & Distributed Systems; Meta Front-End Developer Specialization; Coursera Machine Learning Specialization,Google Cloud; Udemy; AWS,3,InnovateTech Startup,Cloud & DevOps,3,1,Both (Hybrid),54,84,7.9,Placed,12.69,On-Campus / Off-Campus Placement,66,"Data Analysis, Problem Solving, Python, React, Communication, Docker, Power BI, Tableau, SQL, AWS"
STU10962,21,Female,B.Tech,2024,State Tech University (Tier 2),Data Science & Artificial Intelligence,AWS Certified Solutions Architect; IBM Data Science Professional,NPTEL; Coursera,2,Amazon AWS,Artificial Intelligence / ML,3,2,Both (Hybrid),89,80,9.9,Placed,14.64,On-Campus / Off-Campus Placement,8,"Git, System Design, Python, React, SQL, Kubernetes, Data Analysis, Communication, Problem Solving, AWS"
STU10963,22,Female,B.Sc (CS/IT),2025,State Tech University (Tier 2),Electronics & Communication,Certified Information Systems Security Professional (CISSP),Udemy,1,DataMetrics Labs,Software Engineering,12,1,Both (Hybrid),86,53,9.8,Placed,15.13,Direct PPO (Pre-Placement Offer),39,"Python, Data Analysis, Docker, Power BI, Git, SQL, Communication, AWS"
STU10964,22,Male,B.Tech,2026,City Engineering College (Tier 3),Information Technology,Coursera Machine Learning Specialization; Microsoft Certified: Azure Developer,AWS; Udemy,2,Microsoft Tech,Software Engineering,3,2,Both (Hybrid),78,73,7.8,Placed,10.91,Internship Conversion,35,"Machine Learning, AWS, System Design, Power BI, Python, Docker, Problem Solving, React, Kubernetes, SQL"
STU10965,22,Female,M.Tech,2024,BITS & Top National Inst (Tier 1),Data Science & Artificial Intelligence,AWS Certified Solutions Architect,IBM,1,InnovateTech Startup,Product & Business Analytics,6,1,Both (Hybrid),67,71,8.9,Placed,13.82,On-Campus / Off-Campus Placement,20,"Kubernetes, Problem Solving, Power BI, Machine Learning, AWS, Python, Docker, Git"
STU10966,23,Male,M.Tech,2024,BITS & Top National Inst (Tier 1),Data Science & Artificial Intelligence,AWS Certified Solutions Architect; Certified Information Systems Security Professional (CISSP),Google Cloud; Meta,2,Deloitte Consulting,Product & Business Analytics,2,1,Both (Hybrid),71,79,7.0,Placed,16.05,On-Campus / Off-Campus Placement,73,"Kubernetes, Docker, System Design, SQL, React, Machine Learning, Data Analysis, Power BI, Git"
STU10967,22,Female,B.Tech,2025,Apex Institute of Technology (Tier 2),Electronics & Communication,Coursera Machine Learning Specialization,Microsoft Azure,1,Amazon AWS,Artificial Intelligence / ML,9,3,Both (Hybrid),100,52,10.0,Placed,20.65,Direct PPO (Pre-Placement Offer),17,"Power BI, Java, System Design, Problem Solving, React, Git, AWS, Docker, Machine Learning, Tableau"
STU10968,22,Female,MBA (Tech & Analytics),2024,Apex Institute of Technology (Tier 2),Computer Science & Engineering,IBM Data Science Professional,Meta,1,Amazon AWS,Artificial Intelligence / ML,3,1,Both (Hybrid),68,62,7.1,Placed,13.15,On-Campus / Off-Campus Placement,84,"AWS, System Design, Java, React, Power BI, Python, Data Analysis, Communication"
STU10969,22,Male,B.Sc (CS/IT),2023,BITS & Top National Inst (Tier 1),Data Science & Artificial Intelligence,NPTEL Cloud Computing & Distributed Systems; Meta Front-End Developer Specialization,AWS; Coursera,2,Amazon AWS,Software Engineering,3,2,Both (Hybrid),89,84,8.6,Placed,17.29,On-Campus / Off-Campus Placement,29,"Power BI, Machine Learning, React, Java, AWS, Kubernetes, SQL, Problem Solving, Git, System Design"
STU10970,23,Male,B.Sc (CS/IT),2024,State Tech University (Tier 2),Computer Science & Engineering,TensorFlow Developer Certificate; AWS Certified Solutions Architect; Docker & Kubernetes Developer Cert,Google Cloud; Udemy; NPTEL,3,None,None,0,0,Certification Only,46,82,5.8,Placed,7.87,On-Campus / Off-Campus Placement,116,"Power BI, Java, System Design, React, Communication, SQL, Docker, Machine Learning, Git"
STU10971,24,Female,B.Tech,2024,Regional Tech Institute (Tier 3),Data Science & Artificial Intelligence,None,None,0,None,None,0,0,Neither,32,38,4.0,Placed,3.5,On-Campus / Off-Campus Placement,127,"Problem Solving, Java"
STU10972,23,Female,B.Sc (CS/IT),2024,BITS & Top National Inst (Tier 1),Computer Science & Engineering,Meta Front-End Developer Specialization; Microsoft Certified: Azure Developer; IBM Data Science Professional,Meta; Udemy; Coursera,4,Infosys Center,Data Science & Analytics,6,1,Both (Hybrid),71,100,9.0,Placed,16.8,Direct PPO (Pre-Placement Offer),39,"Kubernetes, Git, Tableau, Problem Solving, SQL, AWS, Machine Learning, Java, Python, Docker"
STU10973,21,Female,M.Tech,2023,Apex Institute of Technology (Tier 2),Computer Science & Engineering,Meta Front-End Developer Specialization; Coursera Machine Learning Specialization,NPTEL; Meta,2,FinTech Solutions,Cyber Security,6,1,Both (Hybrid),70,63,7.7,Placed,11.97,On-Campus / Off-Campus Placement,67,"Kubernetes, System Design, React, Data Analysis, Docker, AWS, Git, Python, Java, Tableau"
STU10974,21,Female,B.Tech,2026,Apex Institute of Technology (Tier 2),Data Science & Artificial Intelligence,IBM Data Science Professional; Microsoft Certified: Azure Developer,Coursera; AWS,2,Google India,Cloud & DevOps,6,1,Both (Hybrid),69,73,7.2,Placed,11.29,Direct PPO (Pre-Placement Offer),33,"Problem Solving, Machine Learning, Java, Tableau, AWS, Docker, SQL, System Design, Data Analysis"
STU10975,22,Female,MBA (Tech & Analytics),2025,State Tech University (Tier 2),Computer Science & Engineering,AWS Certified Solutions Architect; Microsoft Certified: Azure Developer; Docker & Kubernetes Developer Cert,Meta; Microsoft Azure; NPTEL,3,None,None,0,0,Certification Only,34,84,5.0,Placed,9.69,On-Campus / Off-Campus Placement,123,"Data Analysis, Git, SQL, Java, Kubernetes, System Design, Machine Learning, AWS"
STU10976,22,Female,B.Tech,2023,Regional Tech Institute (Tier 3),Computer Science & Engineering,NPTEL Cloud Computing & Distributed Systems,NPTEL,1,Amazon AWS,Cyber Security,3,2,Both (Hybrid),84,50,7.3,Placed,9.56,Internship Conversion,23,"Git, Data Analysis, Communication, SQL, Java, React, Problem Solving, AWS, Tableau, Docker"
STU10977,21,Female,B.Tech,2025,Apex Institute of Technology (Tier 2),Information Technology,Certified Information Systems Security Professional (CISSP); Microsoft Certified: Azure Developer; NPTEL Cloud Computing & Distributed Systems,Meta; Udemy; Microsoft Azure,3,None,None,0,0,Certification Only,37,78,5.2,Placed,10.6,On-Campus / Off-Campus Placement,72,"Communication, Machine Learning, Power BI, SQL, Git, Problem Solving, React, System Design"
STU10978,22,Male,BCA,2025,State Tech University (Tier 2),Data Science & Artificial Intelligence,None,None,0,FinTech Solutions,Product & Business Analytics,4,3,Internship Only,100,49,9.5,Placed,14.79,On-Campus / Off-Campus Placement,19,"Git, AWS, Tableau, Power BI, Communication, React, Python, System Design, Java, Docker"
STU10979,22,Male,BCA,2026,Apex Institute of Technology (Tier 2),Electronics & Communication,None,None,0,FinTech Solutions,Software Engineering,9,1,Internship Only,76,39,8.3,Placed,15.77,Direct PPO (Pre-Placement Offer),53,"SQL, Data Analysis, Java, Tableau, Python, Communication"
STU10980,22,Male,BCA,2023,Apex Institute of Technology (Tier 2),Information Technology,IBM Data Science Professional; Google Professional Data Engineer,NPTEL; Meta,2,DataMetrics Labs,Cloud & DevOps,3,1,Both (Hybrid),71,76,7.5,Placed,13.46,On-Campus / Off-Campus Placement,46,"Kubernetes, System Design, Communication, Docker, SQL, Python, Java, Data Analysis, Machine Learning"
STU10981,23,Female,B.Tech,2024,Apex Institute of Technology (Tier 2),Computer Science & Engineering,Google Professional Data Engineer; Meta Front-End Developer Specialization; Microsoft Certified: Azure Developer,Microsoft Azure; NPTEL; Udemy,3,Infosys Center,Product & Business Analytics,9,1,Both (Hybrid),77,78,9.1,Placed,14.85,Direct PPO (Pre-Placement Offer),55,"Python, Tableau, Kubernetes, SQL, System Design, Power BI, React, Docker, Machine Learning, AWS"
STU10982,21,Male,MBA (Tech & Analytics),2026,City Engineering College (Tier 3),Information Technology,Docker & Kubernetes Developer Cert; IBM Data Science Professional; AWS Certified Solutions Architect,NPTEL; AWS; Google Cloud,3,Infosys Center,Data Science & Analytics,3,3,Both (Hybrid),94,82,10.0,Placed,12.97,Internship Conversion,5,"Power BI, SQL, AWS, System Design, Problem Solving, Communication, React, Machine Learning, Docker, Kubernetes"
STU10983,21,Female,B.Tech,2026,State Tech University (Tier 2),Computer Science & Engineering,Certified Information Systems Security Professional (CISSP); Microsoft Certified: Azure Developer,Meta; NPTEL,2,CyberGuard Analytics,Product & Business Analytics,3,1,Both (Hybrid),72,75,7.9,Placed,10.49,Internship Conversion,49,"System Design, Kubernetes, AWS, Python, Tableau, SQL, Communication, Git, Data Analysis, Problem Solving"
STU10984,23,Female,B.Tech,2025,State Tech University (Tier 2),Electronics & Communication,AWS Certified Solutions Architect; Microsoft Certified: Azure Developer,Google Cloud; Udemy,2,Infosys Center,Artificial Intelligence / ML,3,1,Both (Hybrid),60,80,7.6,Placed,12.38,Internship Conversion,57,"Data Analysis, Machine Learning, Kubernetes, Docker, Java, Python, Power BI, Git"
STU10985,22,Female,B.Tech,2025,BITS & Top National Inst (Tier 1),Cyber Security,TensorFlow Developer Certificate,NPTEL,1,Infosys Center,Product & Business Analytics,9,1,Both (Hybrid),93,73,8.9,Placed,18.07,Direct PPO (Pre-Placement Offer),32,"Machine Learning, Problem Solving, Communication, SQL, React, Power BI, Tableau, System Design"
STU10986,23,Male,BCA,2023,IIT / NIT Group (Tier 1),Data Science & Artificial Intelligence,Google Professional Data Engineer; IBM Data Science Professional; Meta Front-End Developer Specialization,NPTEL; IBM; Coursera,5,Deloitte Consulting,Software Engineering,9,3,Both (Hybrid),100,100,10.0,Placed,21.74,Direct PPO (Pre-Placement Offer),5,"AWS, Python, SQL, System Design, Problem Solving, React, Communication, Java, Machine Learning, Kubernetes"
STU10987,22,Male,MBA (Tech & Analytics),2025,IIT / NIT Group (Tier 1),Information Technology,Coursera Machine Learning Specialization,AWS,1,CyberGuard Analytics,Data Science & Analytics,3,1,Both (Hybrid),60,62,7.0,Placed,13.71,On-Campus / Off-Campus Placement,78,"React, Data Analysis, Machine Learning, Docker, Power BI, AWS"
STU10988,21,Male,BCA,2024,City Engineering College (Tier 3),Computer Science & Engineering,Google Professional Data Engineer; Docker & Kubernetes Developer Cert,Google Cloud; AWS,2,None,None,0,0,Certification Only,24,56,4.0,Placed,3.72,On-Campus / Off-Campus Placement,91,"Tableau, Power BI, React, Kubernetes, Docker"
STU10989,23,Male,B.Sc (CS/IT),2023,Apex Institute of Technology (Tier 2),Data Science & Artificial Intelligence,Meta Front-End Developer Specialization; Certified Information Systems Security Professional (CISSP),Microsoft Azure; IBM,2,CyberGuard Analytics,Artificial Intelligence / ML,12,1,Both (Hybrid),91,77,8.6,Placed,14.12,Direct PPO (Pre-Placement Offer),23,"Communication, Docker, Git, System Design, Kubernetes, SQL, React, Tableau, Python"
STU10990,23,Male,B.Tech,2025,Apex Institute of Technology (Tier 2),Electronics & Communication,AWS Certified Solutions Architect; Coursera Machine Learning Specialization,Meta; Google Cloud,2,CyberGuard Analytics,Data Science & Analytics,9,1,Both (Hybrid),82,78,8.4,Placed,12.93,Direct PPO (Pre-Placement Offer),10,"Communication, Data Analysis, Tableau, SQL, Machine Learning, System Design, Problem Solving, AWS"
STU10991,23,Female,BCA,2023,Apex Institute of Technology (Tier 2),Computer Science & Engineering,IBM Data Science Professional,Coursera,1,None,None,0,0,Certification Only,44,57,4.4,Unplaced,0.0,Not Converted,-1,"Power BI, AWS, System Design"
STU10992,22,Female,B.Tech,2024,City Engineering College (Tier 3),Computer Science & Engineering,Docker & Kubernetes Developer Cert; Google Professional Data Engineer; Microsoft Certified: Azure Developer,Meta; Microsoft Azure; AWS,4,CyberGuard Analytics,Software Engineering,2,1,Both (Hybrid),55,86,6.8,Placed,9.13,On-Campus / Off-Campus Placement,51,"Problem Solving, Data Analysis, React, Communication, Machine Learning, Power BI, Tableau, AWS, Git, Python"
STU10993,22,Female,B.Tech,2026,State Tech University (Tier 2),Data Science & Artificial Intelligence,Certified Information Systems Security Professional (CISSP); AWS Certified Solutions Architect,IBM; Microsoft Azure,2,Deloitte Consulting,Artificial Intelligence / ML,9,1,Both (Hybrid),72,79,8.2,Placed,14.7,On-Campus / Off-Campus Placement,50,"Data Analysis, Git, Machine Learning, AWS, Kubernetes, Power BI, SQL, React, Tableau, Docker"
STU10994,22,Female,B.Tech,2023,City Engineering College (Tier 3),Information Technology,AWS Certified Solutions Architect; Microsoft Certified: Azure Developer; Docker & Kubernetes Developer Cert,Udemy; Microsoft Azure; IBM,4,CyberGuard Analytics,Artificial Intelligence / ML,3,2,Both (Hybrid),74,87,8.5,Placed,11.95,On-Campus / Off-Campus Placement,34,"Power BI, AWS, Tableau, Git, Docker, SQL, Machine Learning, Problem Solving, Data Analysis, Kubernetes"
STU10995,21,Male,BCA,2026,State Tech University (Tier 2),Data Science & Artificial Intelligence,None,None,0,InnovateTech Startup,Cyber Security,3,3,Internship Only,98,37,9.5,Placed,15.5,On-Campus / Off-Campus Placement,10,"SQL, Power BI, Data Analysis, React, Java, Kubernetes, Git, Machine Learning, AWS, Problem Solving"
STU10996,24,Female,BCA,2026,Regional Tech Institute (Tier 3),Business Analytics,AWS Certified Solutions Architect; NPTEL Cloud Computing & Distributed Systems,Meta; Coursera,2,Microsoft Tech,Software Engineering,6,1,Both (Hybrid),65,71,7.4,Placed,8.62,Internship Conversion,19,"SQL, AWS, System Design, Tableau, Java, Communication, React, Docker, Power BI, Python"
STU10997,21,Female,B.Sc (CS/IT),2025,Apex Institute of Technology (Tier 2),Computer Science & Engineering,Microsoft Certified: Azure Developer; IBM Data Science Professional,IBM; Meta,2,DataMetrics Labs,Product & Business Analytics,3,1,Both (Hybrid),60,63,7.0,Placed,11.9,On-Campus / Off-Campus Placement,85,"Data Analysis, AWS, React, Tableau, Power BI, Kubernetes, Docker, Communication, Problem Solving, Machine Learning"
STU10998,25,Male,B.Tech,2023,State Tech University (Tier 2),Data Science & Artificial Intelligence,IBM Data Science Professional; Microsoft Certified: Azure Developer,Coursera; Meta,2,None,None,0,0,Certification Only,36,74,4.3,Unplaced,0.0,Not Converted,-1,"Power BI, Communication, Kubernetes, AWS, Python, Git"
STU10999,22,Female,B.Tech,2024,Apex Institute of Technology (Tier 2),Information Technology,Google Professional Data Engineer; Meta Front-End Developer Specialization; Certified Information Systems Security Professional (CISSP),Microsoft Azure; AWS; NPTEL,4,Infosys Center,Product & Business Analytics,3,2,Both (Hybrid),74,87,10.0,Placed,17.07,On-Campus / Off-Campus Placement,14,"Docker, AWS, Java, Machine Learning, React, Kubernetes, System Design, Python, Communication, Data Analysis"
STU11000,21,Male,BCA,2024,State Tech University (Tier 2),Computer Science & Engineering,None,None,0,None,None,0,0,Neither,39,43,3.7,Placed,4.63,On-Campus / Off-Campus Placement,134,"Java, SQL, Data Analysis"
STU11001,22,Female,B.Tech,2024,BITS & Top National Inst (Tier 1),Information Technology,None,None,0,Google India,Cloud & DevOps,19,3,Internship Only,100,70,10.0,Placed,23.1,Direct PPO (Pre-Placement Offer),5,"Git, Problem Solving, Data Analysis, Kubernetes, Tableau, Machine Learning, Python, SQL, Java, System Design"
STU11002,24,Non-Binary,M.Tech,2024,Apex Institute of Technology (Tier 2),Computer Science & Engineering,AWS Certified Solutions Architect,Google Cloud,1,Deloitte Consulting,Software Engineering,9,1,Both (Hybrid),75,52,8.7,Placed,15.71,Direct PPO (Pre-Placement Offer),51,"Kubernetes, Python, AWS, Problem Solving, React, Machine Learning, Communication"
STU11003,23,Male,BCA,2026,State Tech University (Tier 2),Computer Science & Engineering,None,None,0,CyberGuard Analytics,Product & Business Analytics,6,1,Internship Only,72,42,7.3,Placed,13.4,Direct PPO (Pre-Placement Offer),47,"Tableau, SQL, Communication, Docker"
STU11004,23,Female,B.Tech,2023,IIT / NIT Group (Tier 1),Computer Science & Engineering,Docker & Kubernetes Developer Cert; IBM Data Science Professional; Coursera Machine Learning Specialization,IBM; Microsoft Azure; AWS,5,DataMetrics Labs,Software Engineering,9,1,Both (Hybrid),93,100,10.0,Placed,20.83,Internship Conversion,28,"Data Analysis, Power BI, SQL, Docker, Tableau, Kubernetes, AWS, System Design, Git, Machine Learning"
STU11005,23,Female,MBA (Tech & Analytics),2025,Regional Tech Institute (Tier 3),Business Analytics,Certified Information Systems Security Professional (CISSP),Coursera,1,DataMetrics Labs,Software Engineering,3,3,Both (Hybrid),100,50,9.4,Placed,11.87,On-Campus / Off-Campus Placement,17,"AWS, Communication, Data Analysis, Tableau, React, Machine Learning, Git, Java, Problem Solving, Docker"
STU11006,23,Non-Binary,BCA,2023,Apex Institute of Technology (Tier 2),Data Science & Artificial Intelligence,IBM Data Science Professional,AWS,1,Deloitte Consulting,Software Engineering,3,3,Both (Hybrid),99,58,9.5,Placed,16.59,Internship Conversion,26,"Kubernetes, React, System Design, Machine Learning, SQL, Docker, Problem Solving, Tableau, Data Analysis, Java"
STU11007,23,Male,B.Tech,2025,City Engineering College (Tier 3),Electronics & Communication,None,None,0,CyberGuard Analytics,Software Engineering,14,3,Internship Only,100,50,10.0,Placed,17.24,Direct PPO (Pre-Placement Offer),5,"Python, Machine Learning, Git, Tableau, Problem Solving, AWS, Docker, Data Analysis, Kubernetes, React"
STU11008,21,Female,BCA,2026,Apex Institute of Technology (Tier 2),Computer Science & Engineering,NPTEL Cloud Computing & Distributed Systems; TensorFlow Developer Certificate,Meta; Google Cloud,2,TCS Innovation Labs,Cloud & DevOps,7,2,Both (Hybrid),89,85,9.1,Placed,16.93,On-Campus / Off-Campus Placement,5,"Communication, Git, Python, Power BI, SQL, React, Tableau, Problem Solving, System Design, AWS"
STU11009,22,Male,B.Tech,2024,State Tech University (Tier 2),Data Science & Artificial Intelligence,Certified Information Systems Security Professional (CISSP),Udemy,1,None,None,0,0,Certification Only,33,63,4.6,Placed,8.18,On-Campus / Off-Campus Placement,129,"Power BI, React, Tableau, Java"
STU11010,21,Male,B.Sc (CS/IT),2023,State Tech University (Tier 2),Data Science & Artificial Intelligence,None,None,0,Deloitte Consulting,Product & Business Analytics,9,1,Internship Only,82,60,8.7,Placed,14.15,On-Campus / Off-Campus Placement,68,"System Design, Power BI, Machine Learning, Git"
STU11011,25,Male,B.Sc (CS/IT),2025,Apex Institute of Technology (Tier 2),Business Analytics,NPTEL Cloud Computing & Distributed Systems,Microsoft Azure,1,TCS Innovation Labs,Data Science & Analytics,6,1,Both (Hybrid),76,68,7.4,Placed,12.34,On-Campus / Off-Campus Placement,62,"Kubernetes, Data Analysis, Git, React, Problem Solving, Communication, AWS, Machine Learning"
STU11012,24,Non-Binary,MBA (Tech & Analytics),2025,Regional Tech Institute (Tier 3),Information Technology,Certified Information Systems Security Professional (CISSP),NPTEL,1,Microsoft Tech,Product & Business Analytics,7,2,Both (Hybrid),75,43,8.4,Placed,12.2,Direct PPO (Pre-Placement Offer),27,"AWS, Git, Communication, React, SQL, System Design, Kubernetes, Tableau, Machine Learning, Python"
STU11013,21,Female,BCA,2025,State Tech University (Tier 2),Information Technology,Meta Front-End Developer Specialization; Microsoft Certified: Azure Developer; IBM Data Science Professional,Coursera; AWS; Meta,5,CyberGuard Analytics,Artificial Intelligence / ML,6,1,Both (Hybrid),63,100,9.7,Placed,14.89,On-Campus / Off-Campus Placement,36,"System Design, Communication, Python, Power BI, Machine Learning, Git, Data Analysis, React, SQL, Kubernetes"
STU11014,23,Female,B.Tech,2024,City Engineering College (Tier 3),Computer Science & Engineering,Certified Information Systems Security Professional (CISSP),Coursera,1,Deloitte Consulting,Data Science & Analytics,3,1,Both (Hybrid),64,51,6.5,Placed,9.93,On-Campus / Off-Campus Placement,76,"React, Kubernetes, SQL, Tableau, Data Analysis, Machine Learning, Git"
STU11015,24,Female,B.Sc (CS/IT),2024,Regional Tech Institute (Tier 3),Data Science & Artificial Intelligence,Microsoft Certified: Azure Developer; Meta Front-End Developer Specialization,Microsoft Azure; Udemy,2,None,None,0,0,Certification Only,33,65,4.4,Unplaced,0.0,Not Converted,-1,"Tableau, Problem Solving, Communication, Machine Learning, Docker, Data Analysis"
STU11016,21,Male,B.Tech,2026,Apex Institute of Technology (Tier 2),Data Science & Artificial Intelligence,Google Professional Data Engineer; IBM Data Science Professional; AWS Certified Solutions Architect,NPTEL; AWS; Udemy,5,Google India,Software Engineering,2,2,Both (Hybrid),80,100,9.6,Placed,17.44,On-Campus / Off-Campus Placement,26,"Kubernetes, System Design, Communication, AWS, Docker, React, Tableau, Power BI, Git, Problem Solving"
STU11017,22,Male,BCA,2026,Regional Tech Institute (Tier 3),Business Analytics,NPTEL Cloud Computing & Distributed Systems; Microsoft Certified: Azure Developer; Google Professional Data Engineer,IBM; Coursera; Udemy,3,FinTech Solutions,Artificial Intelligence / ML,4,3,Both (Hybrid),93,70,10.0,Placed,13.7,On-Campus / Off-Campus Placement,5,"Communication, Machine Learning, Git, SQL, Data Analysis, Docker, Java, Problem Solving, AWS, Power BI"
STU11018,24,Male,BCA,2024,State Tech University (Tier 2),Computer Science & Engineering,Docker & Kubernetes Developer Cert; TensorFlow Developer Certificate; AWS Certified Solutions Architect,AWS; Udemy; IBM,5,Deloitte Consulting,Cyber Security,3,2,Both (Hybrid),82,100,9.5,Placed,17.39,On-Campus / Off-Campus Placement,10,"SQL, Python, Kubernetes, React, Machine Learning, Git, Data Analysis, Problem Solving, Tableau, Communication"
STU11019,21,Male,B.Tech,2025,Regional Tech Institute (Tier 3),Computer Science & Engineering,Docker & Kubernetes Developer Cert; Meta Front-End Developer Specialization; Microsoft Certified: Azure Developer,Coursera; Google Cloud; Microsoft Azure,4,Infosys Center,Software Engineering,3,2,Both (Hybrid),84,79,8.5,Placed,12.97,On-Campus / Off-Campus Placement,7,"Kubernetes, Data Analysis, Tableau, Communication, Power BI, Git, React, Docker, SQL, Problem Solving"
STU11020,23,Male,B.Tech,2024,Apex Institute of Technology (Tier 2),Data Science & Artificial Intelligence,Google Professional Data Engineer,Google Cloud,1,InnovateTech Startup,Cloud & DevOps,6,1,Both (Hybrid),75,64,7.7,Placed,13.3,Direct PPO (Pre-Placement Offer),48,"System Design, AWS, Docker, Git, Power BI, React, Communication"
STU11021,22,Male,M.Tech,2024,IIT / NIT Group (Tier 1),Computer Science & Engineering,TensorFlow Developer Certificate; Docker & Kubernetes Developer Cert,Udemy; IBM,2,None,None,0,0,Certification Only,51,74,5.2,Placed,10.17,On-Campus / Off-Campus Placement,83,"Docker, Communication, Machine Learning, Data Analysis, React, Python"
STU11022,24,Male,M.Tech,2023,City Engineering College (Tier 3),Computer Science & Engineering,None,None,0,Microsoft Tech,Cyber Security,19,3,Internship Only,100,44,10.0,Placed,19.08,On-Campus / Off-Campus Placement,5,"SQL, AWS, Java, Kubernetes, Python, Problem Solving, Machine Learning, Communication, Git, React"
STU11023,25,Male,B.Tech,2024,State Tech University (Tier 2),Electronics & Communication,AWS Certified Solutions Architect,AWS,1,None,None,0,0,Certification Only,36,57,4.1,Placed,9.26,On-Campus / Off-Campus Placement,108,"Python, Docker, Data Analysis"
STU11024,24,Male,B.Tech,2025,State Tech University (Tier 2),Data Science & Artificial Intelligence,IBM Data Science Professional; Coursera Machine Learning Specialization; Microsoft Certified: Azure Developer,AWS; NPTEL; Google Cloud,3,None,None,0,0,Certification Only,39,91,4.8,Placed,9.84,On-Campus / Off-Campus Placement,85,"SQL, Docker, Data Analysis, React, Git, Java, Kubernetes, Machine Learning, AWS"
STU11025,22,Male,B.Tech,2023,Apex Institute of Technology (Tier 2),Electronics & Communication,Google Professional Data Engineer; NPTEL Cloud Computing & Distributed Systems,AWS; Google Cloud,2,None,None,0,0,Certification Only,32,65,5.2,Placed,9.49,On-Campus / Off-Campus Placement,107,"Docker, SQL, Communication, Tableau, AWS, React, System Design"
STU11026,24,Non-Binary,M.Tech,2024,BITS & Top National Inst (Tier 1),Electronics & Communication,AWS Certified Solutions Architect; IBM Data Science Professional,Meta; IBM,2,TCS Innovation Labs,Product & Business Analytics,2,1,Both (Hybrid),65,70,7.6,Placed,14.64,On-Campus / Off-Campus Placement,77,"Tableau, Git, Python, Communication, Problem Solving, React, AWS, Data Analysis, Machine Learning, SQL"
STU11027,23,Female,B.Tech,2025,State Tech University (Tier 2),Computer Science & Engineering,NPTEL Cloud Computing & Distributed Systems; Certified Information Systems Security Professional (CISSP),Udemy; Microsoft Azure,2,Microsoft Tech,Artificial Intelligence / ML,6,1,Both (Hybrid),78,78,8.7,Placed,12.01,On-Campus / Off-Campus Placement,43,"SQL, Problem Solving, AWS, Data Analysis, Machine Learning, React, Kubernetes, Tableau, Python"
STU11028,22,Female,B.Sc (CS/IT),2025,City Engineering College (Tier 3),Data Science & Artificial Intelligence,TensorFlow Developer Certificate,Google Cloud,1,None,None,0,0,Certification Only,25,45,4.0,Unplaced,0.0,Not Converted,-1,"System Design, Python, Communication, React"
STU11029,23,Male,B.Tech,2025,IIT / NIT Group (Tier 1),Computer Science & Engineering,Certified Information Systems Security Professional (CISSP); AWS Certified Solutions Architect; Meta Front-End Developer Specialization,IBM; Udemy; Meta,3,FinTech Solutions,Software Engineering,3,3,Both (Hybrid),100,92,10.0,Placed,19.61,On-Campus / Off-Campus Placement,5,"System Design, React, Git, Power BI, Kubernetes, Java, Problem Solving, AWS, SQL, Docker"
STU11030,21,Male,BCA,2026,State Tech University (Tier 2),Business Analytics,Meta Front-End Developer Specialization,Google Cloud,1,FinTech Solutions,Artificial Intelligence / ML,4,3,Both (Hybrid),100,59,9.5,Placed,15.92,On-Campus / Off-Campus Placement,10,"Docker, Python, AWS, Tableau, Machine Learning, Power BI, SQL, Data Analysis, System Design, Git"
STU11031,22,Female,B.Tech,2023,IIT / NIT Group (Tier 1),Data Science & Artificial Intelligence,Meta Front-End Developer Specialization,Meta,1,InnovateTech Startup,Artificial Intelligence / ML,3,1,Both (Hybrid),70,67,7.3,Placed,13.71,On-Campus / Off-Campus Placement,75,"AWS, Machine Learning, Java, SQL, Tableau, Docker, System Design"
STU11032,21,Male,B.Sc (CS/IT),2025,State Tech University (Tier 2),Data Science & Artificial Intelligence,Meta Front-End Developer Specialization; Docker & Kubernetes Developer Cert; AWS Certified Solutions Architect,AWS; Meta; Coursera,3,Deloitte Consulting,Cyber Security,2,2,Both (Hybrid),71,81,9.0,Placed,14.33,On-Campus / Off-Campus Placement,51,"Kubernetes, Java, Communication, Python, System Design, Power BI, Problem Solving, Machine Learning, Data Analysis, AWS"
STU11033,21,Male,B.Tech,2025,Apex Institute of Technology (Tier 2),Computer Science & Engineering,IBM Data Science Professional,Google Cloud,1,Google India,Artificial Intelligence / ML,2,2,Both (Hybrid),82,60,7.3,Placed,12.28,Internship Conversion,55,"React, Tableau, SQL, System Design, AWS, Problem Solving, Git, Communication, Kubernetes, Data Analysis"
STU11034,21,Male,BCA,2025,Apex Institute of Technology (Tier 2),Data Science & Artificial Intelligence,TensorFlow Developer Certificate; AWS Certified Solutions Architect; Docker & Kubernetes Developer Cert,AWS; Google Cloud; Udemy,3,Deloitte Consulting,Artificial Intelligence / ML,2,1,Both (Hybrid),67,77,7.4,Placed,12.24,On-Campus / Off-Campus Placement,56,"Problem Solving, Tableau, Kubernetes, Git, Python, React, Docker, Machine Learning, Java, SQL"
STU11035,23,Male,B.Tech,2024,Regional Tech Institute (Tier 3),Computer Science & Engineering,Coursera Machine Learning Specialization; NPTEL Cloud Computing & Distributed Systems,Meta; IBM,2,Amazon AWS,Artificial Intelligence / ML,6,1,Both (Hybrid),57,64,7.6,Placed,9.36,Direct PPO (Pre-Placement Offer),55,"AWS, Communication, React, Kubernetes, SQL, Git, Tableau, Python"
STU11036,22,Male,B.Sc (CS/IT),2023,Apex Institute of Technology (Tier 2),Data Science & Artificial Intelligence,TensorFlow Developer Certificate,AWS,1,Amazon AWS,Product & Business Analytics,3,1,Both (Hybrid),71,64,7.4,Placed,13.79,Internship Conversion,61,"SQL, System Design, Machine Learning, Problem Solving, Communication, Java"
STU11037,23,Male,M.Tech,2026,State Tech University (Tier 2),Electronics & Communication,Certified Information Systems Security Professional (CISSP); Meta Front-End Developer Specialization; AWS Certified Solutions Architect,Meta; Udemy; Google Cloud,3,Infosys Center,Cyber Security,3,2,Both (Hybrid),90,75,9.5,Placed,14.22,On-Campus / Off-Campus Placement,6,"Problem Solving, SQL, Java, Power BI, Communication, Machine Learning, Kubernetes, Tableau, Data Analysis, AWS"
STU11038,21,Female,B.Tech,2024,Regional Tech Institute (Tier 3),Electronics & Communication,Docker & Kubernetes Developer Cert; IBM Data Science Professional,Udemy; AWS,2,DataMetrics Labs,Cyber Security,9,1,Both (Hybrid),61,62,7.9,Placed,10.41,Direct PPO (Pre-Placement Offer),60,"Power BI, Kubernetes, Communication, System Design, React, Docker, AWS, Data Analysis"
STU11039,22,Male,M.Tech,2026,Apex Institute of Technology (Tier 2),Computer Science & Engineering,Certified Information Systems Security Professional (CISSP),Udemy,1,TCS Innovation Labs,Cyber Security,7,2,Both (Hybrid),87,57,9.7,Placed,13.84,Internship Conversion,29,"Problem Solving, Git, System Design, Tableau, Machine Learning, React, Docker, Power BI, AWS, Python"
STU11040,22,Male,BCA,2025,Apex Institute of Technology (Tier 2),Data Science & Artificial Intelligence,None,None,0,Deloitte Consulting,Artificial Intelligence / ML,2,2,Internship Only,81,50,7.3,Placed,12.56,On-Campus / Off-Campus Placement,47,"React, System Design, Docker, Data Analysis, Machine Learning, Git, Power BI, Kubernetes, AWS"
STU11041,23,Female,B.Tech,2025,Apex Institute of Technology (Tier 2),Business Analytics,Meta Front-End Developer Specialization; Certified Information Systems Security Professional (CISSP); Coursera Machine Learning Specialization,Udemy; Google Cloud; Meta,3,InnovateTech Startup,Software Engineering,6,1,Both (Hybrid),67,91,7.9,Placed,14.04,On-Campus / Off-Campus Placement,81,"React, Power BI, System Design, SQL, Python, Problem Solving, Tableau, Communication, Data Analysis, AWS"
STU11042,22,Male,B.Tech,2025,Regional Tech Institute (Tier 3),Computer Science & Engineering,None,None,0,None,None,0,0,Neither,23,38,2.9,Placed,4.13,On-Campus / Off-Campus Placement,119,"Problem Solving, SQL"
STU11043,22,Male,B.Tech,2025,Apex Institute of Technology (Tier 2),Business Analytics,Meta Front-End Developer Specialization; Microsoft Certified: Azure Developer; Google Professional Data Engineer,Meta; Udemy; NPTEL,3,None,None,0,0,Certification Only,41,83,5.2,Unplaced,0.0,Not Converted,-1,"Machine Learning, Java, Data Analysis, Docker, React, Tableau, Git, SQL"
STU11044,24,Female,B.Sc (CS/IT),2024,State Tech University (Tier 2),Computer Science & Engineering,Google Professional Data Engineer,Meta,1,None,None,0,0,Certification Only,43,49,4.8,Unplaced,0.0,Not Converted,-1,"Communication, SQL, Java"
STU11045,22,Male,B.Sc (CS/IT),2025,Apex Institute of Technology (Tier 2),Information Technology,AWS Certified Solutions Architect; NPTEL Cloud Computing & Distributed Systems,Udemy; Google Cloud,2,None,None,0,0,Certification Only,35,82,5.6,Placed,8.27,On-Campus / Off-Campus Placement,131,"Machine Learning, React, Python, Communication, System Design, SQL, Kubernetes"
STU11046,21,Male,B.Tech,2025,IIT / NIT Group (Tier 1),Data Science & Artificial Intelligence,AWS Certified Solutions Architect; Meta Front-End Developer Specialization; NPTEL Cloud Computing & Distributed Systems,Meta; Google Cloud; IBM,4,TCS Innovation Labs,Artificial Intelligence / ML,3,1,Both (Hybrid),70,100,8.6,Placed,16.02,On-Campus / Off-Campus Placement,42,"Java, Problem Solving, React, Tableau, Machine Learning, SQL, AWS, Python, Communication, Kubernetes"
STU11047,21,Male,BCA,2024,State Tech University (Tier 2),Data Science & Artificial Intelligence,None,None,0,CyberGuard Analytics,Data Science & Analytics,2,2,Internship Only,80,51,7.8,Placed,10.68,On-Campus / Off-Campus Placement,61,"Python, Machine Learning, Tableau, Kubernetes, System Design, Docker, Java, AWS, Problem Solving"
STU11048,24,Male,B.Sc (CS/IT),2024,State Tech University (Tier 2),Electronics & Communication,Certified Information Systems Security Professional (CISSP); Microsoft Certified: Azure Developer,Udemy; Coursera,2,None,None,0,0,Certification Only,28,84,5.6,Placed,8.49,On-Campus / Off-Campus Placement,100,"Problem Solving, SQL, Power BI, Docker, Python, Data Analysis, AWS"
STU11049,21,Female,MBA (Tech & Analytics),2023,BITS & Top National Inst (Tier 1),Computer Science & Engineering,AWS Certified Solutions Architect; Microsoft Certified: Azure Developer; Docker & Kubernetes Developer Cert,Google Cloud; Coursera; Microsoft Azure,3,Amazon AWS,Artificial Intelligence / ML,3,1,Both (Hybrid),71,85,7.6,Placed,14.24,Internship Conversion,11,"Java, Docker, Problem Solving, AWS, Communication, Data Analysis, React, Power BI, System Design, Tableau"
STU11050,24,Female,BCA,2026,IIT / NIT Group (Tier 1),Computer Science & Engineering,Microsoft Certified: Azure Developer; Meta Front-End Developer Specialization; TensorFlow Developer Certificate,AWS; Microsoft Azure; Google Cloud,3,None,None,0,0,Certification Only,36,88,5.9,Unplaced,0.0,Not Converted,-1,"Git, AWS, System Design, Docker, Java, Machine Learning, Communication"
STU11051,22,Male,MBA (Tech & Analytics),2023,BITS & Top National Inst (Tier 1),Data Science & Artificial Intelligence,Meta Front-End Developer Specialization; AWS Certified Solutions Architect,Udemy; Coursera,2,TCS Innovation Labs,Product & Business Analytics,3,1,Both (Hybrid),76,70,7.1,Placed,15.54,Internship Conversion,51,"Data Analysis, SQL, Problem Solving, Kubernetes, Java, React, Power BI, Tableau, Communication"
STU11052,24,Female,BCA,2025,Apex Institute of Technology (Tier 2),Electronics & Communication,Coursera Machine Learning Specialization; Google Professional Data Engineer,Microsoft Azure; IBM,2,Microsoft Tech,Software Engineering,11,2,Both (Hybrid),100,58,10.0,Placed,17.81,Direct PPO (Pre-Placement Offer),5,"Problem Solving, Docker, Communication, System Design, Tableau, Kubernetes, Machine Learning, Python, Git, Data Analysis"
STU11053,23,Male,B.Tech,2024,City Engineering College (Tier 3),Computer Science & Engineering,NPTEL Cloud Computing & Distributed Systems; Google Professional Data Engineer; AWS Certified Solutions Architect,Udemy; IBM; Google Cloud,3,Google India,Cyber Security,3,1,Both (Hybrid),54,72,7.0,Placed,10.56,On-Campus / Off-Campus Placement,79,"Kubernetes, Docker, React, Machine Learning, AWS, Java, Problem Solving, Git, Tableau, Communication"
STU11054,25,Male,B.Sc (CS/IT),2024,Regional Tech Institute (Tier 3),Electronics & Communication,IBM Data Science Professional; Docker & Kubernetes Developer Cert; TensorFlow Developer Certificate,Microsoft Azure; IBM; Coursera,3,FinTech Solutions,Cloud & DevOps,6,1,Both (Hybrid),70,71,7.3,Placed,11.61,Direct PPO (Pre-Placement Offer),49,"React, Problem Solving, System Design, Kubernetes, AWS, Python, Data Analysis, Docker, SQL, Tableau"
STU11055,22,Female,B.Tech,2025,State Tech University (Tier 2),Data Science & Artificial Intelligence,Google Professional Data Engineer; AWS Certified Solutions Architect; Meta Front-End Developer Specialization,AWS; Udemy; Microsoft Azure,3,FinTech Solutions,Software Engineering,2,2,Both (Hybrid),75,80,9.2,Placed,13.72,On-Campus / Off-Campus Placement,25,"React, Problem Solving, Docker, Python, Data Analysis, System Design, Java, Git, SQL, Communication"
STU11056,23,Male,B.Tech,2023,Apex Institute of Technology (Tier 2),Computer Science & Engineering,Coursera Machine Learning Specialization,Meta,1,Amazon AWS,Cloud & DevOps,2,1,Both (Hybrid),57,66,7.1,Placed,14.67,Internship Conversion,69,"React, Power BI, Problem Solving, Machine Learning, Kubernetes, Data Analysis"
STU11057,22,Male,B.Tech,2025,Regional Tech Institute (Tier 3),Electronics & Communication,Coursera Machine Learning Specialization; IBM Data Science Professional; Google Professional Data Engineer,IBM; Meta; NPTEL,5,None,None,0,0,Certification Only,31,95,6.1,Placed,7.02,On-Campus / Off-Campus Placement,90,"Python, AWS, Java, Data Analysis, Communication, Problem Solving, Kubernetes, Tableau, Power BI, Git"
STU11058,22,Male,B.Sc (CS/IT),2025,BITS & Top National Inst (Tier 1),Computer Science & Engineering,Google Professional Data Engineer,Meta,1,CyberGuard Analytics,Product & Business Analytics,7,2,Both (Hybrid),100,65,10.0,Placed,20.45,Direct PPO (Pre-Placement Offer),34,"Java, Python, Communication, SQL, React, System Design, Tableau, Kubernetes, AWS, Machine Learning"
STU11059,22,Male,B.Sc (CS/IT),2025,Apex Institute of Technology (Tier 2),Data Science & Artificial Intelligence,None,None,0,InnovateTech Startup,Artificial Intelligence / ML,3,1,Internship Only,72,37,6.5,Placed,10.77,Internship Conversion,53,"React, Machine Learning, Python, Power BI"
STU11060,24,Male,B.Tech,2023,Apex Institute of Technology (Tier 2),Computer Science & Engineering,IBM Data Science Professional,Coursera,1,InnovateTech Startup,Cyber Security,2,1,Both (Hybrid),57,65,6.3,Placed,9.13,On-Campus / Off-Campus Placement,60,"Tableau, Power BI, Kubernetes, Git, SQL, Docker, Communication, Problem Solving"
STU11061,25,Female,B.Tech,2026,IIT / NIT Group (Tier 1),Data Science & Artificial Intelligence,None,None,0,None,None,0,0,Neither,49,55,4.7,Placed,11.33,On-Campus / Off-Campus Placement,113,"Communication, System Design, Tableau"
STU11062,23,Male,B.Tech,2025,City Engineering College (Tier 3),Information Technology,None,None,0,TCS Innovation Labs,Product & Business Analytics,3,1,Internship Only,57,44,5.9,Placed,8.97,On-Campus / Off-Campus Placement,110,"Data Analysis, Git, Kubernetes, Java, React, Tableau"
STU11063,22,Male,BCA,2026,City Engineering College (Tier 3),Data Science & Artificial Intelligence,TensorFlow Developer Certificate,Google Cloud,1,Deloitte Consulting,Product & Business Analytics,7,2,Both (Hybrid),82,63,8.9,Placed,11.16,Direct PPO (Pre-Placement Offer),5,"AWS, Git, React, Power BI, Machine Learning, SQL, Data Analysis, Java, Communication, Tableau"
STU11064,22,Male,B.Tech,2024,IIT / NIT Group (Tier 1),Data Science & Artificial Intelligence,None,None,0,CyberGuard Analytics,Data Science & Analytics,3,2,Internship Only,81,55,8.9,Placed,16.36,On-Campus / Off-Campus Placement,80,"Data Analysis, Docker, SQL, AWS, Python, Java, Power BI, Machine Learning"
STU11065,23,Female,B.Sc (CS/IT),2025,IIT / NIT Group (Tier 1),Data Science & Artificial Intelligence,AWS Certified Solutions Architect; Microsoft Certified: Azure Developer,Microsoft Azure; AWS,2,Infosys Center,Artificial Intelligence / ML,9,3,Both (Hybrid),100,90,10.0,Placed,20.42,Direct PPO (Pre-Placement Offer),5,"Data Analysis, Git, Docker, Communication, Tableau, System Design, Java, Problem Solving, Kubernetes, SQL"
STU11066,21,Female,B.Tech,2026,IIT / NIT Group (Tier 1),Computer Science & Engineering,None,None,0,TCS Innovation Labs,Software Engineering,2,1,Internship Only,67,38,6.6,Placed,11.04,Internship Conversion,73,"SQL, Tableau, Python, System Design, Communication, Problem Solving"
STU11067,21,Female,B.Tech,2026,State Tech University (Tier 2),Data Science & Artificial Intelligence,Docker & Kubernetes Developer Cert,Udemy,1,Infosys Center,Software Engineering,3,3,Both (Hybrid),93,51,9.5,Placed,14.26,Internship Conversion,24,"Python, Communication, Power BI, Tableau, System Design, SQL, Machine Learning, Git, AWS, Java"
STU11068,22,Female,B.Tech,2024,State Tech University (Tier 2),Cyber Security,None,None,0,Deloitte Consulting,Product & Business Analytics,2,1,Internship Only,70,53,5.8,Placed,8.9,Internship Conversion,92,"Git, Python, Docker, Machine Learning, System Design, SQL"
STU11069,22,Female,B.Tech,2024,State Tech University (Tier 2),Electronics & Communication,None,None,0,TCS Innovation Labs,Software Engineering,6,1,Internship Only,57,41,8.0,Unplaced,0.0,Not Converted,-1,"Python, Tableau, Data Analysis, Kubernetes, Problem Solving, Communication"
STU11070,22,Male,MBA (Tech & Analytics),2024,State Tech University (Tier 2),Computer Science & Engineering,Docker & Kubernetes Developer Cert,Google Cloud,1,Infosys Center,Cloud & DevOps,11,2,Both (Hybrid),100,61,10.0,Placed,15.28,Direct PPO (Pre-Placement Offer),5,"Git, Kubernetes, Communication, React, Docker, Data Analysis, Tableau, Python, SQL"
STU11071,21,Female,B.Tech,2024,City Engineering College (Tier 3),Computer Science & Engineering,Google Professional Data Engineer; AWS Certified Solutions Architect,IBM; Meta,2,Infosys Center,Data Science & Analytics,3,1,Both (Hybrid),53,67,7.0,Unplaced,0.0,Not Converted,-1,"Machine Learning, Tableau, System Design, React, Problem Solving, AWS, Communication, Java"
STU11072,21,Female,B.Tech,2024,State Tech University (Tier 2),Business Analytics,Certified Information Systems Security Professional (CISSP); Docker & Kubernetes Developer Cert; AWS Certified Solutions Architect,IBM; Udemy; NPTEL,4,TCS Innovation Labs,Software Engineering,3,1,Both (Hybrid),51,95,7.8,Placed,11.29,On-Campus / Off-Campus Placement,61,"System Design, Data Analysis, Tableau, Docker, AWS, Kubernetes, Communication, Python, React, Problem Solving"
STU11073,21,Non-Binary,B.Tech,2024,IIT / NIT Group (Tier 1),Data Science & Artificial Intelligence,IBM Data Science Professional; Microsoft Certified: Azure Developer; Certified Information Systems Security Professional (CISSP),AWS; Google Cloud; Coursera,3,None,None,0,0,Certification Only,49,98,5.1,Placed,12.98,On-Campus / Off-Campus Placement,82,"React, Python, Git, Data Analysis, Power BI, Kubernetes, SQL, Machine Learning"
STU11074,25,Female,B.Tech,2026,State Tech University (Tier 2),Data Science & Artificial Intelligence,Docker & Kubernetes Developer Cert; TensorFlow Developer Certificate; Meta Front-End Developer Specialization,Coursera; Meta; IBM,3,FinTech Solutions,Data Science & Analytics,15,2,Both (Hybrid),100,90,10.0,Placed,22.25,Direct PPO (Pre-Placement Offer),5,"Power BI, React, Problem Solving, Data Analysis, SQL, Kubernetes, Machine Learning, Docker, Git, Tableau"
STU11075,22,Male,B.Tech,2023,State Tech University (Tier 2),Electronics & Communication,None,None,0,None,None,0,0,Neither,36,53,4.3,Unplaced,0.0,Not Converted,-1,"Power BI, Docker, Python"
STU11076,22,Male,B.Tech,2025,State Tech University (Tier 2),Computer Science & Engineering,Coursera Machine Learning Specialization,AWS,1,InnovateTech Startup,Cyber Security,9,1,Both (Hybrid),81,56,8.7,Placed,12.15,On-Campus / Off-Campus Placement,56,"Data Analysis, Power BI, Python, System Design, Docker, Java"
STU11077,23,Male,BCA,2023,State Tech University (Tier 2),Data Science & Artificial Intelligence,None,None,0,DataMetrics Labs,Cyber Security,4,3,Internship Only,100,45,9.6,Placed,15.73,On-Campus / Off-Campus Placement,9,"Java, System Design, Problem Solving, SQL, Power BI, Machine Learning, Git, AWS, Docker, Kubernetes"
STU11078,21,Female,BCA,2024,BITS & Top National Inst (Tier 1),Cyber Security,NPTEL Cloud Computing & Distributed Systems; TensorFlow Developer Certificate; Certified Information Systems Security Professional (CISSP),Microsoft Azure; Meta; IBM,3,None,None,0,0,Certification Only,46,95,6.2,Placed,12.35,On-Campus / Off-Campus Placement,110,"Problem Solving, SQL, Power BI, React, AWS, Git, Machine Learning"
STU11079,24,Male,B.Tech,2023,City Engineering College (Tier 3),Information Technology,None,None,0,TCS Innovation Labs,Artificial Intelligence / ML,6,1,Internship Only,71,36,6.3,Placed,8.58,Direct PPO (Pre-Placement Offer),73,"Kubernetes, SQL, AWS, Docker, Python, System Design"
STU11080,23,Male,B.Tech,2024,Regional Tech Institute (Tier 3),Computer Science & Engineering,Certified Information Systems Security Professional (CISSP); Meta Front-End Developer Specialization,Microsoft Azure; NPTEL,2,DataMetrics Labs,Data Science & Analytics,9,3,Both (Hybrid),100,64,10.0,Placed,16.85,Direct PPO (Pre-Placement Offer),5,"Problem Solving, Tableau, React, Power BI, Machine Learning, Git, SQL, Kubernetes, Communication, Docker"
STU11081,21,Female,MBA (Tech & Analytics),2025,State Tech University (Tier 2),Computer Science & Engineering,Certified Information Systems Security Professional (CISSP),Udemy,1,TCS Innovation Labs,Cyber Security,9,1,Both (Hybrid),72,57,8.2,Placed,12.93,Direct PPO (Pre-Placement Offer),49,"AWS, Communication, Kubernetes, Machine Learning, Tableau, Docker"
STU11082,22,Male,B.Tech,2026,State Tech University (Tier 2),Computer Science & Engineering,Certified Information Systems Security Professional (CISSP),Meta,1,InnovateTech Startup,Cyber Security,2,1,Both (Hybrid),54,53,6.5,Placed,12.72,On-Campus / Off-Campus Placement,70,"System Design, Machine Learning, Git, Problem Solving, Python, Docker, AWS, React"
STU11083,24,Female,B.Tech,2024,Apex Institute of Technology (Tier 2),Electronics & Communication,Certified Information Systems Security Professional (CISSP); IBM Data Science Professional; Meta Front-End Developer Specialization,IBM; Meta; Microsoft Azure,5,Google India,Software Engineering,3,1,Both (Hybrid),67,100,8.1,Placed,15.89,On-Campus / Off-Campus Placement,49,"Problem Solving, Git, Python, Docker, System Design, Data Analysis, React, Kubernetes, AWS, Communication"
STU11084,24,Male,B.Tech,2024,Apex Institute of Technology (Tier 2),Computer Science & Engineering,AWS Certified Solutions Architect; Meta Front-End Developer Specialization; Certified Information Systems Security Professional (CISSP),AWS; Coursera; IBM,3,None,None,0,0,Certification Only,37,76,4.3,Unplaced,0.0,Not Converted,-1,"Communication, SQL, Java, Power BI, Python, Problem Solving, AWS, React, Machine Learning"
STU11085,22,Male,B.Tech,2024,State Tech University (Tier 2),Computer Science & Engineering,Docker & Kubernetes Developer Cert; AWS Certified Solutions Architect; NPTEL Cloud Computing & Distributed Systems,Udemy; AWS; Meta,3,Google India,Product & Business Analytics,3,3,Both (Hybrid),87,91,9.8,Placed,16.18,Internship Conversion,5,"Power BI, Data Analysis, Java, Communication, Problem Solving, Python, Git, AWS, Tableau, SQL"
STU11086,22,Male,B.Sc (CS/IT),2026,City Engineering College (Tier 3),Business Analytics,AWS Certified Solutions Architect; Coursera Machine Learning Specialization,Google Cloud; Microsoft Azure,2,Deloitte Consulting,Artificial Intelligence / ML,9,1,Both (Hybrid),64,59,7.8,Placed,11.21,On-Campus / Off-Campus Placement,47,"Problem Solving, Docker, Kubernetes, Communication, Git, React, Power BI, Java, AWS"
STU11087,21,Female,B.Tech,2025,Apex Institute of Technology (Tier 2),Computer Science & Engineering,TensorFlow Developer Certificate; Google Professional Data Engineer; Coursera Machine Learning Specialization,Google Cloud; NPTEL; Microsoft Azure,3,Amazon AWS,Cloud & DevOps,3,2,Both (Hybrid),78,82,9.5,Placed,13.62,Internship Conversion,13,"Git, Power BI, Machine Learning, AWS, Problem Solving, Java, Docker, Kubernetes, SQL, Python"
STU11088,25,Male,B.Sc (CS/IT),2025,State Tech University (Tier 2),Computer Science & Engineering,NPTEL Cloud Computing & Distributed Systems; Docker & Kubernetes Developer Cert,Meta; Coursera,2,Amazon AWS,Data Science & Analytics,3,1,Both (Hybrid),63,71,7.1,Placed,11.09,Internship Conversion,48,"React, Java, SQL, System Design, Tableau, Problem Solving, Power BI, Machine Learning"
STU11089,21,Male,B.Tech,2025,Apex Institute of Technology (Tier 2),Computer Science & Engineering,Microsoft Certified: Azure Developer; Google Professional Data Engineer; AWS Certified Solutions Architect,Meta; Udemy; NPTEL,4,TCS Innovation Labs,Cyber Security,2,1,Both (Hybrid),64,98,7.5,Placed,9.33,Internship Conversion,33,"React, SQL, Communication, Git, Machine Learning, Power BI, Docker, Python, Problem Solving, System Design"
STU11090,24,Female,B.Tech,2025,Regional Tech Institute (Tier 3),Computer Science & Engineering,AWS Certified Solutions Architect,Meta,1,None,None,0,0,Certification Only,39,59,3.6,Unplaced,0.0,Not Converted,-1,"SQL, AWS, Git"
STU11091,22,Male,B.Sc (CS/IT),2023,Apex Institute of Technology (Tier 2),Data Science & Artificial Intelligence,Google Professional Data Engineer; NPTEL Cloud Computing & Distributed Systems,IBM; AWS,2,None,None,0,0,Certification Only,44,57,4.5,Unplaced,0.0,Not Converted,-1,"React, Communication, System Design, Python, Problem Solving"
STU11092,22,Female,B.Tech,2024,IIT / NIT Group (Tier 1),Business Analytics,NPTEL Cloud Computing & Distributed Systems; Coursera Machine Learning Specialization,Google Cloud; Coursera,2,Google India,Cloud & DevOps,3,1,Both (Hybrid),67,76,8.8,Placed,13.36,Internship Conversion,69,"Java, Kubernetes, AWS, Machine Learning, Python, System Design, Power BI, Data Analysis"
STU11093,22,Female,BCA,2026,State Tech University (Tier 2),Business Analytics,TensorFlow Developer Certificate,NPTEL,1,Infosys Center,Artificial Intelligence / ML,3,1,Both (Hybrid),63,55,7.1,Placed,13.18,Internship Conversion,79,"React, Communication, System Design, Java, Power BI, Kubernetes, Problem Solving"
STU11094,21,Male,B.Tech,2025,State Tech University (Tier 2),Data Science & Artificial Intelligence,Coursera Machine Learning Specialization; NPTEL Cloud Computing & Distributed Systems; AWS Certified Solutions Architect,IBM; Meta; Udemy,3,Infosys Center,Product & Business Analytics,2,2,Both (Hybrid),71,82,9.5,Placed,15.15,On-Campus / Off-Campus Placement,32,"Tableau, React, Docker, Git, Machine Learning, Kubernetes, Power BI, AWS, System Design, Communication"
STU11095,21,Female,B.Sc (CS/IT),2025,State Tech University (Tier 2),Data Science & Artificial Intelligence,NPTEL Cloud Computing & Distributed Systems; Coursera Machine Learning Specialization; TensorFlow Developer Certificate,Udemy; AWS; IBM,5,None,None,0,0,Certification Only,35,100,5.9,Placed,13.39,On-Campus / Off-Campus Placement,67,"Communication, Power BI, Tableau, Data Analysis, Java, SQL, AWS, Git, Python, Docker"
STU11096,21,Male,B.Tech,2025,Apex Institute of Technology (Tier 2),Data Science & Artificial Intelligence,Coursera Machine Learning Specialization,IBM,1,TCS Innovation Labs,Artificial Intelligence / ML,2,1,Both (Hybrid),52,60,6.8,Placed,9.94,On-Campus / Off-Campus Placement,50,"Power BI, System Design, Python, Machine Learning, AWS, React, Git, Tableau"
STU11097,21,Female,M.Tech,2024,City Engineering College (Tier 3),Computer Science & Engineering,Certified Information Systems Security Professional (CISSP),NPTEL,1,None,None,0,0,Certification Only,31,51,3.4,Unplaced,0.0,Not Converted,-1,"AWS, Machine Learning, Data Analysis"
STU11098,23,Male,B.Tech,2025,Apex Institute of Technology (Tier 2),Computer Science & Engineering,AWS Certified Solutions Architect,Google Cloud,1,Infosys Center,Artificial Intelligence / ML,3,1,Both (Hybrid),61,56,6.2,Placed,11.35,On-Campus / Off-Campus Placement,52,"Python, Kubernetes, Problem Solving, Docker, Communication, AWS, System Design"
STU11099,22,Female,M.Tech,2025,Regional Tech Institute (Tier 3),Business Analytics,Certified Information Systems Security Professional (CISSP); TensorFlow Developer Certificate; Coursera Machine Learning Specialization,Google Cloud; AWS; NPTEL,3,Microsoft Tech,Software Engineering,2,1,Both (Hybrid),47,74,7.2,Placed,8.93,On-Campus / Off-Campus Placement,61,"Communication, SQL, Docker, Problem Solving, AWS, Kubernetes, System Design, Git, React, Power BI"
STU11100,21,Male,B.Tech,2024,State Tech University (Tier 2),Computer Science & Engineering,TensorFlow Developer Certificate; IBM Data Science Professional,Udemy; AWS,2,Google India,Product & Business Analytics,3,1,Both (Hybrid),75,75,6.7,Placed,11.37,Internship Conversion,55,"Tableau, React, Problem Solving, Git, Machine Learning, Docker, SQL, System Design, Kubernetes"
STU11101,25,Female,B.Sc (CS/IT),2025,City Engineering College (Tier 3),Computer Science & Engineering,None,None,0,Google India,Cloud & DevOps,6,1,Internship Only,57,46,7.0,Placed,8.63,Direct PPO (Pre-Placement Offer),67,"Kubernetes, Git, Python, System Design, Problem Solving"
STU11102,24,Male,B.Tech,2026,Apex Institute of Technology (Tier 2),Data Science & Artificial Intelligence,Docker & Kubernetes Developer Cert; Certified Information Systems Security Professional (CISSP),Udemy; Meta,2,DataMetrics Labs,Product & Business Analytics,15,2,Both (Hybrid),100,63,10.0,Placed,20.41,On-Campus / Off-Campus Placement,5,"SQL, Python, Data Analysis, Problem Solving, Power BI, Tableau, Docker, Git, Machine Learning, AWS"
STU11103,24,Male,M.Tech,2023,State Tech University (Tier 2),Data Science & Artificial Intelligence,None,None,0,Microsoft Tech,Software Engineering,2,2,Internship Only,84,60,7.6,Placed,12.62,Internship Conversion,57,"Tableau, Communication, Machine Learning, Git, Data Analysis, SQL, Python"
STU11104,25,Male,B.Tech,2024,Apex Institute of Technology (Tier 2),Computer Science & Engineering,Coursera Machine Learning Specialization; Microsoft Certified: Azure Developer; Certified Information Systems Security Professional (CISSP),NPTEL; Udemy; AWS,3,Amazon AWS,Cloud & DevOps,12,1,Both (Hybrid),76,92,10.0,Placed,15.66,Direct PPO (Pre-Placement Offer),5,"Data Analysis, Python, Power BI, Communication, Kubernetes, Tableau, Docker, AWS, React, Problem Solving"
STU11105,21,Male,B.Tech,2024,IIT / NIT Group (Tier 1),Computer Science & Engineering,NPTEL Cloud Computing & Distributed Systems,Coursera,1,None,None,0,0,Certification Only,50,56,4.6,Placed,10.93,On-Campus / Off-Campus Placement,100,"Kubernetes, Tableau, Git"
STU11106,22,Female,B.Tech,2025,Apex Institute of Technology (Tier 2),Data Science & Artificial Intelligence,Meta Front-End Developer Specialization,Udemy,1,Amazon AWS,Product & Business Analytics,6,1,Both (Hybrid),78,56,6.7,Placed,12.75,Direct PPO (Pre-Placement Offer),62,"SQL, Git, System Design, Data Analysis, Docker, Communication"
STU11107,23,Male,B.Tech,2024,State Tech University (Tier 2),Information Technology,IBM Data Science Professional; Microsoft Certified: Azure Developer; Certified Information Systems Security Professional (CISSP),Udemy; Google Cloud; IBM,3,Google India,Cyber Security,4,3,Both (Hybrid),98,76,10.0,Placed,17.96,On-Campus / Off-Campus Placement,5,"SQL, Tableau, Communication, React, System Design, Java, Kubernetes, Python, Power BI, Git"
STU11108,23,Female,B.Tech,2025,State Tech University (Tier 2),Computer Science & Engineering,None,None,0,None,None,0,0,Neither,37,54,3.4,Placed,4.99,On-Campus / Off-Campus Placement,124,"Data Analysis, Machine Learning"
STU11109,21,Female,MBA (Tech & Analytics),2026,Apex Institute of Technology (Tier 2),Data Science & Artificial Intelligence,None,None,0,Amazon AWS,Data Science & Analytics,11,2,Internship Only,100,37,9.3,Placed,17.65,Direct PPO (Pre-Placement Offer),36,"AWS, Docker, React, Communication, Tableau, Problem Solving, Git"
STU11110,23,Female,MBA (Tech & Analytics),2024,Apex Institute of Technology (Tier 2),Data Science & Artificial Intelligence,NPTEL Cloud Computing & Distributed Systems,Google Cloud,1,Infosys Center,Cyber Security,6,1,Both (Hybrid),67,60,7.5,Placed,13.51,Internship Conversion,43,"Communication, System Design, Docker, React, Tableau, Data Analysis"
STU11111,21,Male,B.Tech,2026,BITS & Top National Inst (Tier 1),Business Analytics,NPTEL Cloud Computing & Distributed Systems,NPTEL,1,Infosys Center,Cyber Security,3,1,Both (Hybrid),72,59,7.5,Placed,13.46,On-Campus / Off-Campus Placement,55,"Machine Learning, Kubernetes, Git, Docker, Problem Solving, Python, SQL, Java"
STU11112,21,Male,M.Tech,2026,IIT / NIT Group (Tier 1),Computer Science & Engineering,NPTEL Cloud Computing & Distributed Systems,Google Cloud,1,Google India,Cyber Security,3,3,Both (Hybrid),100,75,9.9,Placed,19.27,On-Campus / Off-Campus Placement,5,"Power BI, Git, SQL, Communication, AWS, Problem Solving, System Design, Docker, Data Analysis, Machine Learning"
STU11113,22,Female,BCA,2023,State Tech University (Tier 2),Computer Science & Engineering,Google Professional Data Engineer; Certified Information Systems Security Professional (CISSP); AWS Certified Solutions Architect,AWS; Google Cloud; IBM,5,Google India,Product & Business Analytics,4,3,Both (Hybrid),100,98,10.0,Placed,19.74,On-Campus / Off-Campus Placement,5,"Docker, Data Analysis, Git, Communication, Machine Learning, Problem Solving, Java, SQL, AWS, System Design"
STU11114,22,Male,B.Tech,2024,Apex Institute of Technology (Tier 2),Data Science & Artificial Intelligence,Coursera Machine Learning Specialization; NPTEL Cloud Computing & Distributed Systems; Docker & Kubernetes Developer Cert,NPTEL; Google Cloud; AWS,3,None,None,0,0,Certification Only,28,89,5.4,Placed,7.6,On-Campus / Off-Campus Placement,103,"Git, Docker, Kubernetes, Java, Problem Solving, Python, React, Power BI"
STU11115,22,Male,B.Sc (CS/IT),2026,City Engineering College (Tier 3),Information Technology,Meta Front-End Developer Specialization; Certified Information Systems Security Professional (CISSP); Google Professional Data Engineer,IBM; AWS; Meta,3,Infosys Center,Software Engineering,2,2,Both (Hybrid),73,76,8.7,Placed,12.14,On-Campus / Off-Campus Placement,14,"Java, Machine Learning, Communication, SQL, AWS, System Design, Data Analysis, React, Docker, Git"
STU11116,21,Female,BCA,2026,Regional Tech Institute (Tier 3),Computer Science & Engineering,Certified Information Systems Security Professional (CISSP); Google Professional Data Engineer; AWS Certified Solutions Architect,Google Cloud; Meta; IBM,4,FinTech Solutions,Software Engineering,3,1,Both (Hybrid),55,87,7.4,Placed,9.65,On-Campus / Off-Campus Placement,59,"Python, AWS, Java, Kubernetes, Power BI, React, Problem Solving, Tableau, Communication, Data Analysis"
STU11117,24,Female,MBA (Tech & Analytics),2023,State Tech University (Tier 2),Data Science & Artificial Intelligence,Certified Information Systems Security Professional (CISSP),Coursera,1,InnovateTech Startup,Artificial Intelligence / ML,2,1,Both (Hybrid),69,61,6.9,Placed,13.18,On-Campus / Off-Campus Placement,73,"Data Analysis, Python, Machine Learning, Kubernetes, Git, Tableau, React"
STU11118,22,Female,B.Tech,2023,Apex Institute of Technology (Tier 2),Computer Science & Engineering,Coursera Machine Learning Specialization,Coursera,1,Deloitte Consulting,Cloud & DevOps,2,2,Both (Hybrid),67,64,7.9,Placed,13.76,On-Campus / Off-Campus Placement,18,"Git, Kubernetes, Tableau, Power BI, Docker, Machine Learning, System Design, Communication, SQL"
STU11119,21,Male,BCA,2023,State Tech University (Tier 2),Computer Science & Engineering,Coursera Machine Learning Specialization,IBM,1,Amazon AWS,Product & Business Analytics,3,3,Both (Hybrid),100,57,10.0,Placed,14.24,On-Campus / Off-Campus Placement,5,"Machine Learning, AWS, Docker, Communication, Problem Solving, System Design, SQL, React, Power BI, Tableau"
STU11120,24,Female,B.Tech,2026,Apex Institute of Technology (Tier 2),Data Science & Artificial Intelligence,AWS Certified Solutions Architect; Google Professional Data Engineer; NPTEL Cloud Computing & Distributed Systems,Google Cloud; Meta; Coursera,3,Amazon AWS,Product & Business Analytics,2,1,Both (Hybrid),61,83,7.2,Placed,12.86,On-Campus / Off-Campus Placement,37,"System Design, AWS, Java, Data Analysis, React, Machine Learning, SQL, Python, Kubernetes, Power BI"
STU11121,25,Male,B.Tech,2023,BITS & Top National Inst (Tier 1),Computer Science & Engineering,Google Professional Data Engineer; Meta Front-End Developer Specialization,Google Cloud; Meta,2,TCS Innovation Labs,Software Engineering,3,3,Both (Hybrid),98,83,10.0,Placed,18.6,On-Campus / Off-Campus Placement,5,"Data Analysis, Communication, AWS, Docker, Java, React, Problem Solving, Power BI, Python, Kubernetes"
STU11122,24,Male,B.Tech,2025,State Tech University (Tier 2),Electronics & Communication,Coursera Machine Learning Specialization,Microsoft Azure,1,Google India,Software Engineering,12,1,Both (Hybrid),82,69,9.2,Placed,16.16,Direct PPO (Pre-Placement Offer),48,"Python, AWS, Problem Solving, Java, Tableau, Power BI, Machine Learning"
STU11123,23,Female,MBA (Tech & Analytics),2025,Apex Institute of Technology (Tier 2),Information Technology,Microsoft Certified: Azure Developer,Udemy,1,Microsoft Tech,Data Science & Analytics,3,1,Both (Hybrid),66,63,7.6,Placed,12.77,On-Campus / Off-Campus Placement,79,"React, Tableau, System Design, Power BI, AWS, Java, Python"
STU11124,23,Male,B.Sc (CS/IT),2023,IIT / NIT Group (Tier 1),Data Science & Artificial Intelligence,NPTEL Cloud Computing & Distributed Systems; Google Professional Data Engineer,Udemy; AWS,2,Google India,Cloud & DevOps,6,1,Both (Hybrid),82,75,8.6,Placed,16.55,Direct PPO (Pre-Placement Offer),68,"Python, System Design, SQL, Machine Learning, React, Power BI, AWS, Communication"
STU11125,22,Male,B.Sc (CS/IT),2025,Apex Institute of Technology (Tier 2),Data Science & Artificial Intelligence,Coursera Machine Learning Specialization; IBM Data Science Professional,Microsoft Azure; Meta,2,TCS Innovation Labs,Data Science & Analytics,2,1,Both (Hybrid),55,64,7.1,Placed,11.85,Internship Conversion,58,"Power BI, Java, SQL, AWS, Communication, React, Machine Learning, Python, Problem Solving"
STU11126,21,Male,BCA,2024,City Engineering College (Tier 3),Data Science & Artificial Intelligence,Coursera Machine Learning Specialization; Meta Front-End Developer Specialization; Docker & Kubernetes Developer Cert,IBM; Microsoft Azure; NPTEL,3,FinTech Solutions,Cloud & DevOps,3,1,Both (Hybrid),52,80,6.5,Placed,12.27,On-Campus / Off-Campus Placement,43,"SQL, Power BI, Kubernetes, Machine Learning, Python, Java, Docker, Tableau, AWS, Problem Solving"
STU11127,22,Female,B.Tech,2026,State Tech University (Tier 2),Computer Science & Engineering,Certified Information Systems Security Professional (CISSP),Google Cloud,1,Microsoft Tech,Software Engineering,3,1,Both (Hybrid),63,46,7.4,Placed,11.8,Internship Conversion,77,"AWS, React, Problem Solving, Java, Python, Git, Data Analysis, Docker"
STU11128,22,Female,B.Tech,2024,State Tech University (Tier 2),Business Analytics,NPTEL Cloud Computing & Distributed Systems; Microsoft Certified: Azure Developer; Google Professional Data Engineer,NPTEL; AWS; Udemy,4,Google India,Software Engineering,3,2,Both (Hybrid),84,96,9.7,Placed,17.77,Internship Conversion,5,"SQL, React, Problem Solving, AWS, Data Analysis, Docker, Kubernetes, Git, Power BI, Communication"
STU11129,22,Female,B.Tech,2025,City Engineering College (Tier 3),Cyber Security,Meta Front-End Developer Specialization,Meta,1,Deloitte Consulting,Cloud & DevOps,7,2,Both (Hybrid),75,46,9.3,Placed,11.19,Direct PPO (Pre-Placement Offer),33,"Power BI, Tableau, Java, React, Data Analysis, Python, AWS, Problem Solving, Machine Learning"
STU11130,23,Female,B.Tech,2025,Apex Institute of Technology (Tier 2),Computer Science & Engineering,Meta Front-End Developer Specialization; IBM Data Science Professional,AWS; Coursera,2,Deloitte Consulting,Cloud & DevOps,3,1,Both (Hybrid),66,68,7.3,Placed,12.62,On-Campus / Off-Campus Placement,65,"Data Analysis, Problem Solving, Kubernetes, React, Machine Learning, Communication, SQL, Docker"
STU11131,22,Male,B.Sc (CS/IT),2024,State Tech University (Tier 2),Computer Science & Engineering,IBM Data Science Professional; Docker & Kubernetes Developer Cert; NPTEL Cloud Computing & Distributed Systems,AWS; Coursera; Microsoft Azure,4,None,None,0,0,Certification Only,36,91,5.9,Placed,11.4,On-Campus / Off-Campus Placement,90,"Kubernetes, Data Analysis, Power BI, SQL, Git, Python, Machine Learning, React, System Design, Problem Solving"
STU11132,21,Male,BCA,2023,State Tech University (Tier 2),Computer Science & Engineering,Coursera Machine Learning Specialization; NPTEL Cloud Computing & Distributed Systems; TensorFlow Developer Certificate,AWS; IBM; Microsoft Azure,4,CyberGuard Analytics,Artificial Intelligence / ML,3,1,Both (Hybrid),62,83,8.1,Placed,13.24,Internship Conversion,47,"System Design, Java, AWS, SQL, Kubernetes, Tableau, Python, Communication, Problem Solving, Git"
STU11133,21,Male,B.Tech,2024,Apex Institute of Technology (Tier 2),Information Technology,None,None,0,InnovateTech Startup,Data Science & Analytics,6,1,Internship Only,73,40,6.6,Placed,14.25,Direct PPO (Pre-Placement Offer),72,"SQL, Problem Solving, Docker, Communication"
STU11134,23,Male,B.Tech,2024,Apex Institute of Technology (Tier 2),Information Technology,Docker & Kubernetes Developer Cert,Google Cloud,1,None,None,0,0,Certification Only,37,67,3.9,Placed,6.98,On-Campus / Off-Campus Placement,117,"Kubernetes, Java, AWS"
STU11135,21,Male,B.Tech,2025,BITS & Top National Inst (Tier 1),Electronics & Communication,Docker & Kubernetes Developer Cert,NPTEL,1,DataMetrics Labs,Artificial Intelligence / ML,3,1,Both (Hybrid),57,62,7.1,Placed,13.01,On-Campus / Off-Campus Placement,71,"Communication, AWS, Data Analysis, Git, Power BI, Tableau, Machine Learning"
STU11136,24,Female,B.Tech,2025,State Tech University (Tier 2),Electronics & Communication,IBM Data Science Professional,AWS,1,Infosys Center,Product & Business Analytics,3,3,Both (Hybrid),86,60,9.6,Placed,16.15,On-Campus / Off-Campus Placement,5,"AWS, Kubernetes, Machine Learning, Tableau, React, Data Analysis, Java, Docker, SQL, System Design"
STU11137,22,Male,MBA (Tech & Analytics),2024,City Engineering College (Tier 3),Data Science & Artificial Intelligence,AWS Certified Solutions Architect; NPTEL Cloud Computing & Distributed Systems,Google Cloud; IBM,2,Deloitte Consulting,Data Science & Analytics,3,1,Both (Hybrid),63,67,6.9,Placed,10.78,On-Campus / Off-Campus Placement,41,"SQL, Java, System Design, Problem Solving, AWS, Docker, React, Python, Tableau, Git"
STU11138,22,Male,BCA,2025,Apex Institute of Technology (Tier 2),Information Technology,NPTEL Cloud Computing & Distributed Systems; Coursera Machine Learning Specialization; TensorFlow Developer Certificate,IBM; Meta; Google Cloud,4,FinTech Solutions,Artificial Intelligence / ML,2,2,Both (Hybrid),90,97,9.5,Placed,14.47,On-Campus / Off-Campus Placement,30,"Data Analysis, SQL, Git, Python, Power BI, Tableau, Machine Learning, System Design, Problem Solving, Docker"
STU11139,22,Male,B.Sc (CS/IT),2025,Regional Tech Institute (Tier 3),Information Technology,None,None,0,CyberGuard Analytics,Data Science & Analytics,2,2,Internship Only,73,42,6.8,Placed,10.32,On-Campus / Off-Campus Placement,69,"Problem Solving, Java, Docker, React, Power BI, SQL, System Design, Data Analysis"
STU11140,23,Male,B.Tech,2025,Apex Institute of Technology (Tier 2),Data Science & Artificial Intelligence,Microsoft Certified: Azure Developer,AWS,1,None,None,0,0,Certification Only,36,54,5.0,Placed,8.9,On-Campus / Off-Campus Placement,132,"Communication, Python, Docker"
STU11141,22,Female,B.Tech,2024,Regional Tech Institute (Tier 3),Data Science & Artificial Intelligence,None,None,0,Microsoft Tech,Cloud & DevOps,7,2,Internship Only,82,40,8.4,Placed,14.92,Direct PPO (Pre-Placement Offer),5,"Machine Learning, Git, Tableau, Kubernetes, System Design, SQL, Docker, Python, Power BI"
STU11142,23,Male,B.Tech,2024,BITS & Top National Inst (Tier 1),Information Technology,Coursera Machine Learning Specialization; Google Professional Data Engineer; AWS Certified Solutions Architect,NPTEL; Coursera; Udemy,3,Deloitte Consulting,Cyber Security,3,1,Both (Hybrid),71,75,7.7,Placed,13.48,Internship Conversion,64,"Communication, Power BI, Problem Solving, SQL, Machine Learning, Tableau, Java, Docker, Kubernetes, React"
STU11143,22,Male,M.Tech,2024,Apex Institute of Technology (Tier 2),Data Science & Artificial Intelligence,AWS Certified Solutions Architect; NPTEL Cloud Computing & Distributed Systems; Microsoft Certified: Azure Developer,Meta; Udemy; Coursera,4,Amazon AWS,Artificial Intelligence / ML,4,3,Both (Hybrid),91,100,10.0,Placed,19.29,On-Campus / Off-Campus Placement,5,"AWS, React, Python, Kubernetes, Java, Tableau, Power BI, Machine Learning, Problem Solving, SQL"
STU11144,22,Female,B.Sc (CS/IT),2025,IIT / NIT Group (Tier 1),Information Technology,Certified Information Systems Security Professional (CISSP),Google Cloud,1,None,None,0,0,Certification Only,48,58,5.7,Placed,11.0,On-Campus / Off-Campus Placement,117,"Docker, Git, SQL"
STU11145,24,Male,B.Tech,2024,Apex Institute of Technology (Tier 2),Information Technology,None,None,0,None,None,0,0,Neither,24,57,4.2,Unplaced,0.0,Not Converted,-1,"System Design, Python"
STU11146,23,Male,BCA,2024,State Tech University (Tier 2),Information Technology,Microsoft Certified: Azure Developer; IBM Data Science Professional; NPTEL Cloud Computing & Distributed Systems,Meta; Udemy; NPTEL,3,None,None,0,0,Certification Only,35,91,4.9,Placed,10.55,On-Campus / Off-Campus Placement,100,"Communication, SQL, Power BI, Kubernetes, Tableau, Machine Learning, Problem Solving, AWS"
STU11147,23,Male,B.Tech,2023,State Tech University (Tier 2),Information Technology,Meta Front-End Developer Specialization; Google Professional Data Engineer,NPTEL; Google Cloud,2,None,None,0,0,Certification Only,46,82,5.4,Placed,9.36,On-Campus / Off-Campus Placement,110,"React, Docker, System Design, Power BI, Tableau, Java"
STU11148,24,Female,BCA,2025,City Engineering College (Tier 3),Data Science & Artificial Intelligence,Google Professional Data Engineer,Microsoft Azure,1,CyberGuard Analytics,Product & Business Analytics,3,1,Both (Hybrid),51,47,6.4,Unplaced,0.0,Not Converted,-1,"Power BI, SQL, Communication, Kubernetes, Problem Solving, Tableau, Git"
STU11149,24,Non-Binary,MBA (Tech & Analytics),2024,City Engineering College (Tier 3),Information Technology,Meta Front-End Developer Specialization; Certified Information Systems Security Professional (CISSP); AWS Certified Solutions Architect,Meta; NPTEL; Udemy,3,InnovateTech Startup,Software Engineering,2,1,Both (Hybrid),56,84,6.7,Unplaced,0.0,Not Converted,-1,"Java, AWS, SQL, Kubernetes, Power BI, Docker, Git, Python, Data Analysis, React"
STU11150,23,Female,BCA,2023,IIT / NIT Group (Tier 1),Data Science & Artificial Intelligence,IBM Data Science Professional; Microsoft Certified: Azure Developer; NPTEL Cloud Computing & Distributed Systems,Google Cloud; NPTEL; Coursera,5,FinTech Solutions,Cloud & DevOps,3,1,Both (Hybrid),69,100,9.1,Placed,16.03,On-Campus / Off-Campus Placement,28,"System Design, Power BI, Tableau, React, AWS, Data Analysis, SQL, Docker, Kubernetes, Git"
STU11151,23,Male,BCA,2024,Apex Institute of Technology (Tier 2),Computer Science & Engineering,Certified Information Systems Security Professional (CISSP); Microsoft Certified: Azure Developer,AWS; Microsoft Azure,2,Microsoft Tech,Cyber Security,3,1,Both (Hybrid),63,64,8.2,Placed,11.98,On-Campus / Off-Campus Placement,71,"Communication, Python, React, Problem Solving, AWS, Machine Learning, System Design, Java"
STU11152,23,Female,B.Tech,2024,State Tech University (Tier 2),Computer Science & Engineering,AWS Certified Solutions Architect; Meta Front-End Developer Specialization,Google Cloud; AWS,2,None,None,0,0,Certification Only,37,67,4.5,Placed,8.75,On-Campus / Off-Campus Placement,92,"Communication, Java, Tableau, Docker, Machine Learning, Power BI"
STU11153,23,Male,B.Tech,2025,State Tech University (Tier 2),Data Science & Artificial Intelligence,AWS Certified Solutions Architect,Coursera,1,TCS Innovation Labs,Product & Business Analytics,9,1,Both (Hybrid),81,57,7.9,Placed,15.05,Direct PPO (Pre-Placement Offer),56,"SQL, System Design, Java, React, Git, Communication, Problem Solving, Python"
STU11154,22,Male,B.Tech,2024,City Engineering College (Tier 3),Data Science & Artificial Intelligence,NPTEL Cloud Computing & Distributed Systems; Meta Front-End Developer Specialization,Microsoft Azure; Google Cloud,2,None,None,0,0,Certification Only,40,68,4.6,Placed,3.5,On-Campus / Off-Campus Placement,124,"Git, Docker, Communication, Data Analysis, Kubernetes"
STU11155,23,Male,B.Tech,2024,State Tech University (Tier 2),Cyber Security,Meta Front-End Developer Specialization,Udemy,1,None,None,0,0,Certification Only,33,60,5.0,Placed,8.86,On-Campus / Off-Campus Placement,110,"Power BI, Git, Docker"
STU11156,21,Male,B.Sc (CS/IT),2025,Regional Tech Institute (Tier 3),Data Science & Artificial Intelligence,Docker & Kubernetes Developer Cert,Meta,1,Deloitte Consulting,Cyber Security,2,2,Both (Hybrid),73,43,7.7,Placed,10.1,On-Campus / Off-Campus Placement,71,"React, Python, Tableau, AWS, Data Analysis, Docker, SQL, Power BI, Communication, Machine Learning"
STU11157,24,Male,B.Sc (CS/IT),2024,BITS & Top National Inst (Tier 1),Data Science & Artificial Intelligence,None,None,0,None,None,0,0,Neither,39,52,4.1,Placed,9.74,On-Campus / Off-Campus Placement,120,"Tableau, AWS"
STU11158,24,Female,B.Tech,2023,Apex Institute of Technology (Tier 2),Computer Science & Engineering,Microsoft Certified: Azure Developer,Udemy,1,DataMetrics Labs,Data Science & Analytics,2,1,Both (Hybrid),70,69,6.2,Placed,11.05,On-Campus / Off-Campus Placement,63,"Docker, Kubernetes, Tableau, Machine Learning, Git, Data Analysis"
STU11159,21,Female,B.Sc (CS/IT),2026,Apex Institute of Technology (Tier 2),Computer Science & Engineering,None,None,0,None,None,0,0,Neither,48,36,4.4,Placed,6.13,On-Campus / Off-Campus Placement,125,"Tableau, AWS"
STU11160,23,Male,B.Tech,2024,State Tech University (Tier 2),Electronics & Communication,Docker & Kubernetes Developer Cert; AWS Certified Solutions Architect,NPTEL; AWS,2,Deloitte Consulting,Product & Business Analytics,15,2,Both (Hybrid),100,76,10.0,Placed,20.69,Direct PPO (Pre-Placement Offer),5,"System Design, React, Tableau, Machine Learning, Java, Kubernetes, AWS, Git, Docker, Python"
STU11161,21,Male,B.Tech,2024,State Tech University (Tier 2),Computer Science & Engineering,Google Professional Data Engineer; Docker & Kubernetes Developer Cert,Udemy; Coursera,2,Infosys Center,Data Science & Analytics,7,2,Both (Hybrid),89,67,9.6,Placed,16.24,Direct PPO (Pre-Placement Offer),6,"Python, React, Git, Data Analysis, Problem Solving, AWS, Java, System Design, Machine Learning, Docker"
STU11162,22,Male,B.Tech,2023,City Engineering College (Tier 3),Information Technology,Docker & Kubernetes Developer Cert; Meta Front-End Developer Specialization,Microsoft Azure; Meta,2,None,None,0,0,Certification Only,26,56,4.8,Unplaced,0.0,Not Converted,-1,"AWS, Communication, SQL, Tableau, Data Analysis, Git"
STU11163,23,Male,B.Tech,2024,Apex Institute of Technology (Tier 2),Information Technology,Microsoft Certified: Azure Developer,Microsoft Azure,1,CyberGuard Analytics,Artificial Intelligence / ML,2,1,Both (Hybrid),72,49,6.3,Placed,11.56,On-Campus / Off-Campus Placement,48,"SQL, AWS, Docker, Git, System Design, Python, Problem Solving"
STU11164,21,Female,B.Tech,2025,State Tech University (Tier 2),Data Science & Artificial Intelligence,Coursera Machine Learning Specialization,Microsoft Azure,1,DataMetrics Labs,Cloud & DevOps,9,1,Both (Hybrid),85,61,8.8,Placed,14.5,Direct PPO (Pre-Placement Offer),43,"Docker, Data Analysis, Python, Tableau, AWS, SQL, Power BI, Problem Solving"
STU11165,23,Male,B.Tech,2025,State Tech University (Tier 2),Business Analytics,Coursera Machine Learning Specialization; Docker & Kubernetes Developer Cert; Certified Information Systems Security Professional (CISSP),Microsoft Azure; AWS; Meta,3,None,None,0,0,Certification Only,46,81,5.6,Placed,10.24,On-Campus / Off-Campus Placement,92,"Communication, System Design, Problem Solving, AWS, Git, Python, Java, Docker, Tableau"
STU11166,23,Female,B.Tech,2025,IIT / NIT Group (Tier 1),Data Science & Artificial Intelligence,Meta Front-End Developer Specialization,NPTEL,1,InnovateTech Startup,Product & Business Analytics,3,1,Both (Hybrid),67,72,6.6,Placed,17.05,Internship Conversion,78,"Communication, Kubernetes, AWS, Machine Learning, Java, Python, Tableau, React"
STU11167,22,Male,MBA (Tech & Analytics),2023,BITS & Top National Inst (Tier 1),Computer Science & Engineering,Certified Information Systems Security Professional (CISSP); Docker & Kubernetes Developer Cert; IBM Data Science Professional,Coursera; IBM; Google Cloud,5,TCS Innovation Labs,Cloud & DevOps,3,2,Both (Hybrid),87,100,10.0,Placed,17.49,On-Campus / Off-Campus Placement,5,"Java, SQL, Tableau, Docker, Machine Learning, Data Analysis, System Design, Git, AWS, React"
STU11168,21,Male,B.Tech,2024,State Tech University (Tier 2),Business Analytics,Microsoft Certified: Azure Developer,IBM,1,None,None,0,0,Certification Only,41,55,4.5,Unplaced,0.0,Not Converted,-1,"Power BI, Git, SQL, System Design, Communication"
STU11169,22,Male,B.Tech,2025,IIT / NIT Group (Tier 1),Electronics & Communication,NPTEL Cloud Computing & Distributed Systems; Meta Front-End Developer Specialization,IBM; Coursera,2,InnovateTech Startup,Product & Business Analytics,3,1,Both (Hybrid),69,72,7.5,Placed,16.72,On-Campus / Off-Campus Placement,64,"Power BI, Docker, Communication, AWS, System Design, SQL, Machine Learning, Problem Solving, Kubernetes"
STU11170,22,Male,B.Tech,2026,City Engineering College (Tier 3),Computer Science & Engineering,None,None,0,CyberGuard Analytics,Data Science & Analytics,19,3,Internship Only,100,47,10.0,Placed,20.32,Direct PPO (Pre-Placement Offer),5,"System Design, Docker, Kubernetes, React, Data Analysis, Communication, Python, AWS, Problem Solving, Git"
STU11171,25,Male,BCA,2023,Apex Institute of Technology (Tier 2),Computer Science & Engineering,NPTEL Cloud Computing & Distributed Systems; Microsoft Certified: Azure Developer,Coursera; Microsoft Azure,2,Infosys Center,Product & Business Analytics,2,1,Both (Hybrid),53,70,6.6,Placed,9.44,Internship Conversion,68,"Problem Solving, React, Machine Learning, Data Analysis, System Design, Power BI, Docker, Communication, Java"
STU11172,22,Female,B.Tech,2024,Regional Tech Institute (Tier 3),Computer Science & Engineering,Microsoft Certified: Azure Developer; Google Professional Data Engineer; Certified Information Systems Security Professional (CISSP),Coursera; Microsoft Azure; Google Cloud,3,Microsoft Tech,Software Engineering,14,3,Both (Hybrid),100,77,10.0,Placed,18.3,On-Campus / Off-Campus Placement,5,"Kubernetes, Data Analysis, System Design, Problem Solving, Java, Power BI, Git, Python, Machine Learning, Communication"
STU11173,22,Male,B.Sc (CS/IT),2024,Apex Institute of Technology (Tier 2),Computer Science & Engineering,IBM Data Science Professional; Microsoft Certified: Azure Developer; Coursera Machine Learning Specialization,Meta; NPTEL; Udemy,4,DataMetrics Labs,Artificial Intelligence / ML,14,3,Both (Hybrid),100,95,10.0,Placed,23.41,Direct PPO (Pre-Placement Offer),5,"Data Analysis, Kubernetes, Tableau, Machine Learning, Python, Java, Power BI, System Design, Problem Solving, Git"
STU11174,22,Female,BCA,2023,Regional Tech Institute (Tier 3),Cyber Security,Coursera Machine Learning Specialization; Certified Information Systems Security Professional (CISSP); Meta Front-End Developer Specialization,NPTEL; Meta; Microsoft Azure,5,Google India,Cloud & DevOps,6,1,Both (Hybrid),71,100,8.5,Placed,13.59,On-Campus / Off-Campus Placement,22,"System Design, Java, Python, Problem Solving, SQL, Git, React, AWS, Communication, Kubernetes"
STU11175,22,Male,BCA,2024,Apex Institute of Technology (Tier 2),Data Science & Artificial Intelligence,NPTEL Cloud Computing & Distributed Systems,Google Cloud,1,DataMetrics Labs,Product & Business Analytics,6,1,Both (Hybrid),68,59,8.1,Placed,12.08,Internship Conversion,89,"Machine Learning, Git, AWS, System Design, Python, Data Analysis, Docker"
STU11176,23,Male,BCA,2023,Apex Institute of Technology (Tier 2),Data Science & Artificial Intelligence,TensorFlow Developer Certificate; Meta Front-End Developer Specialization,NPTEL; Microsoft Azure,2,Google India,Cyber Security,15,2,Both (Hybrid),100,68,10.0,Placed,20.59,Direct PPO (Pre-Placement Offer),6,"SQL, Git, Docker, AWS, Problem Solving, Power BI, Data Analysis, Java, Python, Communication"
STU11177,21,Male,B.Tech,2025,Regional Tech Institute (Tier 3),Business Analytics,Google Professional Data Engineer,NPTEL,1,Google India,Artificial Intelligence / ML,14,3,Both (Hybrid),100,44,10.0,Placed,19.43,Direct PPO (Pre-Placement Offer),5,"Docker, React, Communication, Python, SQL, Machine Learning, Problem Solving, Git, Tableau, AWS"
STU11178,23,Female,B.Tech,2025,Apex Institute of Technology (Tier 2),Data Science & Artificial Intelligence,TensorFlow Developer Certificate; NPTEL Cloud Computing & Distributed Systems,Google Cloud; IBM,2,Infosys Center,Software Engineering,3,2,Both (Hybrid),81,65,8.7,Placed,14.11,On-Campus / Off-Campus Placement,49,"Machine Learning, Problem Solving, Git, Tableau, Java, Python, AWS, Kubernetes, React, Communication"
STU11179,22,Male,B.Tech,2023,IIT / NIT Group (Tier 1),Computer Science & Engineering,None,None,0,None,None,0,0,Neither,47,45,4.8,Placed,9.2,On-Campus / Off-Campus Placement,145,"Communication, Tableau"
STU11180,25,Female,BCA,2023,Apex Institute of Technology (Tier 2),Business Analytics,TensorFlow Developer Certificate; Docker & Kubernetes Developer Cert; IBM Data Science Professional,Google Cloud; Udemy; NPTEL,3,Deloitte Consulting,Cyber Security,15,2,Both (Hybrid),100,78,10.0,Placed,19.35,Direct PPO (Pre-Placement Offer),5,"Power BI, Python, Communication, Java, Machine Learning, Data Analysis, System Design, Kubernetes, Tableau, Git"
STU11181,22,Male,B.Tech,2025,City Engineering College (Tier 3),Electronics & Communication,IBM Data Science Professional; NPTEL Cloud Computing & Distributed Systems; Docker & Kubernetes Developer Cert,IBM; NPTEL; Microsoft Azure,4,DataMetrics Labs,Cloud & DevOps,4,3,Both (Hybrid),95,78,10.0,Placed,13.76,Internship Conversion,5,"Communication, Kubernetes, System Design, React, Python, Machine Learning, Data Analysis, Power BI, Docker, SQL"
STU11182,22,Female,B.Tech,2023,Apex Institute of Technology (Tier 2),Electronics & Communication,Certified Information Systems Security Professional (CISSP),Udemy,1,DataMetrics Labs,Software Engineering,6,1,Both (Hybrid),64,56,9.2,Placed,13.3,Direct PPO (Pre-Placement Offer),41,"Python, Problem Solving, Data Analysis, Kubernetes, System Design, React"
STU11183,24,Male,MBA (Tech & Analytics),2025,Apex Institute of Technology (Tier 2),Data Science & Artificial Intelligence,Docker & Kubernetes Developer Cert,Udemy,1,Amazon AWS,Product & Business Analytics,7,2,Both (Hybrid),95,61,10.0,Placed,15.47,Direct PPO (Pre-Placement Offer),57,"Java, Problem Solving, System Design, Data Analysis, Tableau, Communication, SQL, Python, Machine Learning, AWS"
STU11184,21,Female,B.Tech,2024,Apex Institute of Technology (Tier 2),Electronics & Communication,None,None,0,CyberGuard Analytics,Cyber Security,2,1,Internship Only,64,29,6.6,Placed,7.82,On-Campus / Off-Campus Placement,88,"Problem Solving, AWS, Tableau, Java, Python, Docker"
STU11185,24,Female,B.Sc (CS/IT),2025,Regional Tech Institute (Tier 3),Computer Science & Engineering,NPTEL Cloud Computing & Distributed Systems; Meta Front-End Developer Specialization,Coursera; IBM,2,None,None,0,0,Certification Only,31,68,4.9,Placed,5.28,On-Campus / Off-Campus Placement,96,"Power BI, Docker, SQL, System Design, Tableau, Machine Learning, Kubernetes"
STU11186,23,Female,B.Sc (CS/IT),2024,IIT / NIT Group (Tier 1),Data Science & Artificial Intelligence,Coursera Machine Learning Specialization,Coursera,1,CyberGuard Analytics,Data Science & Analytics,3,1,Both (Hybrid),67,55,8.1,Placed,15.63,Internship Conversion,46,"React, Power BI, Data Analysis, Communication, Problem Solving, Kubernetes, Machine Learning"
STU11187,21,Male,B.Tech,2023,Apex Institute of Technology (Tier 2),Cyber Security,AWS Certified Solutions Architect; TensorFlow Developer Certificate; NPTEL Cloud Computing & Distributed Systems,NPTEL; Meta; Udemy,4,None,None,0,0,Certification Only,42,100,5.2,Placed,8.94,On-Campus / Off-Campus Placement,85,"React, Communication, Power BI, Problem Solving, SQL, Python, Tableau, Data Analysis, System Design, Docker"
STU11188,22,Male,B.Tech,2024,State Tech University (Tier 2),Computer Science & Engineering,Microsoft Certified: Azure Developer; TensorFlow Developer Certificate,Meta; Microsoft Azure,2,FinTech Solutions,Data Science & Analytics,3,2,Both (Hybrid),86,55,8.8,Placed,15.16,Internship Conversion,32,"Communication, Machine Learning, AWS, Data Analysis, Docker, Python, System Design, Java, Power BI, SQL"
STU11189,23,Male,B.Tech,2023,Apex Institute of Technology (Tier 2),Electronics & Communication,Google Professional Data Engineer; Meta Front-End Developer Specialization,NPTEL; Microsoft Azure,2,Amazon AWS,Product & Business Analytics,6,1,Both (Hybrid),81,68,8.2,Placed,12.59,On-Campus / Off-Campus Placement,36,"React, Git, Kubernetes, Docker, Communication, AWS, Java, Tableau, Data Analysis"
STU11190,21,Female,BCA,2024,Apex Institute of Technology (Tier 2),Data Science & Artificial Intelligence,Coursera Machine Learning Specialization; IBM Data Science Professional,IBM; Udemy,2,None,None,0,0,Certification Only,36,73,4.9,Placed,10.62,On-Campus / Off-Campus Placement,120,"Power BI, Python, Tableau, Communication, SQL, System Design"
STU11191,22,Female,BCA,2025,BITS & Top National Inst (Tier 1),Computer Science & Engineering,None,None,0,None,None,0,0,Neither,43,58,4.5,Unplaced,0.0,Not Converted,-1,"Machine Learning, Power BI, SQL"
STU11192,22,Female,B.Sc (CS/IT),2024,BITS & Top National Inst (Tier 1),Electronics & Communication,Coursera Machine Learning Specialization; Microsoft Certified: Azure Developer; Meta Front-End Developer Specialization,Meta; Google Cloud; Microsoft Azure,4,InnovateTech Startup,Data Science & Analytics,2,1,Both (Hybrid),65,91,8.6,Placed,17.28,Internship Conversion,66,"Power BI, React, Kubernetes, Data Analysis, SQL, Problem Solving, Machine Learning, Tableau, Communication, Java"
STU11193,22,Male,MBA (Tech & Analytics),2023,Apex Institute of Technology (Tier 2),Computer Science & Engineering,Google Professional Data Engineer; Coursera Machine Learning Specialization,Coursera; Google Cloud,2,TCS Innovation Labs,Artificial Intelligence / ML,2,2,Both (Hybrid),81,79,8.3,Placed,15.38,On-Campus / Off-Campus Placement,22,"Problem Solving, React, Communication, Git, Kubernetes, Machine Learning, System Design, Python, Data Analysis, Java"
STU11194,21,Male,BCA,2025,BITS & Top National Inst (Tier 1),Information Technology,TensorFlow Developer Certificate; Docker & Kubernetes Developer Cert; Certified Information Systems Security Professional (CISSP),Coursera; AWS; Meta,5,None,None,0,0,Certification Only,46,100,6.4,Placed,12.97,On-Campus / Off-Campus Placement,64,"Java, AWS, SQL, React, Git, Python, Docker, Data Analysis, Kubernetes, System Design"
STU11195,24,Male,B.Tech,2025,State Tech University (Tier 2),Computer Science & Engineering,NPTEL Cloud Computing & Distributed Systems; Certified Information Systems Security Professional (CISSP),Coursera; NPTEL,2,None,None,0,0,Certification Only,48,71,4.3,Placed,7.03,On-Campus / Off-Campus Placement,136,"React, Problem Solving, Machine Learning, System Design, SQL, Power BI, Git"
STU11196,25,Female,B.Tech,2026,City Engineering College (Tier 3),Business Analytics,IBM Data Science Professional; TensorFlow Developer Certificate,Microsoft Azure; Meta,2,TCS Innovation Labs,Artificial Intelligence / ML,4,3,Both (Hybrid),98,57,9.8,Placed,12.94,On-Campus / Off-Campus Placement,5,"Kubernetes, Problem Solving, Communication, System Design, React, Git, Power BI, AWS, Docker, Machine Learning"
STU11197,25,Female,B.Sc (CS/IT),2025,State Tech University (Tier 2),Computer Science & Engineering,None,None,0,Infosys Center,Artificial Intelligence / ML,3,1,Internship Only,55,43,6.6,Placed,11.23,On-Campus / Off-Campus Placement,61,"Power BI, Communication, Python, Java"
STU11198,23,Female,B.Tech,2024,State Tech University (Tier 2),Computer Science & Engineering,Google Professional Data Engineer; NPTEL Cloud Computing & Distributed Systems,NPTEL; AWS,2,InnovateTech Startup,Product & Business Analytics,2,1,Both (Hybrid),61,69,6.5,Placed,10.81,Internship Conversion,66,"Python, Git, Problem Solving, Communication, Docker, Kubernetes, SQL, React"
STU11199,21,Male,B.Tech,2025,Regional Tech Institute (Tier 3),Computer Science & Engineering,NPTEL Cloud Computing & Distributed Systems; Microsoft Certified: Azure Developer; TensorFlow Developer Certificate,NPTEL; AWS; Coursera,3,CyberGuard Analytics,Software Engineering,12,1,Both (Hybrid),84,68,9.1,Placed,15.85,Direct PPO (Pre-Placement Offer),42,"Git, Docker, Problem Solving, Machine Learning, Kubernetes, Python, Java, React, AWS, Tableau"
STU11200,23,Female,B.Sc (CS/IT),2026,BITS & Top National Inst (Tier 1),Business Analytics,IBM Data Science Professional; Google Professional Data Engineer; TensorFlow Developer Certificate,Microsoft Azure; Google Cloud; IBM,3,Microsoft Tech,Artificial Intelligence / ML,3,1,Both (Hybrid),70,100,7.2,Placed,14.78,Internship Conversion,70,"Java, Data Analysis, System Design, Problem Solving, Power BI, Git, Kubernetes, Docker, Communication, SQL"
STU11201,21,Female,B.Tech,2025,State Tech University (Tier 2),Information Technology,Certified Information Systems Security Professional (CISSP); Docker & Kubernetes Developer Cert; Meta Front-End Developer Specialization,IBM; NPTEL; AWS,3,None,None,0,0,Certification Only,29,93,6.6,Placed,9.99,On-Campus / Off-Campus Placement,79,"Communication, Git, Docker, Kubernetes, React, Tableau, Data Analysis"
STU11202,21,Male,M.Tech,2024,Apex Institute of Technology (Tier 2),Information Technology,Microsoft Certified: Azure Developer,Udemy,1,Microsoft Tech,Cloud & DevOps,3,1,Both (Hybrid),53,67,7.0,Placed,9.71,Internship Conversion,69,"Communication, Power BI, Kubernetes, AWS, SQL, Problem Solving, React, Git"
STU11203,22,Female,BCA,2024,Apex Institute of Technology (Tier 2),Data Science & Artificial Intelligence,Meta Front-End Developer Specialization; TensorFlow Developer Certificate; Microsoft Certified: Azure Developer,Google Cloud; Coursera; Udemy,5,InnovateTech Startup,Data Science & Analytics,2,1,Both (Hybrid),64,100,8.5,Placed,13.82,Internship Conversion,40,"Machine Learning, Git, Java, AWS, System Design, Power BI, Problem Solving, Tableau, Docker, React"
STU11204,22,Female,B.Tech,2024,City Engineering College (Tier 3),Data Science & Artificial Intelligence,Google Professional Data Engineer; Microsoft Certified: Azure Developer; IBM Data Science Professional,Coursera; Udemy; Google Cloud,5,Google India,Artificial Intelligence / ML,3,1,Both (Hybrid),56,100,8.2,Placed,12.95,On-Campus / Off-Campus Placement,38,"Data Analysis, Docker, System Design, SQL, Machine Learning, Tableau, Git, Python, Power BI, React"
STU11205,23,Female,MBA (Tech & Analytics),2025,City Engineering College (Tier 3),Computer Science & Engineering,None,None,0,Microsoft Tech,Cyber Security,3,2,Internship Only,66,47,7.3,Placed,10.03,Internship Conversion,44,"Kubernetes, React, Communication, Docker, Power BI, Data Analysis, Problem Solving, Python, SQL"
STU11206,23,Female,B.Tech,2025,Apex Institute of Technology (Tier 2),Data Science & Artificial Intelligence,NPTEL Cloud Computing & Distributed Systems; Coursera Machine Learning Specialization; Google Professional Data Engineer,AWS; NPTEL; Google Cloud,4,Microsoft Tech,Cyber Security,2,1,Both (Hybrid),53,100,8.4,Placed,13.26,On-Campus / Off-Campus Placement,39,"React, Git, Problem Solving, Tableau, Data Analysis, Python, Power BI, Communication, System Design, AWS"
STU11207,22,Male,B.Tech,2025,BITS & Top National Inst (Tier 1),Computer Science & Engineering,Coursera Machine Learning Specialization,Google Cloud,1,None,None,0,0,Certification Only,50,64,5.7,Unplaced,0.0,Not Converted,-1,"Git, Python, Machine Learning, Tableau"
STU11208,22,Male,B.Tech,2023,IIT / NIT Group (Tier 1),Cyber Security,NPTEL Cloud Computing & Distributed Systems; Meta Front-End Developer Specialization,IBM; Meta,2,InnovateTech Startup,Data Science & Analytics,2,2,Both (Hybrid),77,80,9.2,Placed,18.35,Internship Conversion,53,"System Design, Power BI, Machine Learning, SQL, Communication, Data Analysis, Git, Problem Solving, React, Tableau"
STU11209,25,Female,B.Tech,2025,State Tech University (Tier 2),Electronics & Communication,AWS Certified Solutions Architect,AWS,1,CyberGuard Analytics,Cyber Security,3,1,Both (Hybrid),68,49,7.4,Placed,12.61,On-Campus / Off-Campus Placement,89,"Python, Tableau, Problem Solving, Communication, Machine Learning, React, System Design, SQL"
STU11210,22,Male,B.Tech,2025,BITS & Top National Inst (Tier 1),Data Science & Artificial Intelligence,AWS Certified Solutions Architect; Coursera Machine Learning Specialization; Meta Front-End Developer Specialization,Google Cloud; NPTEL; Udemy,4,DataMetrics Labs,Data Science & Analytics,4,3,Both (Hybrid),100,94,10.0,Placed,21.9,On-Campus / Off-Campus Placement,5,"Data Analysis, Docker, Machine Learning, Kubernetes, Java, System Design, Git, AWS, Power BI, Problem Solving"
STU11211,22,Female,B.Tech,2024,Apex Institute of Technology (Tier 2),Computer Science & Engineering,None,None,0,Amazon AWS,Cyber Security,3,2,Internship Only,82,42,7.5,Placed,12.67,On-Campus / Off-Campus Placement,77,"Power BI, Tableau, Data Analysis, React, Kubernetes, Communication, System Design, Machine Learning"
STU11212,21,Female,B.Tech,2025,Apex Institute of Technology (Tier 2),Electronics & Communication,NPTEL Cloud Computing & Distributed Systems,Udemy,1,None,None,0,0,Certification Only,41,62,4.4,Unplaced,0.0,Not Converted,-1,"React, Java, Power BI, Git"
STU11213,23,Female,B.Tech,2024,IIT / NIT Group (Tier 1),Computer Science & Engineering,Microsoft Certified: Azure Developer,AWS,1,TCS Innovation Labs,Cyber Security,14,3,Both (Hybrid),100,68,10.0,Placed,23.18,On-Campus / Off-Campus Placement,5,"Communication, Problem Solving, React, Tableau, Docker, Python, System Design, SQL, Kubernetes, Java"
STU11214,23,Non-Binary,B.Sc (CS/IT),2026,City Engineering College (Tier 3),Computer Science & Engineering,Google Professional Data Engineer,IBM,1,Infosys Center,Cyber Security,3,2,Both (Hybrid),66,51,8.0,Placed,11.51,On-Campus / Off-Campus Placement,16,"Power BI, React, Java, Python, System Design, Kubernetes, AWS, Communication, Machine Learning"
STU11215,21,Male,B.Sc (CS/IT),2025,BITS & Top National Inst (Tier 1),Computer Science & Engineering,TensorFlow Developer Certificate; Coursera Machine Learning Specialization,Google Cloud; IBM,2,Microsoft Tech,Software Engineering,4,3,Both (Hybrid),100,80,10.0,Placed,19.88,On-Campus / Off-Campus Placement,5,"Java, Git, Docker, React, Python, Tableau, Power BI, Machine Learning, Problem Solving, Communication"
STU11216,21,Male,B.Tech,2025,State Tech University (Tier 2),Data Science & Artificial Intelligence,None,None,0,Amazon AWS,Cloud & DevOps,3,2,Internship Only,80,59,7.0,Placed,10.93,On-Campus / Off-Campus Placement,50,"AWS, System Design, Communication, Tableau, Python, Problem Solving, Data Analysis, SQL"
STU11217,23,Male,B.Tech,2025,Apex Institute of Technology (Tier 2),Electronics & Communication,Coursera Machine Learning Specialization; TensorFlow Developer Certificate,Udemy; Coursera,2,Amazon AWS,Cloud & DevOps,3,3,Both (Hybrid),96,81,10.0,Placed,16.9,On-Campus / Off-Campus Placement,11,"Problem Solving, Kubernetes, SQL, Git, React, Python, AWS, Data Analysis, System Design, Docker"
STU11218,23,Male,B.Tech,2026,State Tech University (Tier 2),Computer Science & Engineering,NPTEL Cloud Computing & Distributed Systems; IBM Data Science Professional; Meta Front-End Developer Specialization,IBM; Coursera; Udemy,5,DataMetrics Labs,Product & Business Analytics,2,2,Both (Hybrid),82,100,8.7,Placed,17.19,On-Campus / Off-Campus Placement,29,"Power BI, Docker, React, SQL, Kubernetes, Data Analysis, Python, Machine Learning, Tableau, AWS"
STU11219,22,Male,B.Tech,2024,State Tech University (Tier 2),Computer Science & Engineering,Meta Front-End Developer Specialization; NPTEL Cloud Computing & Distributed Systems; TensorFlow Developer Certificate,IBM; AWS; NPTEL,3,CyberGuard Analytics,Cyber Security,2,2,Both (Hybrid),82,86,8.8,Placed,14.54,On-Campus / Off-Campus Placement,22,"Kubernetes, Data Analysis, System Design, React, Docker, Power BI, Communication, Java, Tableau, Git"
STU11220,25,Male,B.Sc (CS/IT),2024,IIT / NIT Group (Tier 1),Data Science & Artificial Intelligence,Coursera Machine Learning Specialization; TensorFlow Developer Certificate; Meta Front-End Developer Specialization,Microsoft Azure; Udemy; IBM,3,DataMetrics Labs,Cyber Security,3,1,Both (Hybrid),79,93,8.2,Placed,15.0,On-Campus / Off-Campus Placement,26,"Git, Docker, System Design, SQL, Machine Learning, React, Data Analysis, Communication, Python, Power BI"
STU11221,21,Female,B.Sc (CS/IT),2025,State Tech University (Tier 2),Information Technology,Meta Front-End Developer Specialization,NPTEL,1,Deloitte Consulting,Cloud & DevOps,14,3,Both (Hybrid),100,59,10.0,Placed,20.26,Direct PPO (Pre-Placement Offer),5,"React, Communication, Docker, Git, Power BI, Python, Kubernetes, Tableau, Problem Solving, SQL"
STU11222,22,Female,B.Tech,2024,Apex Institute of Technology (Tier 2),Computer Science & Engineering,Certified Information Systems Security Professional (CISSP),Microsoft Azure,1,InnovateTech Startup,Data Science & Analytics,3,1,Both (Hybrid),77,64,7.5,Placed,12.78,Internship Conversion,70,"Data Analysis, Kubernetes, Communication, Problem Solving, React, Python, Git, AWS"
STU11223,24,Male,B.Tech,2024,City Engineering College (Tier 3),Computer Science & Engineering,Certified Information Systems Security Professional (CISSP); TensorFlow Developer Certificate,Udemy; NPTEL,2,TCS Innovation Labs,Data Science & Analytics,15,2,Both (Hybrid),100,69,10.0,Placed,15.71,Direct PPO (Pre-Placement Offer),5,"Java, Communication, Data Analysis, Kubernetes, Docker, AWS, Machine Learning, Problem Solving, System Design, Python"
STU11224,22,Male,B.Tech,2026,State Tech University (Tier 2),Business Analytics,None,None,0,DataMetrics Labs,Product & Business Analytics,3,3,Internship Only,100,56,10.0,Placed,15.04,On-Campus / Off-Campus Placement,5,"Tableau, Docker, Machine Learning, Problem Solving, Kubernetes, System Design, Data Analysis, Java, SQL, Power BI"
STU11225,22,Female,BCA,2025,State Tech University (Tier 2),Cyber Security,AWS Certified Solutions Architect; NPTEL Cloud Computing & Distributed Systems; TensorFlow Developer Certificate,Meta; NPTEL; AWS,4,Google India,Cyber Security,2,1,Both (Hybrid),62,93,8.5,Placed,11.7,On-Campus / Off-Campus Placement,53,"Communication, SQL, AWS, Problem Solving, Python, Git, Tableau, Machine Learning, Data Analysis, React"
STU11226,22,Male,B.Tech,2024,Apex Institute of Technology (Tier 2),Cyber Security,None,None,0,None,None,0,0,Neither,46,46,4.0,Unplaced,0.0,Not Converted,-1,"Problem Solving, Power BI, Machine Learning"
STU11227,22,Male,MBA (Tech & Analytics),2024,Regional Tech Institute (Tier 3),Electronics & Communication,Coursera Machine Learning Specialization; Meta Front-End Developer Specialization; Certified Information Systems Security Professional (CISSP),Microsoft Azure; NPTEL; Google Cloud,4,None,None,0,0,Certification Only,24,81,5.7,Placed,8.06,On-Campus / Off-Campus Placement,113,"Problem Solving, Git, System Design, Tableau, Java, Docker, Kubernetes, React, Power BI"
STU11228,25,Male,B.Sc (CS/IT),2024,State Tech University (Tier 2),Computer Science & Engineering,None,None,0,Microsoft Tech,Artificial Intelligence / ML,3,3,Internship Only,100,51,9.0,Placed,13.77,On-Campus / Off-Campus Placement,48,"System Design, Java, Kubernetes, SQL, Docker, Machine Learning, Git, React, Problem Solving, AWS"
STU11229,22,Female,B.Tech,2024,State Tech University (Tier 2),Computer Science & Engineering,Google Professional Data Engineer; Microsoft Certified: Azure Developer; NPTEL Cloud Computing & Distributed Systems,Udemy; NPTEL; Google Cloud,3,InnovateTech Startup,Software Engineering,3,2,Both (Hybrid),86,84,9.2,Placed,14.09,On-Campus / Off-Campus Placement,24,"AWS, SQL, Java, Data Analysis, Docker, Kubernetes, Tableau, React, Python, Communication"
STU11230,24,Male,BCA,2023,Apex Institute of Technology (Tier 2),Computer Science & Engineering,None,None,0,DataMetrics Labs,Cloud & DevOps,6,1,Internship Only,73,43,7.3,Placed,11.93,Direct PPO (Pre-Placement Offer),63,"Tableau, Git, Communication, React, Power BI"
STU11231,21,Female,M.Tech,2025,Apex Institute of Technology (Tier 2),Computer Science & Engineering,None,None,0,DataMetrics Labs,Software Engineering,4,3,Internship Only,84,51,10.0,Placed,17.21,On-Campus / Off-Campus Placement,5,"Communication, AWS, Machine Learning, Docker, Git, React, SQL, Power BI, Java, Problem Solving"
STU11232,21,Male,BCA,2024,IIT / NIT Group (Tier 1),Cyber Security,IBM Data Science Professional; TensorFlow Developer Certificate,Google Cloud; Coursera,2,None,None,0,0,Certification Only,44,86,5.4,Unplaced,0.0,Not Converted,-1,"SQL, Power BI, Java, Kubernetes, Communication, Problem Solving"
STU11233,21,Male,B.Tech,2024,Apex Institute of Technology (Tier 2),Electronics & Communication,IBM Data Science Professional,Meta,1,None,None,0,0,Certification Only,39,66,4.2,Unplaced,0.0,Not Converted,-1,"Power BI, Java, AWS, React, Communication"
STU11234,23,Male,B.Tech,2024,BITS & Top National Inst (Tier 1),Information Technology,Certified Information Systems Security Professional (CISSP); Google Professional Data Engineer,Microsoft Azure; Coursera,2,Google India,Product & Business Analytics,2,1,Both (Hybrid),66,82,7.9,Placed,14.61,On-Campus / Off-Campus Placement,50,"Java, Power BI, SQL, Python, Machine Learning, Problem Solving, React, System Design, Docker, Kubernetes"
STU11235,22,Male,B.Sc (CS/IT),2026,State Tech University (Tier 2),Computer Science & Engineering,TensorFlow Developer Certificate; Google Professional Data Engineer,Meta; IBM,2,TCS Innovation Labs,Data Science & Analytics,9,1,Both (Hybrid),82,67,8.3,Placed,14.13,On-Campus / Off-Campus Placement,25,"Java, Git, Docker, AWS, Power BI, Tableau, Machine Learning, Python"
STU11236,24,Female,BCA,2024,State Tech University (Tier 2),Business Analytics,None,None,0,InnovateTech Startup,Data Science & Analytics,9,1,Internship Only,76,59,8.2,Placed,15.66,Direct PPO (Pre-Placement Offer),39,"Problem Solving, AWS, Power BI, Communication, Python, Machine Learning"
STU11237,22,Female,BCA,2023,City Engineering College (Tier 3),Electronics & Communication,Coursera Machine Learning Specialization; Docker & Kubernetes Developer Cert; Certified Information Systems Security Professional (CISSP),Microsoft Azure; Google Cloud; Meta,4,Google India,Artificial Intelligence / ML,7,2,Both (Hybrid),82,93,9.7,Placed,14.74,Direct PPO (Pre-Placement Offer),6,"React, Tableau, Machine Learning, Power BI, Data Analysis, Python, Docker, Java, Git, Kubernetes"
STU11238,25,Female,M.Tech,2023,State Tech University (Tier 2),Computer Science & Engineering,Certified Information Systems Security Professional (CISSP),IBM,1,None,None,0,0,Certification Only,33,52,5.0,Unplaced,0.0,Not Converted,-1,"Java, Communication, Power BI"
STU11239,21,Female,M.Tech,2025,State Tech University (Tier 2),Business Analytics,NPTEL Cloud Computing & Distributed Systems; TensorFlow Developer Certificate,Coursera; IBM,2,FinTech Solutions,Artificial Intelligence / ML,2,2,Both (Hybrid),80,77,9.3,Placed,14.02,On-Campus / Off-Campus Placement,42,"Docker, React, Kubernetes, Tableau, AWS, Communication, Python, SQL, Problem Solving, Power BI"
STU11240,24,Female,M.Tech,2025,BITS & Top National Inst (Tier 1),Computer Science & Engineering,AWS Certified Solutions Architect; Google Professional Data Engineer,NPTEL; IBM,2,Google India,Cyber Security,6,1,Both (Hybrid),82,77,8.1,Placed,15.7,Internship Conversion,64,"Git, Tableau, Docker, System Design, Python, Power BI, Communication, Machine Learning, SQL"
STU11241,23,Female,B.Tech,2024,City Engineering College (Tier 3),Computer Science & Engineering,Meta Front-End Developer Specialization; Microsoft Certified: Azure Developer,Microsoft Azure; NPTEL,2,CyberGuard Analytics,Product & Business Analytics,4,3,Both (Hybrid),100,61,9.3,Placed,12.58,Internship Conversion,5,"Communication, Tableau, Machine Learning, Data Analysis, Kubernetes, AWS, Problem Solving, Power BI, Python, Docker"
STU11242,23,Female,BCA,2024,BITS & Top National Inst (Tier 1),Information Technology,Microsoft Certified: Azure Developer,Google Cloud,1,Amazon AWS,Cloud & DevOps,7,2,Both (Hybrid),94,70,10.0,Placed,18.4,Direct PPO (Pre-Placement Offer),20,"Python, Git, Java, Communication, Kubernetes, SQL, React, Machine Learning, AWS"
STU11243,23,Male,B.Sc (CS/IT),2023,State Tech University (Tier 2),Information Technology,Docker & Kubernetes Developer Cert,AWS,1,TCS Innovation Labs,Cloud & DevOps,3,1,Both (Hybrid),72,80,6.5,Placed,12.77,On-Campus / Off-Campus Placement,79,"Tableau, Docker, System Design, Power BI, Machine Learning, AWS"
STU11244,23,Male,B.Sc (CS/IT),2025,BITS & Top National Inst (Tier 1),Computer Science & Engineering,Meta Front-End Developer Specialization; TensorFlow Developer Certificate,IBM; Coursera,2,None,None,0,0,Certification Only,47,83,5.5,Placed,11.12,On-Campus / Off-Campus Placement,109,"Python, Problem Solving, Power BI, System Design, Git, Machine Learning, Data Analysis"
STU11245,22,Male,BCA,2025,Apex Institute of Technology (Tier 2),Computer Science & Engineering,Google Professional Data Engineer,Udemy,1,Microsoft Tech,Software Engineering,9,3,Both (Hybrid),100,66,10.0,Placed,19.71,Direct PPO (Pre-Placement Offer),5,"AWS, Problem Solving, Tableau, Kubernetes, Java, Git, System Design, Machine Learning, Data Analysis, Python"
STU11246,21,Female,B.Tech,2023,State Tech University (Tier 2),Cyber Security,NPTEL Cloud Computing & Distributed Systems,Udemy,1,None,None,0,0,Certification Only,32,58,3.2,Unplaced,0.0,Not Converted,-1,"Problem Solving, Java, Docker"
STU11247,21,Male,B.Sc (CS/IT),2023,State Tech University (Tier 2),Information Technology,Coursera Machine Learning Specialization; TensorFlow Developer Certificate,Google Cloud; Coursera,2,None,None,0,0,Certification Only,34,81,5.2,Placed,6.45,On-Campus / Off-Campus Placement,92,"Communication, SQL, Problem Solving, Machine Learning, Kubernetes, Data Analysis, Java"
STU11248,24,Male,B.Sc (CS/IT),2023,State Tech University (Tier 2),Information Technology,NPTEL Cloud Computing & Distributed Systems; Docker & Kubernetes Developer Cert,Udemy; Google Cloud,2,None,None,0,0,Certification Only,36,75,4.9,Placed,7.37,On-Campus / Off-Campus Placement,129,"React, Power BI, Git, Machine Learning, Docker"
STU11249,22,Female,B.Tech,2023,City Engineering College (Tier 3),Computer Science & Engineering,None,None,0,FinTech Solutions,Artificial Intelligence / ML,14,3,Internship Only,100,46,10.0,Placed,18.97,On-Campus / Off-Campus Placement,5,"Data Analysis, Git, Java, Machine Learning, Docker, SQL, AWS, Tableau, Power BI, Python"
STU11250,23,Female,B.Tech,2025,Apex Institute of Technology (Tier 2),Computer Science & Engineering,NPTEL Cloud Computing & Distributed Systems,Udemy,1,TCS Innovation Labs,Cloud & DevOps,2,2,Both (Hybrid),82,59,7.7,Placed,12.97,On-Campus / Off-Campus Placement,48,"Java, AWS, Python, System Design, Kubernetes, Docker, Problem Solving, Git, Power BI, Data Analysis"
STU11251,22,Female,B.Tech,2023,Apex Institute of Technology (Tier 2),Computer Science & Engineering,Coursera Machine Learning Specialization,NPTEL,1,Google India,Software Engineering,9,3,Both (Hybrid),100,66,10.0,Placed,16.99,Direct PPO (Pre-Placement Offer),5,"Communication, Tableau, Kubernetes, Python, Machine Learning, Power BI, Java, React, System Design, SQL"
STU11252,21,Male,B.Tech,2024,City Engineering College (Tier 3),Computer Science & Engineering,None,None,0,Google India,Cyber Security,3,2,Internship Only,67,47,7.4,Placed,10.64,On-Campus / Off-Campus Placement,43,"Power BI, SQL, Java, Communication, AWS, Data Analysis, Problem Solving, System Design, Kubernetes"
STU11253,21,Female,B.Tech,2023,City Engineering College (Tier 3),Computer Science & Engineering,Docker & Kubernetes Developer Cert,Udemy,1,None,None,0,0,Certification Only,20,65,3.2,Unplaced,0.0,Not Converted,-1,"Python, Java, React, Data Analysis"
STU11254,23,Male,B.Tech,2026,State Tech University (Tier 2),Computer Science & Engineering,None,None,0,InnovateTech Startup,Product & Business Analytics,4,3,Internship Only,100,44,9.7,Placed,16.02,Internship Conversion,34,"Docker, Problem Solving, Git, Data Analysis, Power BI, Communication, Python, Machine Learning, React, SQL"
STU11255,22,Male,BCA,2026,Regional Tech Institute (Tier 3),Data Science & Artificial Intelligence,Meta Front-End Developer Specialization; Microsoft Certified: Azure Developer; Google Professional Data Engineer,IBM; Coursera; Microsoft Azure,5,TCS Innovation Labs,Software Engineering,6,1,Both (Hybrid),72,100,8.6,Placed,11.58,Direct PPO (Pre-Placement Offer),41,"Problem Solving, Data Analysis, React, Java, Git, Machine Learning, System Design, Docker, Python, Communication"
STU11256,21,Male,BCA,2024,IIT / NIT Group (Tier 1),Computer Science & Engineering,IBM Data Science Professional; Docker & Kubernetes Developer Cert,NPTEL; Microsoft Azure,2,FinTech Solutions,Artificial Intelligence / ML,3,1,Both (Hybrid),74,74,7.2,Placed,16.05,On-Campus / Off-Campus Placement,43,"SQL, Python, Docker, Machine Learning, Git, Kubernetes, React, Power BI"
STU11257,22,Male,BCA,2024,State Tech University (Tier 2),Electronics & Communication,None,None,0,FinTech Solutions,Product & Business Analytics,6,1,Internship Only,68,45,6.7,Placed,11.46,On-Campus / Off-Campus Placement,28,"Docker, System Design, React, Machine Learning, Communication"
STU11258,21,Male,B.Sc (CS/IT),2024,City Engineering College (Tier 3),Computer Science & Engineering,None,None,0,Deloitte Consulting,Software Engineering,3,1,Internship Only,41,35,4.9,Placed,6.57,Internship Conversion,88,"Problem Solving, System Design, Machine Learning, React, Power BI, Kubernetes"
STU11259,22,Female,B.Tech,2024,State Tech University (Tier 2),Data Science & Artificial Intelligence,Microsoft Certified: Azure Developer; TensorFlow Developer Certificate,Google Cloud; Microsoft Azure,2,Google India,Artificial Intelligence / ML,7,2,Both (Hybrid),91,78,9.0,Placed,15.8,Direct PPO (Pre-Placement Offer),41,"Docker, Java, Python, SQL, Communication, Machine Learning, System Design, Data Analysis, Git, Problem Solving"
STU11260,22,Male,B.Tech,2023,State Tech University (Tier 2),Computer Science & Engineering,Docker & Kubernetes Developer Cert,Meta,1,DataMetrics Labs,Cyber Security,3,1,Both (Hybrid),65,65,7.4,Unplaced,0.0,Not Converted,-1,"Data Analysis, Power BI, Machine Learning, React, Kubernetes, Communication"
STU11261,23,Female,M.Tech,2025,State Tech University (Tier 2),Data Science & Artificial Intelligence,Certified Information Systems Security Professional (CISSP); IBM Data Science Professional; Microsoft Certified: Azure Developer,Google Cloud; IBM; Microsoft Azure,3,None,None,0,0,Certification Only,38,71,4.8,Placed,8.08,On-Campus / Off-Campus Placement,94,"Java, Kubernetes, SQL, Data Analysis, System Design, Problem Solving, Tableau"
STU11262,22,Female,B.Tech,2025,Apex Institute of Technology (Tier 2),Computer Science & Engineering,TensorFlow Developer Certificate; Meta Front-End Developer Specialization; Certified Information Systems Security Professional (CISSP),IBM; AWS; Udemy,4,InnovateTech Startup,Product & Business Analytics,2,2,Both (Hybrid),85,92,9.6,Placed,15.5,Internship Conversion,25,"Machine Learning, SQL, Problem Solving, Kubernetes, Docker, Tableau, System Design, Communication, Data Analysis, Python"
STU11263,22,Male,MBA (Tech & Analytics),2026,State Tech University (Tier 2),Cyber Security,TensorFlow Developer Certificate; Google Professional Data Engineer,Udemy; NPTEL,2,Google India,Cloud & DevOps,2,1,Both (Hybrid),53,81,7.7,Placed,10.58,On-Campus / Off-Campus Placement,65,"Python, Data Analysis, Docker, Java, React, Git, SQL, System Design"
STU11264,21,Male,B.Sc (CS/IT),2023,Apex Institute of Technology (Tier 2),Electronics & Communication,None,None,0,None,None,0,0,Neither,35,46,3.9,Unplaced,0.0,Not Converted,-1,"Python, Kubernetes"
STU11265,21,Male,BCA,2025,City Engineering College (Tier 3),Data Science & Artificial Intelligence,Google Professional Data Engineer; Meta Front-End Developer Specialization; Docker & Kubernetes Developer Cert,IBM; AWS; Google Cloud,3,Deloitte Consulting,Software Engineering,3,3,Both (Hybrid),86,76,10.0,Placed,15.03,On-Campus / Off-Campus Placement,5,"Kubernetes, SQL, React, Python, Communication, System Design, AWS, Data Analysis, Docker, Power BI"
STU11266,22,Female,MBA (Tech & Analytics),2025,Apex Institute of Technology (Tier 2),Computer Science & Engineering,Certified Information Systems Security Professional (CISSP); AWS Certified Solutions Architect; IBM Data Science Professional,Google Cloud; Microsoft Azure; IBM,4,InnovateTech Startup,Cloud & DevOps,3,1,Both (Hybrid),59,94,8.4,Placed,15.02,On-Campus / Off-Campus Placement,38,"React, Data Analysis, Python, Problem Solving, System Design, Machine Learning, SQL, Git, Docker, Kubernetes"
STU11267,22,Male,B.Tech,2023,BITS & Top National Inst (Tier 1),Data Science & Artificial Intelligence,Certified Information Systems Security Professional (CISSP); NPTEL Cloud Computing & Distributed Systems,IBM; Coursera,2,InnovateTech Startup,Product & Business Analytics,2,2,Both (Hybrid),92,72,9.2,Placed,15.71,On-Campus / Off-Campus Placement,36,"AWS, Power BI, Docker, Problem Solving, Communication, Tableau, Kubernetes, Java, System Design, Python"
STU11268,22,Male,B.Tech,2024,Regional Tech Institute (Tier 3),Electronics & Communication,IBM Data Science Professional; TensorFlow Developer Certificate,Meta; Udemy,2,TCS Innovation Labs,Data Science & Analytics,2,1,Both (Hybrid),49,60,5.6,Placed,9.41,On-Campus / Off-Campus Placement,59,"Data Analysis, Kubernetes, Python, Java, Tableau, Problem Solving, React, Docker, Communication, Power BI"
STU11269,22,Male,BCA,2023,State Tech University (Tier 2),Computer Science & Engineering,NPTEL Cloud Computing & Distributed Systems,Udemy,1,None,None,0,0,Certification Only,36,55,4.5,Unplaced,0.0,Not Converted,-1,"Machine Learning, Docker, Java, Data Analysis"
STU11270,23,Female,B.Tech,2024,BITS & Top National Inst (Tier 1),Data Science & Artificial Intelligence,TensorFlow Developer Certificate,Google Cloud,1,FinTech Solutions,Cyber Security,3,2,Both (Hybrid),86,66,7.7,Placed,16.03,On-Campus / Off-Campus Placement,50,"Docker, Tableau, React, SQL, AWS, Kubernetes, System Design, Power BI, Git"
STU11271,24,Female,M.Tech,2024,IIT / NIT Group (Tier 1),Electronics & Communication,Microsoft Certified: Azure Developer; TensorFlow Developer Certificate,Udemy; Meta,2,None,None,0,0,Certification Only,40,90,5.5,Placed,9.95,On-Campus / Off-Campus Placement,104,"SQL, AWS, System Design, Data Analysis, React, Communication"
STU11272,23,Male,B.Tech,2025,Apex Institute of Technology (Tier 2),Electronics & Communication,IBM Data Science Professional; NPTEL Cloud Computing & Distributed Systems; Microsoft Certified: Azure Developer,Microsoft Azure; Coursera; IBM,4,Infosys Center,Cloud & DevOps,3,1,Both (Hybrid),62,89,7.6,Placed,15.17,Internship Conversion,56,"System Design, Java, Kubernetes, React, SQL, Python, Machine Learning, Problem Solving, Docker, AWS"
STU11273,21,Female,BCA,2024,IIT / NIT Group (Tier 1),Electronics & Communication,AWS Certified Solutions Architect; Meta Front-End Developer Specialization,NPTEL; Coursera,2,None,None,0,0,Certification Only,41,78,5.6,Placed,10.56,On-Campus / Off-Campus Placement,120,"Tableau, Kubernetes, React, Python, AWS, Git, Machine Learning"
STU11274,22,Female,BCA,2026,BITS & Top National Inst (Tier 1),Business Analytics,NPTEL Cloud Computing & Distributed Systems; IBM Data Science Professional; AWS Certified Solutions Architect,AWS; NPTEL; Meta,3,None,None,0,0,Certification Only,44,78,5.7,Placed,12.21,On-Campus / Off-Campus Placement,114,"AWS, Problem Solving, Git, Docker, System Design, Data Analysis, Tableau, SQL"
STU11275,21,Female,BCA,2023,State Tech University (Tier 2),Business Analytics,None,None,0,Infosys Center,Product & Business Analytics,6,1,Internship Only,69,55,7.5,Placed,10.98,On-Campus / Off-Campus Placement,69,"Communication, AWS, Kubernetes, Problem Solving"
STU11276,21,Female,B.Tech,2026,State Tech University (Tier 2),Data Science & Artificial Intelligence,Docker & Kubernetes Developer Cert,Coursera,1,None,None,0,0,Certification Only,43,65,4.2,Placed,5.71,On-Campus / Off-Campus Placement,93,"Python, Git, Communication"
STU11277,25,Female,B.Tech,2024,Apex Institute of Technology (Tier 2),Data Science & Artificial Intelligence,Microsoft Certified: Azure Developer; Meta Front-End Developer Specialization,Udemy; Google Cloud,2,None,None,0,0,Certification Only,33,77,5.3,Unplaced,0.0,Not Converted,-1,"Communication, System Design, Problem Solving, Power BI, React"
STU11278,21,Female,B.Sc (CS/IT),2025,City Engineering College (Tier 3),Electronics & Communication,None,None,0,Microsoft Tech,Cloud & DevOps,9,3,Internship Only,100,47,10.0,Placed,12.72,Direct PPO (Pre-Placement Offer),5,"SQL, Data Analysis, Problem Solving, Python, System Design, AWS, Git, React, Communication, Tableau"
STU11279,22,Female,B.Tech,2024,Apex Institute of Technology (Tier 2),Information Technology,AWS Certified Solutions Architect; Coursera Machine Learning Specialization,Meta; Google Cloud,2,None,None,0,0,Certification Only,44,80,4.6,Unplaced,0.0,Not Converted,-1,"Tableau, Machine Learning, Git, Power BI, AWS, SQL, Data Analysis"
STU11280,22,Male,B.Sc (CS/IT),2023,State Tech University (Tier 2),Cyber Security,Coursera Machine Learning Specialization,Google Cloud,1,DataMetrics Labs,Product & Business Analytics,3,1,Both (Hybrid),66,56,7.1,Placed,12.18,Internship Conversion,74,"Tableau, System Design, Data Analysis, Java, AWS, Git"
STU11281,23,Male,BCA,2026,BITS & Top National Inst (Tier 1),Computer Science & Engineering,Microsoft Certified: Azure Developer; Certified Information Systems Security Professional (CISSP); Coursera Machine Learning Specialization,Coursera; Microsoft Azure; Udemy,3,FinTech Solutions,Artificial Intelligence / ML,7,2,Both (Hybrid),100,90,10.0,Placed,17.36,Direct PPO (Pre-Placement Offer),5,"Tableau, Git, Docker, System Design, SQL, React, Kubernetes, Machine Learning, Java, Data Analysis"
STU11282,22,Male,B.Sc (CS/IT),2024,Regional Tech Institute (Tier 3),Data Science & Artificial Intelligence,Google Professional Data Engineer; Docker & Kubernetes Developer Cert; Meta Front-End Developer Specialization,Meta; IBM; Coursera,3,FinTech Solutions,Software Engineering,3,2,Both (Hybrid),60,72,8.7,Placed,11.1,Internship Conversion,64,"AWS, System Design, Docker, SQL, Python, Communication, Power BI, Tableau, Kubernetes, Problem Solving"
STU11283,21,Female,B.Sc (CS/IT),2025,IIT / NIT Group (Tier 1),Computer Science & Engineering,Google Professional Data Engineer,IBM,1,None,None,0,0,Certification Only,44,72,5.0,Placed,10.51,On-Campus / Off-Campus Placement,100,"SQL, Power BI, Docker, Data Analysis, Tableau"
STU11284,22,Female,B.Tech,2025,City Engineering College (Tier 3),Computer Science & Engineering,None,None,0,None,None,0,0,Neither,27,48,3.8,Unplaced,0.0,Not Converted,-1,"System Design, Java"
STU11285,22,Male,BCA,2024,BITS & Top National Inst (Tier 1),Computer Science & Engineering,IBM Data Science Professional; Coursera Machine Learning Specialization,AWS; Coursera,2,InnovateTech Startup,Data Science & Analytics,2,1,Both (Hybrid),63,73,7.9,Placed,13.82,On-Campus / Off-Campus Placement,69,"React, Python, AWS, System Design, Docker, Java, Problem Solving, SQL, Tableau, Communication"
STU11286,21,Female,M.Tech,2024,Regional Tech Institute (Tier 3),Information Technology,Coursera Machine Learning Specialization; AWS Certified Solutions Architect; Docker & Kubernetes Developer Cert,Coursera; Microsoft Azure; NPTEL,5,TCS Innovation Labs,Cyber Security,2,1,Both (Hybrid),58,91,7.3,Placed,10.23,On-Campus / Off-Campus Placement,35,"Docker, Kubernetes, Tableau, Communication, Git, Machine Learning, System Design, React, Python, Problem Solving"
STU11287,22,Male,B.Tech,2025,State Tech University (Tier 2),Computer Science & Engineering,Google Professional Data Engineer; Meta Front-End Developer Specialization,Microsoft Azure; Coursera,2,Amazon AWS,Software Engineering,3,1,Both (Hybrid),62,63,7.1,Placed,12.83,On-Campus / Off-Campus Placement,63,"Tableau, SQL, Machine Learning, Python, React, AWS, Data Analysis, Git"
STU11288,21,Male,MBA (Tech & Analytics),2023,State Tech University (Tier 2),Information Technology,None,None,0,None,None,0,0,Neither,38,46,4.6,Placed,6.33,On-Campus / Off-Campus Placement,142,"Communication, Kubernetes"
STU11289,21,Non-Binary,B.Tech,2025,Apex Institute of Technology (Tier 2),Information Technology,None,None,0,Google India,Product & Business Analytics,6,1,Internship Only,68,42,6.4,Placed,10.13,Direct PPO (Pre-Placement Offer),44,"Java, Kubernetes, SQL, Python, Machine Learning, Tableau"
STU11290,22,Male,B.Tech,2026,Apex Institute of Technology (Tier 2),Computer Science & Engineering,Coursera Machine Learning Specialization,Google Cloud,1,None,None,0,0,Certification Only,42,63,4.8,Unplaced,0.0,Not Converted,-1,"Tableau, Docker, Java"
STU11291,21,Male,B.Tech,2023,State Tech University (Tier 2),Computer Science & Engineering,None,None,0,None,None,0,0,Neither,45,40,3.5,Placed,7.77,On-Campus / Off-Campus Placement,87,"Communication, Kubernetes"
STU11292,22,Female,MBA (Tech & Analytics),2023,Apex Institute of Technology (Tier 2),Information Technology,Certified Information Systems Security Professional (CISSP); AWS Certified Solutions Architect; Docker & Kubernetes Developer Cert,AWS; IBM; Coursera,3,DataMetrics Labs,Software Engineering,9,1,Both (Hybrid),84,86,8.3,Placed,17.11,Direct PPO (Pre-Placement Offer),5,"Java, Kubernetes, Tableau, System Design, Git, React, Python, SQL, Communication, Data Analysis"
STU11293,23,Female,B.Tech,2025,Apex Institute of Technology (Tier 2),Electronics & Communication,Docker & Kubernetes Developer Cert; IBM Data Science Professional; Certified Information Systems Security Professional (CISSP),AWS; Coursera; Udemy,3,Deloitte Consulting,Cyber Security,9,1,Both (Hybrid),80,79,8.9,Placed,18.73,Direct PPO (Pre-Placement Offer),45,"Communication, Machine Learning, Kubernetes, Problem Solving, Tableau, Python, React, System Design, Power BI, AWS"
STU11294,23,Male,M.Tech,2024,IIT / NIT Group (Tier 1),Business Analytics,Google Professional Data Engineer,AWS,1,Microsoft Tech,Cloud & DevOps,6,1,Both (Hybrid),79,57,8.0,Placed,15.53,Direct PPO (Pre-Placement Offer),60,"Tableau, React, Java, AWS, Power BI, Python, SQL, Docker"
STU11295,21,Female,M.Tech,2024,IIT / NIT Group (Tier 1),Electronics & Communication,NPTEL Cloud Computing & Distributed Systems,Meta,1,Amazon AWS,Artificial Intelligence / ML,6,1,Both (Hybrid),77,72,7.2,Placed,14.42,Direct PPO (Pre-Placement Offer),45,"Tableau, Git, AWS, React, System Design, Docker"
STU11296,21,Female,B.Tech,2023,State Tech University (Tier 2),Cyber Security,Docker & Kubernetes Developer Cert,NPTEL,1,None,None,0,0,Certification Only,30,59,4.7,Placed,10.66,On-Campus / Off-Campus Placement,114,"Problem Solving, AWS, Python"
STU11297,21,Male,B.Tech,2025,BITS & Top National Inst (Tier 1),Data Science & Artificial Intelligence,TensorFlow Developer Certificate; Docker & Kubernetes Developer Cert; Coursera Machine Learning Specialization,Meta; AWS; Google Cloud,4,DataMetrics Labs,Cyber Security,2,2,Both (Hybrid),97,100,9.9,Placed,17.27,On-Campus / Off-Campus Placement,9,"Java, Docker, Kubernetes, Data Analysis, Power BI, Machine Learning, System Design, Git, AWS, Tableau"
STU11298,22,Male,B.Sc (CS/IT),2023,Apex Institute of Technology (Tier 2),Business Analytics,Coursera Machine Learning Specialization; Docker & Kubernetes Developer Cert,AWS; Coursera,2,Amazon AWS,Product & Business Analytics,4,3,Both (Hybrid),100,71,10.0,Placed,15.9,On-Campus / Off-Campus Placement,8,"Tableau, Machine Learning, Java, SQL, Problem Solving, Kubernetes, React, Communication, Data Analysis, Docker"
STU11299,23,Female,B.Tech,2024,BITS & Top National Inst (Tier 1),Electronics & Communication,Google Professional Data Engineer; IBM Data Science Professional,NPTEL; Microsoft Azure,2,Deloitte Consulting,Data Science & Analytics,3,1,Both (Hybrid),72,88,7.5,Placed,13.08,On-Campus / Off-Campus Placement,60,"Communication, Power BI, Kubernetes, Docker, Python, Java, Problem Solving, SQL"
STU11300,21,Male,B.Sc (CS/IT),2025,State Tech University (Tier 2),Business Analytics,Certified Information Systems Security Professional (CISSP),IBM,1,TCS Innovation Labs,Cloud & DevOps,3,1,Both (Hybrid),63,65,6.8,Placed,11.83,On-Campus / Off-Campus Placement,59,"Python, Git, Docker, Java, Kubernetes, Communication"
STU11301,24,Female,B.Tech,2024,BITS & Top National Inst (Tier 1),Computer Science & Engineering,AWS Certified Solutions Architect; Docker & Kubernetes Developer Cert,Udemy; NPTEL,2,CyberGuard Analytics,Software Engineering,3,2,Both (Hybrid),86,79,10.0,Placed,16.77,Internship Conversion,23,"Problem Solving, Java, System Design, AWS, Power BI, Machine Learning, React, Kubernetes, Tableau, Communication"
STU11302,21,Female,B.Tech,2024,State Tech University (Tier 2),Cyber Security,Coursera Machine Learning Specialization,Microsoft Azure,1,None,None,0,0,Certification Only,46,64,4.5,Placed,5.84,On-Campus / Off-Campus Placement,120,"Kubernetes, Machine Learning, Problem Solving"
STU11303,22,Non-Binary,B.Sc (CS/IT),2026,IIT / NIT Group (Tier 1),Data Science & Artificial Intelligence,Docker & Kubernetes Developer Cert,AWS,1,Google India,Product & Business Analytics,9,3,Both (Hybrid),100,68,10.0,Placed,20.56,Direct PPO (Pre-Placement Offer),5,"Docker, Communication, System Design, Tableau, Power BI, Java, Git, Kubernetes, Machine Learning, Data Analysis"
STU11304,23,Male,B.Tech,2025,IIT / NIT Group (Tier 1),Electronics & Communication,IBM Data Science Professional; Google Professional Data Engineer,Coursera; IBM,2,None,None,0,0,Certification Only,42,79,6.5,Placed,11.41,On-Campus / Off-Campus Placement,98,"AWS, Python, System Design, Tableau, Java"
STU11305,24,Female,B.Tech,2025,IIT / NIT Group (Tier 1),Computer Science & Engineering,TensorFlow Developer Certificate; Google Professional Data Engineer,AWS; NPTEL,2,CyberGuard Analytics,Data Science & Analytics,2,2,Both (Hybrid),85,73,8.7,Placed,17.04,On-Campus / Off-Campus Placement,27,"Git, Machine Learning, System Design, SQL, Problem Solving, Docker, Java, Communication, Kubernetes, Tableau"
STU11306,23,Male,B.Tech,2024,Regional Tech Institute (Tier 3),Data Science & Artificial Intelligence,AWS Certified Solutions Architect,IBM,1,CyberGuard Analytics,Cyber Security,3,1,Both (Hybrid),53,53,6.8,Placed,9.56,Internship Conversion,43,"Problem Solving, Git, Docker, Power BI, Communication, Machine Learning"
STU11307,23,Male,B.Tech,2025,BITS & Top National Inst (Tier 1),Computer Science & Engineering,None,None,0,TCS Innovation Labs,Artificial Intelligence / ML,2,1,Internship Only,63,47,6.7,Placed,12.51,Internship Conversion,107,"AWS, Problem Solving, System Design, Communication, Python, Tableau"
STU11308,22,Male,BCA,2023,Apex Institute of Technology (Tier 2),Computer Science & Engineering,NPTEL Cloud Computing & Distributed Systems,Meta,1,None,None,0,0,Certification Only,35,68,3.6,Unplaced,0.0,Not Converted,-1,"React, Python, Java, System Design"
STU11309,23,Male,B.Sc (CS/IT),2023,IIT / NIT Group (Tier 1),Computer Science & Engineering,Coursera Machine Learning Specialization,IBM,1,Google India,Artificial Intelligence / ML,3,1,Both (Hybrid),64,58,7.6,Placed,15.13,On-Campus / Off-Campus Placement,69,"Data Analysis, Docker, Java, React, Git, System Design, Python"
STU11310,21,Female,B.Tech,2024,IIT / NIT Group (Tier 1),Electronics & Communication,Microsoft Certified: Azure Developer; TensorFlow Developer Certificate,IBM; Meta,2,InnovateTech Startup,Cloud & DevOps,2,2,Both (Hybrid),79,76,8.1,Placed,16.3,On-Campus / Off-Campus Placement,34,"SQL, Git, Tableau, Kubernetes, Docker, Communication, AWS, Data Analysis, Java, Python"
STU11311,24,Male,BCA,2024,State Tech University (Tier 2),Computer Science & Engineering,Google Professional Data Engineer; AWS Certified Solutions Architect; Docker & Kubernetes Developer Cert,IBM; Coursera; Udemy,4,CyberGuard Analytics,Data Science & Analytics,9,3,Both (Hybrid),96,90,10.0,Placed,20.98,Internship Conversion,5,"Tableau, System Design, AWS, Machine Learning, Git, Python, Data Analysis, Communication, Java, SQL"
STU11312,22,Male,BCA,2025,State Tech University (Tier 2),Computer Science & Engineering,None,None,0,FinTech Solutions,Product & Business Analytics,6,1,Internship Only,76,47,7.6,Placed,11.47,On-Campus / Off-Campus Placement,48,"SQL, React, Tableau, Problem Solving, Power BI, AWS"
STU11313,23,Female,B.Tech,2024,Regional Tech Institute (Tier 3),Computer Science & Engineering,AWS Certified Solutions Architect,Google Cloud,1,FinTech Solutions,Data Science & Analytics,2,1,Both (Hybrid),51,52,5.8,Placed,9.85,On-Campus / Off-Campus Placement,83,"Problem Solving, SQL, Kubernetes, Git, Tableau, Python"
STU11314,22,Male,B.Tech,2025,Regional Tech Institute (Tier 3),Data Science & Artificial Intelligence,None,None,0,CyberGuard Analytics,Software Engineering,3,1,Internship Only,59,41,5.1,Unplaced,0.0,Not Converted,-1,"SQL, AWS, Machine Learning, React, Power BI"
STU11315,22,Female,MBA (Tech & Analytics),2025,Apex Institute of Technology (Tier 2),Computer Science & Engineering,Meta Front-End Developer Specialization; IBM Data Science Professional,IBM; Udemy,2,TCS Innovation Labs,Data Science & Analytics,3,1,Both (Hybrid),64,82,7.0,Placed,14.42,Internship Conversion,66,"Git, SQL, Tableau, Docker, React, Power BI, Kubernetes, Problem Solving, Machine Learning, Communication"
STU11316,22,Male,B.Sc (CS/IT),2025,Apex Institute of Technology (Tier 2),Computer Science & Engineering,Meta Front-End Developer Specialization,NPTEL,1,None,None,0,0,Certification Only,37,63,5.3,Placed,6.97,On-Campus / Off-Campus Placement,103,"Python, React, Power BI, Problem Solving, AWS"
STU11317,23,Female,BCA,2024,State Tech University (Tier 2),Data Science & Artificial Intelligence,AWS Certified Solutions Architect; Docker & Kubernetes Developer Cert,IBM; NPTEL,2,FinTech Solutions,Data Science & Analytics,2,1,Both (Hybrid),59,70,6.5,Placed,12.76,On-Campus / Off-Campus Placement,71,"System Design, AWS, SQL, Data Analysis, Tableau, Power BI, Machine Learning, Java, Python, Kubernetes"
STU11318,21,Female,BCA,2025,State Tech University (Tier 2),Information Technology,Google Professional Data Engineer,IBM,1,CyberGuard Analytics,Product & Business Analytics,11,2,Both (Hybrid),100,44,10.0,Placed,19.75,Direct PPO (Pre-Placement Offer),12,"Java, SQL, Docker, Data Analysis, Machine Learning, AWS, Tableau, React, Python, Problem Solving"
STU11319,21,Male,B.Tech,2024,Regional Tech Institute (Tier 3),Computer Science & Engineering,NPTEL Cloud Computing & Distributed Systems; TensorFlow Developer Certificate,Microsoft Azure; Google Cloud,2,Amazon AWS,Cloud & DevOps,3,2,Both (Hybrid),77,70,8.3,Placed,9.65,On-Campus / Off-Campus Placement,24,"Python, Kubernetes, React, Data Analysis, Tableau, Communication, Git, System Design, AWS, Docker"
STU11320,21,Male,BCA,2023,Apex Institute of Technology (Tier 2),Computer Science & Engineering,Docker & Kubernetes Developer Cert; Microsoft Certified: Azure Developer; IBM Data Science Professional,Meta; Coursera; IBM,3,InnovateTech Startup,Product & Business Analytics,3,1,Both (Hybrid),67,76,7.0,Placed,10.18,Internship Conversion,63,"AWS, Power BI, Machine Learning, System Design, Kubernetes, React, Git, SQL, Python, Communication"
STU11321,21,Male,BCA,2026,Apex Institute of Technology (Tier 2),Computer Science & Engineering,Google Professional Data Engineer; NPTEL Cloud Computing & Distributed Systems; AWS Certified Solutions Architect,AWS; Coursera; Meta,4,None,None,0,0,Certification Only,35,89,6.6,Placed,10.52,On-Campus / Off-Campus Placement,57,"Java, Python, Docker, System Design, AWS, Machine Learning, Problem Solving, Git, Data Analysis, Power BI"
STU11322,24,Female,BCA,2023,BITS & Top National Inst (Tier 1),Cyber Security,Meta Front-End Developer Specialization; Docker & Kubernetes Developer Cert; NPTEL Cloud Computing & Distributed Systems,Meta; Coursera; Udemy,4,InnovateTech Startup,Software Engineering,2,2,Both (Hybrid),73,100,9.2,Placed,17.75,On-Campus / Off-Campus Placement,23,"Kubernetes, Problem Solving, Power BI, React, Git, Data Analysis, Docker, Python, SQL, AWS"
STU11323,21,Male,B.Tech,2023,IIT / NIT Group (Tier 1),Data Science & Artificial Intelligence,Microsoft Certified: Azure Developer; IBM Data Science Professional; Coursera Machine Learning Specialization,Google Cloud; Coursera; NPTEL,3,Google India,Cloud & DevOps,9,3,Both (Hybrid),100,91,10.0,Placed,23.18,Direct PPO (Pre-Placement Offer),5,"Data Analysis, Tableau, Docker, SQL, AWS, Problem Solving, React, System Design, Kubernetes, Communication"
STU11324,25,Male,B.Tech,2026,Regional Tech Institute (Tier 3),Data Science & Artificial Intelligence,Docker & Kubernetes Developer Cert; Google Professional Data Engineer; NPTEL Cloud Computing & Distributed Systems,IBM; Microsoft Azure; Udemy,4,DataMetrics Labs,Data Science & Analytics,6,1,Both (Hybrid),60,80,7.9,Placed,11.17,Direct PPO (Pre-Placement Offer),24,"Power BI, Tableau, Docker, Git, Data Analysis, AWS, System Design, Communication, Problem Solving, Kubernetes"
STU11325,22,Male,B.Tech,2024,State Tech University (Tier 2),Computer Science & Engineering,NPTEL Cloud Computing & Distributed Systems,IBM,1,FinTech Solutions,Product & Business Analytics,3,3,Both (Hybrid),97,64,10.0,Placed,17.1,On-Campus / Off-Campus Placement,5,"SQL, Docker, Problem Solving, Communication, System Design, Machine Learning, Git, React, Kubernetes, AWS"
STU11326,21,Male,MBA (Tech & Analytics),2025,State Tech University (Tier 2),Data Science & Artificial Intelligence,None,None,0,Infosys Center,Product & Business Analytics,3,3,Internship Only,100,46,8.9,Placed,13.59,Internship Conversion,14,"Docker, React, Python, Kubernetes, Java, Communication, SQL, Machine Learning, Tableau, AWS"
STU11327,23,Male,B.Tech,2024,IIT / NIT Group (Tier 1),Computer Science & Engineering,None,None,0,Deloitte Consulting,Product & Business Analytics,3,1,Internship Only,69,64,7.8,Placed,16.22,On-Campus / Off-Campus Placement,100,"Python, Data Analysis, Tableau, Git, System Design, Machine Learning"
STU11328,23,Female,B.Tech,2024,City Engineering College (Tier 3),Computer Science & Engineering,Certified Information Systems Security Professional (CISSP); Microsoft Certified: Azure Developer,AWS; NPTEL,2,Infosys Center,Cloud & DevOps,3,2,Both (Hybrid),77,64,7.9,Placed,14.43,Internship Conversion,28,"SQL, Kubernetes, Communication, Power BI, Data Analysis, Java, Git, Python, Docker, AWS"
STU11329,22,Male,B.Tech,2024,IIT / NIT Group (Tier 1),Data Science & Artificial Intelligence,Coursera Machine Learning Specialization; TensorFlow Developer Certificate; IBM Data Science Professional,Google Cloud; Microsoft Azure; NPTEL,4,InnovateTech Startup,Cyber Security,3,1,Both (Hybrid),62,100,7.7,Placed,13.97,Internship Conversion,27,"System Design, AWS, Communication, React, Python, Kubernetes, Docker, Machine Learning, Git, Java"
STU11330,22,Male,B.Tech,2024,City Engineering College (Tier 3),Data Science & Artificial Intelligence,None,None,0,Deloitte Consulting,Software Engineering,3,2,Internship Only,71,43,7.2,Placed,10.97,Internship Conversion,43,"Power BI, Python, React, Data Analysis, Communication, Tableau, Docker"
STU11331,23,Female,B.Sc (CS/IT),2024,BITS & Top National Inst (Tier 1),Computer Science & Engineering,TensorFlow Developer Certificate; Coursera Machine Learning Specialization,Microsoft Azure; Meta,2,None,None,0,0,Certification Only,50,85,6.3,Placed,11.25,On-Campus / Off-Campus Placement,110,"Tableau, Git, Python, System Design, AWS, Communication"
STU11332,21,Female,BCA,2025,City Engineering College (Tier 3),Information Technology,TensorFlow Developer Certificate; AWS Certified Solutions Architect,Google Cloud; NPTEL,2,Deloitte Consulting,Cyber Security,6,1,Both (Hybrid),58,65,7.3,Placed,10.73,Direct PPO (Pre-Placement Offer),31,"Docker, React, AWS, SQL, Java, Communication, Git, Power BI, Python"
STU11333,25,Male,BCA,2025,Apex Institute of Technology (Tier 2),Cyber Security,Meta Front-End Developer Specialization; IBM Data Science Professional; TensorFlow Developer Certificate,Udemy; NPTEL; AWS,4,None,None,0,0,Certification Only,41,97,6.1,Placed,8.42,On-Campus / Off-Campus Placement,59,"Java, Kubernetes, Power BI, Python, Problem Solving, Machine Learning, Communication, Docker, React"
STU11334,25,Male,B.Tech,2026,BITS & Top National Inst (Tier 1),Data Science & Artificial Intelligence,Microsoft Certified: Azure Developer; TensorFlow Developer Certificate,Google Cloud; Meta,2,Microsoft Tech,Product & Business Analytics,2,1,Both (Hybrid),73,79,7.6,Placed,14.27,On-Campus / Off-Campus Placement,50,"Problem Solving, Machine Learning, React, System Design, Kubernetes, AWS, Docker, Git, Data Analysis, Tableau"
STU11335,23,Male,B.Sc (CS/IT),2023,Apex Institute of Technology (Tier 2),Information Technology,Docker & Kubernetes Developer Cert; NPTEL Cloud Computing & Distributed Systems; Google Professional Data Engineer,Microsoft Azure; Coursera; NPTEL,5,FinTech Solutions,Artificial Intelligence / ML,3,3,Both (Hybrid),100,100,10.0,Placed,18.37,On-Campus / Off-Campus Placement,5,"Kubernetes, System Design, Git, Machine Learning, Problem Solving, Python, Power BI, Docker, Data Analysis, Tableau"
STU11336,21,Female,B.Tech,2025,State Tech University (Tier 2),Cyber Security,Certified Information Systems Security Professional (CISSP),Microsoft Azure,1,Microsoft Tech,Data Science & Analytics,2,1,Both (Hybrid),67,51,6.1,Placed,12.2,On-Campus / Off-Campus Placement,91,"Power BI, Git, AWS, Machine Learning, Communication, Java, SQL, Problem Solving"
STU11337,23,Male,B.Tech,2025,BITS & Top National Inst (Tier 1),Electronics & Communication,AWS Certified Solutions Architect,Microsoft Azure,1,None,None,0,0,Certification Only,43,69,5.1,Placed,11.62,On-Campus / Off-Campus Placement,123,"Kubernetes, Docker, Python, Power BI"
STU11338,21,Female,B.Tech,2026,City Engineering College (Tier 3),Data Science & Artificial Intelligence,IBM Data Science Professional; NPTEL Cloud Computing & Distributed Systems,IBM; Udemy,2,InnovateTech Startup,Software Engineering,4,3,Both (Hybrid),85,73,10.0,Placed,12.34,Internship Conversion,11,"Tableau, Kubernetes, Docker, Machine Learning, Data Analysis, Git, System Design, Problem Solving, AWS, Power BI"
STU11339,21,Female,B.Tech,2023,State Tech University (Tier 2),Information Technology,IBM Data Science Professional,Meta,1,None,None,0,0,Certification Only,35,56,4.8,Unplaced,0.0,Not Converted,-1,"Kubernetes, Git, Docker, Power BI, React"
STU11340,22,Female,B.Tech,2025,State Tech University (Tier 2),Computer Science & Engineering,None,None,0,Infosys Center,Product & Business Analytics,2,2,Internship Only,78,64,8.0,Placed,11.59,Internship Conversion,67,"Docker, Machine Learning, SQL, Communication, Python, Java, Tableau, Data Analysis"
STU11341,22,Male,BCA,2026,BITS & Top National Inst (Tier 1),Data Science & Artificial Intelligence,AWS Certified Solutions Architect; Google Professional Data Engineer,Meta; Udemy,2,CyberGuard Analytics,Cloud & DevOps,3,2,Both (Hybrid),88,74,9.7,Placed,16.98,Internship Conversion,54,"Docker, Communication, Machine Learning, System Design, Power BI, Git, SQL, AWS, React, Java"
STU11342,24,Male,BCA,2024,State Tech University (Tier 2),Computer Science & Engineering,NPTEL Cloud Computing & Distributed Systems; Docker & Kubernetes Developer Cert; Google Professional Data Engineer,Udemy; AWS; Meta,3,Microsoft Tech,Product & Business Analytics,2,1,Both (Hybrid),55,85,7.7,Unplaced,0.0,Not Converted,-1,"AWS, Tableau, Machine Learning, Git, Data Analysis, Problem Solving, Python, Docker, SQL, React"
STU11343,23,Male,B.Sc (CS/IT),2026,City Engineering College (Tier 3),Computer Science & Engineering,NPTEL Cloud Computing & Distributed Systems; TensorFlow Developer Certificate,Microsoft Azure; IBM,2,Deloitte Consulting,Data Science & Analytics,6,1,Both (Hybrid),51,57,7.8,Placed,9.93,Direct PPO (Pre-Placement Offer),30,"Data Analysis, SQL, Machine Learning, React, Problem Solving, Python, Java, Docker, Communication, Power BI"
STU11344,23,Male,B.Tech,2023,State Tech University (Tier 2),Data Science & Artificial Intelligence,NPTEL Cloud Computing & Distributed Systems,AWS,1,None,None,0,0,Certification Only,47,55,5.2,Placed,9.33,On-Campus / Off-Campus Placement,111,"React, Python, Git"
STU11345,22,Female,B.Tech,2025,Regional Tech Institute (Tier 3),Computer Science & Engineering,Docker & Kubernetes Developer Cert; Microsoft Certified: Azure Developer,Coursera; NPTEL,2,InnovateTech Startup,Cyber Security,6,1,Both (Hybrid),58,56,6.8,Placed,10.68,Direct PPO (Pre-Placement Offer),56,"Tableau, Kubernetes, React, SQL, System Design, Data Analysis, Git, AWS"
STU11346,22,Non-Binary,B.Tech,2026,Regional Tech Institute (Tier 3),Information Technology,Coursera Machine Learning Specialization,Udemy,1,None,None,0,0,Certification Only,28,50,3.0,Unplaced,0.0,Not Converted,-1,"Kubernetes, Python, AWS, Git, Communication"
STU11347,22,Female,MBA (Tech & Analytics),2025,BITS & Top National Inst (Tier 1),Data Science & Artificial Intelligence,None,None,0,Amazon AWS,Product & Business Analytics,3,1,Internship Only,64,59,7.7,Placed,15.62,On-Campus / Off-Campus Placement,61,"Machine Learning, Tableau, Power BI, Git"
STU11348,25,Female,BCA,2024,BITS & Top National Inst (Tier 1),Data Science & Artificial Intelligence,TensorFlow Developer Certificate; Certified Information Systems Security Professional (CISSP),AWS; Coursera,2,DataMetrics Labs,Product & Business Analytics,3,1,Both (Hybrid),72,69,7.7,Placed,15.35,Internship Conversion,68,"Docker, SQL, Machine Learning, AWS, System Design, Kubernetes, Tableau, Power BI, Data Analysis"
STU11349,21,Male,B.Sc (CS/IT),2023,City Engineering College (Tier 3),Computer Science & Engineering,None,None,0,Google India,Cyber Security,2,2,Internship Only,78,45,5.9,Placed,9.04,Internship Conversion,34,"System Design, Power BI, AWS, Data Analysis, Machine Learning, Kubernetes, Git, Problem Solving, Docker"
STU11350,24,Male,B.Tech,2026,State Tech University (Tier 2),Computer Science & Engineering,None,None,0,TCS Innovation Labs,Cloud & DevOps,9,3,Internship Only,100,44,9.9,Placed,18.48,Direct PPO (Pre-Placement Offer),5,"React, Problem Solving, Git, System Design, Power BI, Kubernetes, Communication, Python, Data Analysis, Java"
STU11351,22,Male,BCA,2024,IIT / NIT Group (Tier 1),Data Science & Artificial Intelligence,NPTEL Cloud Computing & Distributed Systems; Docker & Kubernetes Developer Cert; TensorFlow Developer Certificate,Meta; NPTEL; Microsoft Azure,3,Deloitte Consulting,Software Engineering,6,1,Both (Hybrid),64,86,8.4,Placed,17.76,Direct PPO (Pre-Placement Offer),42,"Tableau, Docker, Kubernetes, Java, SQL, Git, Problem Solving, AWS, Data Analysis, System Design"
STU11352,22,Female,B.Tech,2023,State Tech University (Tier 2),Cyber Security,None,None,0,Deloitte Consulting,Cyber Security,3,1,Internship Only,71,52,7.3,Placed,9.44,Internship Conversion,94,"Kubernetes, Java, AWS, React, System Design"
STU11353,23,Female,BCA,2025,Apex Institute of Technology (Tier 2),Computer Science & Engineering,Docker & Kubernetes Developer Cert; Coursera Machine Learning Specialization; NPTEL Cloud Computing & Distributed Systems,IBM; NPTEL; Meta,4,TCS Innovation Labs,Cyber Security,2,2,Both (Hybrid),76,98,8.5,Placed,16.49,On-Campus / Off-Campus Placement,38,"Docker, Machine Learning, Kubernetes, Communication, System Design, Power BI, Data Analysis, AWS, Python, Tableau"
STU11354,22,Female,M.Tech,2024,Apex Institute of Technology (Tier 2),Computer Science & Engineering,Meta Front-End Developer Specialization; Google Professional Data Engineer,Google Cloud; AWS,2,None,None,0,0,Certification Only,37,80,4.3,Placed,9.57,On-Campus / Off-Campus Placement,93,"Machine Learning, Java, AWS, Git, Data Analysis, Docker"
STU11355,24,Male,MBA (Tech & Analytics),2023,BITS & Top National Inst (Tier 1),Electronics & Communication,TensorFlow Developer Certificate; IBM Data Science Professional; Google Professional Data Engineer,AWS; Meta; Google Cloud,5,DataMetrics Labs,Cyber Security,3,2,Both (Hybrid),93,100,10.0,Placed,19.25,On-Campus / Off-Campus Placement,12,"Problem Solving, Docker, Git, AWS, SQL, Java, System Design, Communication, Power BI, Machine Learning"
STU11356,24,Male,BCA,2024,IIT / NIT Group (Tier 1),Computer Science & Engineering,None,None,0,None,None,0,0,Neither,38,63,4.0,Placed,7.95,On-Campus / Off-Campus Placement,105,"Kubernetes, Java"
STU11357,22,Female,B.Tech,2023,Regional Tech Institute (Tier 3),Business Analytics,Microsoft Certified: Azure Developer; Coursera Machine Learning Specialization,IBM; Google Cloud,2,InnovateTech Startup,Data Science & Analytics,9,1,Both (Hybrid),63,53,8.0,Placed,11.95,On-Campus / Off-Campus Placement,19,"Tableau, Data Analysis, Docker, Communication, Java, Power BI, Problem Solving, Git"
STU11358,22,Male,MBA (Tech & Analytics),2025,Apex Institute of Technology (Tier 2),Data Science & Artificial Intelligence,Certified Information Systems Security Professional (CISSP),Meta,1,TCS Innovation Labs,Software Engineering,3,3,Both (Hybrid),100,69,8.9,Placed,13.4,Internship Conversion,5,"Python, Kubernetes, React, SQL, Problem Solving, System Design, Machine Learning, Java, Tableau, Power BI"
STU11359,22,Female,BCA,2025,Apex Institute of Technology (Tier 2),Data Science & Artificial Intelligence,AWS Certified Solutions Architect; Microsoft Certified: Azure Developer; Docker & Kubernetes Developer Cert,AWS; Coursera; Udemy,3,Amazon AWS,Cloud & DevOps,3,3,Both (Hybrid),100,85,10.0,Placed,16.49,On-Campus / Off-Campus Placement,5,"AWS, Python, Kubernetes, SQL, System Design, Tableau, Java, Data Analysis, Git, Communication"
STU11360,24,Female,B.Tech,2025,Apex Institute of Technology (Tier 2),Computer Science & Engineering,IBM Data Science Professional,NPTEL,1,FinTech Solutions,Product & Business Analytics,2,1,Both (Hybrid),62,77,6.2,Placed,10.77,On-Campus / Off-Campus Placement,90,"Java, Kubernetes, AWS, Tableau, Python, System Design, Power BI"
STU11361,21,Female,B.Tech,2025,State Tech University (Tier 2),Computer Science & Engineering,IBM Data Science Professional,Udemy,1,None,None,0,0,Certification Only,48,48,4.1,Placed,8.1,On-Campus / Off-Campus Placement,103,"AWS, Kubernetes, Java"
STU11362,22,Male,B.Tech,2026,Apex Institute of Technology (Tier 2),Computer Science & Engineering,NPTEL Cloud Computing & Distributed Systems; AWS Certified Solutions Architect; Certified Information Systems Security Professional (CISSP),Google Cloud; AWS; Microsoft Azure,3,Deloitte Consulting,Cloud & DevOps,3,3,Both (Hybrid),100,86,10.0,Placed,17.41,On-Campus / Off-Campus Placement,5,"System Design, Machine Learning, Java, Problem Solving, Tableau, Python, Kubernetes, Data Analysis, React, Docker"
STU11363,22,Male,B.Tech,2025,State Tech University (Tier 2),Business Analytics,Certified Information Systems Security Professional (CISSP),AWS,1,CyberGuard Analytics,Software Engineering,3,2,Both (Hybrid),84,70,8.0,Placed,11.41,On-Campus / Off-Campus Placement,36,"System Design, Docker, Kubernetes, Java, Machine Learning, Problem Solving, Power BI, Data Analysis, Communication"
STU11364,23,Male,B.Tech,2023,BITS & Top National Inst (Tier 1),Information Technology,None,None,0,CyberGuard Analytics,Artificial Intelligence / ML,6,1,Internship Only,72,55,7.9,Placed,15.59,Direct PPO (Pre-Placement Offer),34,"AWS, System Design, Tableau, Java, Git"
STU11365,21,Male,BCA,2025,Apex Institute of Technology (Tier 2),Information Technology,Microsoft Certified: Azure Developer,Meta,1,None,None,0,0,Certification Only,36,60,3.7,Placed,6.11,On-Campus / Off-Campus Placement,133,"Machine Learning, Docker, Data Analysis, Java, Power BI"
STU11366,23,Male,B.Tech,2024,State Tech University (Tier 2),Electronics & Communication,AWS Certified Solutions Architect; TensorFlow Developer Certificate,Udemy; Meta,2,DataMetrics Labs,Cloud & DevOps,7,2,Both (Hybrid),93,76,10.0,Placed,15.64,Internship Conversion,16,"Communication, Python, Git, Data Analysis, Tableau, AWS, Kubernetes, Docker, Problem Solving, Java"
STU11367,24,Female,B.Tech,2025,Regional Tech Institute (Tier 3),Computer Science & Engineering,Microsoft Certified: Azure Developer,NPTEL,1,None,None,0,0,Certification Only,28,58,4.2,Unplaced,0.0,Not Converted,-1,"Kubernetes, Python, Java, Problem Solving, Tableau"
STU11368,21,Female,BCA,2025,State Tech University (Tier 2),Information Technology,Microsoft Certified: Azure Developer,NPTEL,1,InnovateTech Startup,Cloud & DevOps,4,3,Both (Hybrid),98,56,10.0,Placed,16.08,Internship Conversion,5,"Power BI, React, Git, AWS, Kubernetes, Docker, Communication, Data Analysis, Python, Tableau"
STU11369,21,Male,B.Sc (CS/IT),2024,Regional Tech Institute (Tier 3),Data Science & Artificial Intelligence,None,None,0,Deloitte Consulting,Cyber Security,2,1,Internship Only,39,42,5.7,Placed,10.36,On-Campus / Off-Campus Placement,93,"Kubernetes, Tableau, Communication, Machine Learning, Problem Solving, Power BI"
STU11370,25,Male,BCA,2026,Regional Tech Institute (Tier 3),Electronics & Communication,Certified Information Systems Security Professional (CISSP); IBM Data Science Professional,Meta; NPTEL,2,FinTech Solutions,Cyber Security,6,1,Both (Hybrid),77,76,7.1,Placed,11.14,Direct PPO (Pre-Placement Offer),75,"Java, Power BI, SQL, System Design, Tableau, Machine Learning, Problem Solving, Data Analysis, React"
STU11371,21,Male,B.Tech,2023,BITS & Top National Inst (Tier 1),Computer Science & Engineering,Microsoft Certified: Azure Developer; Google Professional Data Engineer; NPTEL Cloud Computing & Distributed Systems,NPTEL; Microsoft Azure; AWS,3,Google India,Artificial Intelligence / ML,6,1,Both (Hybrid),82,96,8.3,Placed,15.13,On-Campus / Off-Campus Placement,31,"Problem Solving, AWS, Git, Java, Data Analysis, Tableau, React, Python, Communication, Kubernetes"
STU11372,24,Male,MBA (Tech & Analytics),2025,Apex Institute of Technology (Tier 2),Information Technology,NPTEL Cloud Computing & Distributed Systems,Coursera,1,TCS Innovation Labs,Data Science & Analytics,3,1,Both (Hybrid),66,61,6.5,Placed,10.07,Internship Conversion,59,"Data Analysis, AWS, Python, Docker, Kubernetes, Communication, Tableau"
STU11373,22,Female,M.Tech,2023,State Tech University (Tier 2),Business Analytics,Certified Information Systems Security Professional (CISSP),Udemy,1,Google India,Data Science & Analytics,15,2,Both (Hybrid),100,60,10.0,Placed,18.93,On-Campus / Off-Campus Placement,5,"Docker, Kubernetes, AWS, Machine Learning, Git, Tableau, Power BI, Problem Solving, React, Python"
STU11374,21,Male,B.Tech,2026,City Engineering College (Tier 3),Data Science & Artificial Intelligence,None,None,0,Infosys Center,Cloud & DevOps,2,1,Internship Only,53,35,4.9,Placed,7.5,Internship Conversion,88,"React, AWS, Java, Git, SQL"
STU11375,24,Male,B.Tech,2023,State Tech University (Tier 2),Computer Science & Engineering,TensorFlow Developer Certificate,Coursera,1,FinTech Solutions,Cloud & DevOps,3,2,Both (Hybrid),88,58,8.8,Placed,13.98,On-Campus / Off-Campus Placement,63,"Communication, Machine Learning, SQL, Docker, Python, Power BI, Git, Problem Solving, Data Analysis"
STU11376,22,Male,B.Sc (CS/IT),2023,Apex Institute of Technology (Tier 2),Data Science & Artificial Intelligence,None,None,0,Amazon AWS,Data Science & Analytics,3,2,Internship Only,78,68,7.9,Placed,14.73,On-Campus / Off-Campus Placement,57,"Power BI, Communication, Tableau, Machine Learning, System Design, Java, Kubernetes, Docker, Data Analysis"
STU11377,22,Female,B.Sc (CS/IT),2024,State Tech University (Tier 2),Computer Science & Engineering,Certified Information Systems Security Professional (CISSP),Meta,1,None,None,0,0,Certification Only,39,69,4.6,Placed,8.16,On-Campus / Off-Campus Placement,104,"Machine Learning, Docker, Communication, SQL"
STU11378,22,Female,MBA (Tech & Analytics),2024,BITS & Top National Inst (Tier 1),Information Technology,Microsoft Certified: Azure Developer; AWS Certified Solutions Architect,Microsoft Azure; Google Cloud,2,Google India,Software Engineering,12,1,Both (Hybrid),98,69,9.9,Placed,18.56,On-Campus / Off-Campus Placement,10,"Kubernetes, Java, AWS, Data Analysis, React, Machine Learning, Tableau, SQL, Problem Solving, Docker"
STU11379,22,Male,M.Tech,2024,BITS & Top National Inst (Tier 1),Cyber Security,AWS Certified Solutions Architect; TensorFlow Developer Certificate; Meta Front-End Developer Specialization,Udemy; NPTEL; AWS,4,CyberGuard Analytics,Artificial Intelligence / ML,3,1,Both (Hybrid),69,100,9.8,Placed,15.32,On-Campus / Off-Campus Placement,44,"Power BI, SQL, Data Analysis, Tableau, Git, AWS, Kubernetes, Java, Communication, Docker"
STU11380,21,Male,BCA,2025,State Tech University (Tier 2),Data Science & Artificial Intelligence,None,None,0,Amazon AWS,Data Science & Analytics,3,1,Internship Only,60,41,5.7,Placed,11.31,On-Campus / Off-Campus Placement,80,"Power BI, Problem Solving, System Design, Data Analysis, React, Java"
STU11381,22,Female,BCA,2024,Apex Institute of Technology (Tier 2),Data Science & Artificial Intelligence,NPTEL Cloud Computing & Distributed Systems; TensorFlow Developer Certificate,Google Cloud; IBM,2,FinTech Solutions,Software Engineering,9,1,Both (Hybrid),74,65,8.7,Placed,13.62,Direct PPO (Pre-Placement Offer),29,"Data Analysis, Tableau, Machine Learning, System Design, Java, Docker, SQL, Kubernetes"
STU11382,25,Female,B.Tech,2023,Apex Institute of Technology (Tier 2),Information Technology,Microsoft Certified: Azure Developer; Meta Front-End Developer Specialization,Google Cloud; AWS,2,None,None,0,0,Certification Only,51,81,4.3,Placed,7.44,On-Campus / Off-Campus Placement,120,"AWS, Kubernetes, Machine Learning, Data Analysis, Problem Solving"
STU11383,22,Male,B.Tech,2024,Apex Institute of Technology (Tier 2),Computer Science & Engineering,Meta Front-End Developer Specialization; Docker & Kubernetes Developer Cert,NPTEL; AWS,2,Amazon AWS,Cyber Security,6,1,Both (Hybrid),74,61,7.1,Unplaced,0.0,Not Converted,-1,"System Design, Python, AWS, Kubernetes, Power BI, Communication, Machine Learning, Java, Tableau, Git"
STU11384,23,Female,B.Tech,2025,State Tech University (Tier 2),Computer Science & Engineering,Coursera Machine Learning Specialization; Google Professional Data Engineer; TensorFlow Developer Certificate,Coursera; Meta; Microsoft Azure,3,Deloitte Consulting,Data Science & Analytics,2,1,Both (Hybrid),57,76,7.0,Placed,11.15,Internship Conversion,71,"Problem Solving, AWS, Java, Python, Docker, SQL, Git, Kubernetes, Power BI, System Design"
STU11385,22,Female,BCA,2025,State Tech University (Tier 2),Business Analytics,IBM Data Science Professional,Udemy,1,CyberGuard Analytics,Product & Business Analytics,4,3,Both (Hybrid),99,69,10.0,Placed,17.32,On-Campus / Off-Campus Placement,5,"Docker, React, Problem Solving, Data Analysis, Power BI, System Design, Communication, Machine Learning, Kubernetes, Tableau"
STU11386,23,Female,BCA,2025,IIT / NIT Group (Tier 1),Information Technology,None,None,0,Microsoft Tech,Software Engineering,3,2,Internship Only,80,51,8.9,Placed,17.39,On-Campus / Off-Campus Placement,41,"Problem Solving, Machine Learning, Data Analysis, Power BI, Git, Python, Docker"
STU11387,21,Female,B.Sc (CS/IT),2025,City Engineering College (Tier 3),Computer Science & Engineering,IBM Data Science Professional; AWS Certified Solutions Architect,AWS; NPTEL,2,Deloitte Consulting,Cyber Security,2,1,Both (Hybrid),61,67,5.9,Placed,8.02,Internship Conversion,83,"React, Tableau, Communication, Power BI, AWS, Data Analysis, Python, Problem Solving, Git, Kubernetes"
STU11388,25,Female,B.Tech,2024,Regional Tech Institute (Tier 3),Computer Science & Engineering,Coursera Machine Learning Specialization,Udemy,1,DataMetrics Labs,Cyber Security,3,2,Both (Hybrid),68,45,7.0,Placed,10.01,On-Campus / Off-Campus Placement,48,"Data Analysis, Python, Kubernetes, React, Machine Learning, Communication, SQL, Power BI, System Design, Problem Solving"
STU11389,22,Male,BCA,2023,State Tech University (Tier 2),Information Technology,None,None,0,Amazon AWS,Artificial Intelligence / ML,2,2,Internship Only,68,45,8.0,Placed,11.98,On-Campus / Off-Campus Placement,70,"Data Analysis, Git, Kubernetes, Docker, Python, Machine Learning, React, System Design"
STU11390,21,Female,B.Tech,2024,IIT / NIT Group (Tier 1),Electronics & Communication,Microsoft Certified: Azure Developer,NPTEL,1,Microsoft Tech,Artificial Intelligence / ML,3,1,Both (Hybrid),84,56,6.8,Placed,14.09,Internship Conversion,76,"SQL, AWS, Tableau, Data Analysis, Machine Learning, Kubernetes, Python, Docker"
STU11391,21,Female,B.Tech,2025,BITS & Top National Inst (Tier 1),Electronics & Communication,Docker & Kubernetes Developer Cert,NPTEL,1,None,None,0,0,Certification Only,46,66,5.1,Placed,9.84,On-Campus / Off-Campus Placement,110,"SQL, Python, Docker"
STU11392,21,Female,B.Sc (CS/IT),2026,Apex Institute of Technology (Tier 2),Computer Science & Engineering,IBM Data Science Professional; Certified Information Systems Security Professional (CISSP),Microsoft Azure; IBM,2,Deloitte Consulting,Product & Business Analytics,2,2,Both (Hybrid),76,77,8.6,Placed,12.63,Internship Conversion,55,"Docker, Data Analysis, SQL, Machine Learning, Python, Kubernetes, System Design, Power BI, Java, AWS"
STU11393,22,Male,BCA,2024,Apex Institute of Technology (Tier 2),Business Analytics,None,None,0,None,None,0,0,Neither,42,34,4.3,Unplaced,0.0,Not Converted,-1,"Communication, Problem Solving, React"
STU11394,22,Female,MBA (Tech & Analytics),2023,Apex Institute of Technology (Tier 2),Data Science & Artificial Intelligence,IBM Data Science Professional,Meta,1,InnovateTech Startup,Cloud & DevOps,7,2,Both (Hybrid),88,60,10.0,Placed,14.0,Direct PPO (Pre-Placement Offer),37,"Kubernetes, Machine Learning, Communication, System Design, Problem Solving, Power BI, Data Analysis, Java, Git, Tableau"
STU11395,23,Female,B.Tech,2023,State Tech University (Tier 2),Information Technology,Certified Information Systems Security Professional (CISSP),Meta,1,CyberGuard Analytics,Software Engineering,2,1,Both (Hybrid),58,40,6.3,Placed,11.75,On-Campus / Off-Campus Placement,71,"React, AWS, Kubernetes, Python, Data Analysis, Git, Java"
STU11396,22,Male,B.Tech,2024,Apex Institute of Technology (Tier 2),Data Science & Artificial Intelligence,AWS Certified Solutions Architect,IBM,1,Amazon AWS,Product & Business Analytics,3,1,Both (Hybrid),62,60,6.8,Placed,10.95,On-Campus / Off-Campus Placement,78,"System Design, Machine Learning, React, SQL, Tableau, Docker, Communication, Power BI"
STU11397,21,Female,B.Tech,2025,Apex Institute of Technology (Tier 2),Computer Science & Engineering,Google Professional Data Engineer; NPTEL Cloud Computing & Distributed Systems; AWS Certified Solutions Architect,Udemy; Meta; Google Cloud,5,Infosys Center,Cyber Security,7,2,Both (Hybrid),96,100,10.0,Placed,18.06,Direct PPO (Pre-Placement Offer),5,"Machine Learning, Docker, Kubernetes, Git, System Design, AWS, Java, React, Communication, Power BI"
STU11398,22,Female,B.Tech,2023,State Tech University (Tier 2),Cyber Security,None,None,0,None,None,0,0,Neither,31,49,4.2,Unplaced,0.0,Not Converted,-1,"Data Analysis, AWS, Kubernetes"
STU11399,23,Female,M.Tech,2026,State Tech University (Tier 2),Computer Science & Engineering,AWS Certified Solutions Architect; NPTEL Cloud Computing & Distributed Systems; Meta Front-End Developer Specialization,Udemy; Meta; Microsoft Azure,4,InnovateTech Startup,Cyber Security,3,1,Both (Hybrid),69,81,8.1,Placed,14.64,On-Campus / Off-Campus Placement,45,"Machine Learning, Tableau, Kubernetes, AWS, Communication, Power BI, System Design, Problem Solving, React, Data Analysis"
STU11400,21,Male,BCA,2024,BITS & Top National Inst (Tier 1),Computer Science & Engineering,NPTEL Cloud Computing & Distributed Systems; TensorFlow Developer Certificate,AWS; Google Cloud,2,DataMetrics Labs,Data Science & Analytics,6,1,Both (Hybrid),74,71,8.6,Placed,15.72,On-Campus / Off-Campus Placement,44,"AWS, Machine Learning, Power BI, Data Analysis, System Design, Python, React, Git, Docker, Java"
STU11401,21,Male,M.Tech,2026,State Tech University (Tier 2),Electronics & Communication,NPTEL Cloud Computing & Distributed Systems; Docker & Kubernetes Developer Cert; Meta Front-End Developer Specialization,AWS; Google Cloud; Microsoft Azure,3,Amazon AWS,Cloud & DevOps,2,2,Both (Hybrid),85,85,8.9,Placed,13.64,On-Campus / Off-Campus Placement,46,"System Design, Tableau, Problem Solving, Machine Learning, SQL, Kubernetes, Docker, Communication, Power BI, AWS"
STU11402,21,Female,B.Tech,2025,City Engineering College (Tier 3),Information Technology,Coursera Machine Learning Specialization,NPTEL,1,Infosys Center,Cloud & DevOps,2,2,Both (Hybrid),68,55,7.8,Placed,11.46,Internship Conversion,34,"Docker, Kubernetes, Python, System Design, Communication, Tableau, Problem Solving, Git, SQL"
STU11403,23,Male,M.Tech,2025,State Tech University (Tier 2),Electronics & Communication,Docker & Kubernetes Developer Cert,Meta,1,Microsoft Tech,Software Engineering,11,2,Both (Hybrid),100,53,10.0,Placed,17.0,Direct PPO (Pre-Placement Offer),24,"Power BI, Java, Python, AWS, System Design, Git, SQL, Kubernetes, Docker, Machine Learning"
STU11404,23,Female,B.Tech,2025,City Engineering College (Tier 3),Data Science & Artificial Intelligence,TensorFlow Developer Certificate; IBM Data Science Professional; Meta Front-End Developer Specialization,Meta; Microsoft Azure; IBM,3,None,None,0,0,Certification Only,30,71,4.9,Placed,4.54,On-Campus / Off-Campus Placement,109,"Python, React, Java, Git, Kubernetes, Machine Learning, Power BI, AWS"
STU11405,22,Male,M.Tech,2025,Apex Institute of Technology (Tier 2),Data Science & Artificial Intelligence,TensorFlow Developer Certificate; Certified Information Systems Security Professional (CISSP); Google Professional Data Engineer,Coursera; AWS; Google Cloud,3,None,None,0,0,Certification Only,35,87,5.1,Placed,10.73,On-Campus / Off-Campus Placement,117,"Data Analysis, AWS, SQL, Docker, Communication, Machine Learning, Kubernetes"
STU11406,23,Male,B.Tech,2025,BITS & Top National Inst (Tier 1),Business Analytics,Certified Information Systems Security Professional (CISSP),NPTEL,1,Amazon AWS,Software Engineering,7,2,Both (Hybrid),94,64,9.9,Placed,20.15,Direct PPO (Pre-Placement Offer),37,"Machine Learning, SQL, Docker, Java, Tableau, Git, React, AWS, System Design, Problem Solving"
STU11407,23,Male,B.Tech,2025,Apex Institute of Technology (Tier 2),Computer Science & Engineering,None,None,0,Google India,Cloud & DevOps,2,1,Internship Only,57,52,5.8,Placed,10.8,Internship Conversion,105,"Machine Learning, Docker, Java, Data Analysis, Kubernetes, SQL"
STU11408,22,Female,BCA,2025,State Tech University (Tier 2),Electronics & Communication,Google Professional Data Engineer,Coursera,1,InnovateTech Startup,Software Engineering,6,1,Both (Hybrid),63,63,7.4,Placed,11.17,On-Campus / Off-Campus Placement,57,"SQL, Python, Problem Solving, Power BI, Tableau, Git"
STU11409,24,Male,MBA (Tech & Analytics),2026,State Tech University (Tier 2),Computer Science & Engineering,Docker & Kubernetes Developer Cert; Meta Front-End Developer Specialization; IBM Data Science Professional,Google Cloud; Udemy; Microsoft Azure,4,TCS Innovation Labs,Artificial Intelligence / ML,3,1,Both (Hybrid),70,100,7.8,Placed,13.26,On-Campus / Off-Campus Placement,47,"Power BI, Communication, SQL, Machine Learning, Data Analysis, Java, Kubernetes, System Design, Tableau, Docker"
STU11410,21,Male,B.Tech,2025,IIT / NIT Group (Tier 1),Electronics & Communication,Microsoft Certified: Azure Developer,AWS,1,Infosys Center,Product & Business Analytics,4,3,Both (Hybrid),100,63,10.0,Placed,20.44,Internship Conversion,41,"Python, React, Power BI, Machine Learning, Java, Problem Solving, Tableau, System Design, Kubernetes, Communication"
STU11411,21,Male,B.Tech,2025,State Tech University (Tier 2),Computer Science & Engineering,TensorFlow Developer Certificate; Coursera Machine Learning Specialization,Meta; Google Cloud,2,None,None,0,0,Certification Only,43,70,4.9,Placed,7.7,On-Campus / Off-Campus Placement,97,"Python, Docker, Power BI, Machine Learning, Tableau, SQL"
STU11412,22,Male,M.Tech,2026,IIT / NIT Group (Tier 1),Data Science & Artificial Intelligence,NPTEL Cloud Computing & Distributed Systems; AWS Certified Solutions Architect,NPTEL; Coursera,2,None,None,0,0,Certification Only,55,84,6.7,Placed,11.42,On-Campus / Off-Campus Placement,99,"Data Analysis, Git, AWS, SQL, System Design, Tableau"
STU11413,21,Non-Binary,B.Tech,2024,IIT / NIT Group (Tier 1),Business Analytics,Certified Information Systems Security Professional (CISSP); Google Professional Data Engineer; Docker & Kubernetes Developer Cert,Udemy; Google Cloud; NPTEL,3,FinTech Solutions,Product & Business Analytics,2,2,Both (Hybrid),83,95,9.1,Placed,16.32,On-Campus / Off-Campus Placement,55,"Communication, Kubernetes, Java, Tableau, React, Machine Learning, System Design, SQL, Git, Problem Solving"
STU11414,22,Female,B.Tech,2023,State Tech University (Tier 2),Data Science & Artificial Intelligence,Microsoft Certified: Azure Developer; Meta Front-End Developer Specialization,NPTEL; Meta,2,None,None,0,0,Certification Only,44,68,5.7,Unplaced,0.0,Not Converted,-1,"Python, System Design, Power BI, SQL, Machine Learning"
STU11415,24,Male,B.Tech,2024,State Tech University (Tier 2),Information Technology,Certified Information Systems Security Professional (CISSP),NPTEL,1,Deloitte Consulting,Cloud & DevOps,2,1,Both (Hybrid),63,45,7.0,Placed,11.13,On-Campus / Off-Campus Placement,65,"System Design, Problem Solving, React, Tableau, Python, Data Analysis, SQL, Machine Learning"
STU11416,21,Female,B.Tech,2025,Regional Tech Institute (Tier 3),Electronics & Communication,AWS Certified Solutions Architect; TensorFlow Developer Certificate; Meta Front-End Developer Specialization,IBM; Microsoft Azure; AWS,4,Infosys Center,Product & Business Analytics,3,2,Both (Hybrid),61,97,9.8,Placed,13.63,Internship Conversion,11,"System Design, AWS, Tableau, Machine Learning, Kubernetes, Python, Git, Communication, Power BI, React"
STU11417,21,Male,M.Tech,2025,State Tech University (Tier 2),Information Technology,Google Professional Data Engineer; TensorFlow Developer Certificate,Meta; AWS,2,None,None,0,0,Certification Only,37,80,5.3,Placed,6.69,On-Campus / Off-Campus Placement,87,"Docker, Kubernetes, System Design, Python, SQL"
STU11418,22,Female,B.Sc (CS/IT),2024,Apex Institute of Technology (Tier 2),Business Analytics,AWS Certified Solutions Architect; Meta Front-End Developer Specialization,Meta; AWS,2,None,None,0,0,Certification Only,29,80,5.3,Placed,8.7,On-Campus / Off-Campus Placement,100,"Tableau, Docker, Power BI, Data Analysis, SQL"
STU11419,24,Female,BCA,2025,State Tech University (Tier 2),Data Science & Artificial Intelligence,Docker & Kubernetes Developer Cert,Meta,1,InnovateTech Startup,Product & Business Analytics,2,1,Both (Hybrid),68,50,6.9,Placed,7.92,On-Campus / Off-Campus Placement,87,"Communication, Kubernetes, AWS, Problem Solving, Java, Git, Power BI"
STU11420,22,Female,MBA (Tech & Analytics),2025,Apex Institute of Technology (Tier 2),Computer Science & Engineering,Microsoft Certified: Azure Developer; Google Professional Data Engineer,Coursera; Meta,2,None,None,0,0,Certification Only,46,76,5.1,Placed,7.69,On-Campus / Off-Campus Placement,120,"Python, SQL, System Design, Power BI, Data Analysis"
STU11421,22,Male,B.Tech,2023,State Tech University (Tier 2),Computer Science & Engineering,Certified Information Systems Security Professional (CISSP),Coursera,1,InnovateTech Startup,Cyber Security,11,2,Both (Hybrid),100,49,10.0,Placed,17.84,Direct PPO (Pre-Placement Offer),19,"Java, Machine Learning, Kubernetes, Git, Problem Solving, AWS, Power BI, SQL, Data Analysis, System Design"
STU11422,21,Female,B.Tech,2025,Regional Tech Institute (Tier 3),Computer Science & Engineering,Coursera Machine Learning Specialization,Microsoft Azure,1,None,None,0,0,Certification Only,35,55,4.0,Placed,4.83,On-Campus / Off-Campus Placement,74,"Communication, Docker, Machine Learning, Power BI"
STU11423,21,Male,B.Tech,2025,State Tech University (Tier 2),Computer Science & Engineering,TensorFlow Developer Certificate; IBM Data Science Professional,Coursera; Google Cloud,2,None,None,0,0,Certification Only,34,75,5.5,Placed,8.01,On-Campus / Off-Campus Placement,94,"Tableau, Communication, Git, React, Power BI"
STU11424,25,Non-Binary,B.Tech,2023,City Engineering College (Tier 3),Data Science & Artificial Intelligence,IBM Data Science Professional; NPTEL Cloud Computing & Distributed Systems,Google Cloud; NPTEL,2,Infosys Center,Cyber Security,2,1,Both (Hybrid),50,59,6.7,Placed,9.94,On-Campus / Off-Campus Placement,47,"Docker, System Design, Communication, Java, React, Tableau, SQL, Python, Git"
STU11425,25,Male,B.Tech,2025,State Tech University (Tier 2),Computer Science & Engineering,IBM Data Science Professional; AWS Certified Solutions Architect,Coursera; AWS,2,Infosys Center,Artificial Intelligence / ML,3,3,Both (Hybrid),100,85,10.0,Placed,15.64,Internship Conversion,5,"AWS, System Design, Power BI, Kubernetes, React, Docker, Problem Solving, SQL, Python, Data Analysis"
STU11426,21,Female,MBA (Tech & Analytics),2025,IIT / NIT Group (Tier 1),Computer Science & Engineering,Microsoft Certified: Azure Developer,Microsoft Azure,1,TCS Innovation Labs,Software Engineering,3,3,Both (Hybrid),100,74,10.0,Placed,17.58,Internship Conversion,5,"Problem Solving, Data Analysis, Power BI, Tableau, SQL, React, Git, Python, Communication, AWS"
STU11427,25,Female,B.Sc (CS/IT),2023,Apex Institute of Technology (Tier 2),Computer Science & Engineering,Docker & Kubernetes Developer Cert; Meta Front-End Developer Specialization,Google Cloud; NPTEL,2,Amazon AWS,Data Science & Analytics,2,2,Both (Hybrid),77,72,8.8,Placed,11.62,Internship Conversion,67,"Tableau, Java, Problem Solving, Communication, SQL, Git, React, Power BI, AWS, Python"
STU11428,22,Female,B.Tech,2023,IIT / NIT Group (Tier 1),Electronics & Communication,Certified Information Systems Security Professional (CISSP),NPTEL,1,FinTech Solutions,Software Engineering,2,1,Both (Hybrid),80,64,7.2,Placed,11.76,Internship Conversion,81,"AWS, Data Analysis, Power BI, Problem Solving, Docker, React, Machine Learning, System Design"
STU11429,24,Male,BCA,2026,State Tech University (Tier 2),Data Science & Artificial Intelligence,Certified Information Systems Security Professional (CISSP); IBM Data Science Professional,Udemy; IBM,2,Infosys Center,Cloud & DevOps,9,1,Both (Hybrid),78,74,9.3,Placed,15.14,Direct PPO (Pre-Placement Offer),38,"Power BI, Problem Solving, Git, Data Analysis, Machine Learning, Tableau, SQL, Communication, Java"
STU11430,22,Female,B.Sc (CS/IT),2024,BITS & Top National Inst (Tier 1),Data Science & Artificial Intelligence,Microsoft Certified: Azure Developer,NPTEL,1,Amazon AWS,Software Engineering,3,2,Both (Hybrid),90,62,8.5,Placed,15.69,On-Campus / Off-Campus Placement,59,"System Design, Git, Kubernetes, SQL, Java, Machine Learning, Power BI, React, Python, Docker"
STU11431,22,Male,MBA (Tech & Analytics),2024,Apex Institute of Technology (Tier 2),Business Analytics,TensorFlow Developer Certificate; Google Professional Data Engineer,IBM; AWS,2,DataMetrics Labs,Artificial Intelligence / ML,3,1,Both (Hybrid),62,75,7.3,Placed,13.33,On-Campus / Off-Campus Placement,41,"Kubernetes, Communication, React, AWS, Python, Power BI, Tableau, Java"
STU11432,22,Female,M.Tech,2023,Regional Tech Institute (Tier 3),Computer Science & Engineering,Coursera Machine Learning Specialization; TensorFlow Developer Certificate; Meta Front-End Developer Specialization,Coursera; IBM; Microsoft Azure,3,TCS Innovation Labs,Artificial Intelligence / ML,7,2,Both (Hybrid),93,85,9.3,Placed,12.55,Direct PPO (Pre-Placement Offer),6,"Problem Solving, Communication, SQL, Docker, Machine Learning, System Design, Tableau, Power BI, AWS, Kubernetes"
STU11433,23,Male,BCA,2025,State Tech University (Tier 2),Cyber Security,Microsoft Certified: Azure Developer,Udemy,1,None,None,0,0,Certification Only,40,52,4.7,Placed,9.74,On-Campus / Off-Campus Placement,115,"Problem Solving, AWS, Kubernetes, Tableau"
STU11434,21,Male,B.Sc (CS/IT),2025,City Engineering College (Tier 3),Information Technology,Google Professional Data Engineer,Meta,1,DataMetrics Labs,Product & Business Analytics,6,1,Both (Hybrid),63,51,6.5,Placed,11.44,On-Campus / Off-Campus Placement,65,"Power BI, React, Git, AWS, Communication, Data Analysis"
STU11435,21,Female,BCA,2025,State Tech University (Tier 2),Computer Science & Engineering,Docker & Kubernetes Developer Cert; AWS Certified Solutions Architect,IBM; NPTEL,2,Amazon AWS,Artificial Intelligence / ML,3,1,Both (Hybrid),73,70,7.2,Placed,12.82,On-Campus / Off-Campus Placement,78,"Python, Kubernetes, Docker, Java, Tableau, Data Analysis, React, Git, System Design"
STU11436,22,Male,BCA,2023,State Tech University (Tier 2),Information Technology,Certified Information Systems Security Professional (CISSP); TensorFlow Developer Certificate,Udemy; Google Cloud,2,None,None,0,0,Certification Only,42,75,4.9,Placed,9.91,On-Campus / Off-Campus Placement,109,"React, Java, Data Analysis, Power BI, Python, Docker, Kubernetes"
STU11437,23,Male,B.Tech,2026,Regional Tech Institute (Tier 3),Electronics & Communication,IBM Data Science Professional; AWS Certified Solutions Architect,IBM; Google Cloud,2,Infosys Center,Cyber Security,2,2,Both (Hybrid),57,65,7.4,Placed,10.03,Internship Conversion,49,"AWS, Kubernetes, Power BI, System Design, React, Machine Learning, Tableau, Problem Solving, SQL, Git"
STU11438,21,Male,B.Tech,2024,City Engineering College (Tier 3),Data Science & Artificial Intelligence,Docker & Kubernetes Developer Cert; IBM Data Science Professional,Udemy; Meta,2,Infosys Center,Cyber Security,7,2,Both (Hybrid),83,69,8.9,Placed,13.28,On-Campus / Off-Campus Placement,13,"Python, System Design, Communication, Kubernetes, Power BI, Tableau, Problem Solving, Data Analysis, Machine Learning, AWS"
STU11439,23,Male,BCA,2024,Apex Institute of Technology (Tier 2),Electronics & Communication,Docker & Kubernetes Developer Cert,Udemy,1,None,None,0,0,Certification Only,39,62,4.7,Placed,8.62,On-Campus / Off-Campus Placement,83,"Machine Learning, AWS, Docker, SQL"
STU11440,25,Female,B.Tech,2024,State Tech University (Tier 2),Computer Science & Engineering,Microsoft Certified: Azure Developer,Coursera,1,TCS Innovation Labs,Software Engineering,3,3,Both (Hybrid),100,51,9.3,Placed,16.44,On-Campus / Off-Campus Placement,5,"Java, Kubernetes, Git, AWS, Machine Learning, SQL, Python, Communication, Power BI, React"
STU11441,21,Female,B.Tech,2024,State Tech University (Tier 2),Computer Science & Engineering,Docker & Kubernetes Developer Cert,IBM,1,Amazon AWS,Data Science & Analytics,2,1,Both (Hybrid),54,59,6.2,Unplaced,0.0,Not Converted,-1,"Data Analysis, Docker, Java, Communication, React, Machine Learning, Kubernetes"
STU11442,23,Male,B.Sc (CS/IT),2026,BITS & Top National Inst (Tier 1),Computer Science & Engineering,None,None,0,CyberGuard Analytics,Product & Business Analytics,3,3,Internship Only,100,46,10.0,Placed,19.17,Internship Conversion,8,"Java, Communication, Power BI, AWS, React, SQL, Kubernetes, Python, System Design, Data Analysis"
STU11443,22,Male,B.Tech,2026,State Tech University (Tier 2),Computer Science & Engineering,Coursera Machine Learning Specialization; Google Professional Data Engineer,Udemy; IBM,2,Infosys Center,Software Engineering,2,1,Both (Hybrid),72,77,6.9,Placed,10.33,On-Campus / Off-Campus Placement,43,"SQL, React, Machine Learning, Problem Solving, Power BI, Communication, Python, Java, Tableau"
STU11444,24,Male,BCA,2024,State Tech University (Tier 2),Computer Science & Engineering,None,None,0,Microsoft Tech,Artificial Intelligence / ML,11,2,Internship Only,100,57,9.4,Placed,15.9,On-Campus / Off-Campus Placement,5,"Data Analysis, Git, Power BI, Tableau, Docker, Communication, Machine Learning"
STU11445,21,Male,BCA,2026,City Engineering College (Tier 3),Business Analytics,Coursera Machine Learning Specialization; IBM Data Science Professional; AWS Certified Solutions Architect,IBM; Coursera; NPTEL,4,Google India,Artificial Intelligence / ML,9,3,Both (Hybrid),100,87,10.0,Placed,18.91,On-Campus / Off-Campus Placement,5,"Java, Problem Solving, Tableau, AWS, Python, Power BI, React, SQL, System Design, Communication"
STU11446,23,Female,MBA (Tech & Analytics),2025,City Engineering College (Tier 3),Computer Science & Engineering,AWS Certified Solutions Architect; Certified Information Systems Security Professional (CISSP); IBM Data Science Professional,Udemy; Google Cloud; IBM,3,Deloitte Consulting,Artificial Intelligence / ML,2,2,Both (Hybrid),67,66,7.7,Placed,12.02,On-Campus / Off-Campus Placement,20,"Machine Learning, Tableau, React, SQL, Problem Solving, AWS, Python, Java, Power BI, Docker"
STU11447,23,Female,B.Tech,2026,State Tech University (Tier 2),Data Science & Artificial Intelligence,Certified Information Systems Security Professional (CISSP); NPTEL Cloud Computing & Distributed Systems; Microsoft Certified: Azure Developer,Meta; NPTEL; Google Cloud,3,None,None,0,0,Certification Only,45,83,5.6,Unplaced,0.0,Not Converted,-1,"Docker, AWS, Data Analysis, Machine Learning, Kubernetes, React, Communication, Power BI, Git"
STU11448,24,Male,B.Tech,2024,IIT / NIT Group (Tier 1),Data Science & Artificial Intelligence,AWS Certified Solutions Architect; Certified Information Systems Security Professional (CISSP); Docker & Kubernetes Developer Cert,NPTEL; Google Cloud; Coursera,4,None,None,0,0,Certification Only,50,82,6.3,Placed,12.46,On-Campus / Off-Campus Placement,67,"Power BI, Kubernetes, Java, Tableau, Problem Solving, Docker, Git, Data Analysis, Communication, Python"
STU11449,23,Male,BCA,2025,City Engineering College (Tier 3),Business Analytics,Google Professional Data Engineer,IBM,1,FinTech Solutions,Software Engineering,9,1,Both (Hybrid),73,58,7.4,Placed,9.38,Direct PPO (Pre-Placement Offer),49,"Java, Git, System Design, Docker, React, Tableau, Problem Solving"
STU11450,22,Male,B.Sc (CS/IT),2024,BITS & Top National Inst (Tier 1),Cyber Security,IBM Data Science Professional; Docker & Kubernetes Developer Cert; Google Professional Data Engineer,Udemy; Coursera; Meta,3,Google India,Product & Business Analytics,2,1,Both (Hybrid),69,87,7.1,Placed,13.98,On-Campus / Off-Campus Placement,31,"Tableau, AWS, Communication, Java, Problem Solving, Power BI, React, Python, Docker, Machine Learning"
STU11451,22,Female,MBA (Tech & Analytics),2025,Apex Institute of Technology (Tier 2),Electronics & Communication,None,None,0,Amazon AWS,Data Science & Analytics,3,2,Internship Only,79,59,7.9,Placed,14.87,On-Campus / Off-Campus Placement,60,"Machine Learning, SQL, React, Kubernetes, Power BI, Tableau, Java, Problem Solving, Docker"
STU11452,24,Non-Binary,B.Tech,2023,IIT / NIT Group (Tier 1),Cyber Security,None,None,0,Amazon AWS,Cyber Security,2,2,Internship Only,82,50,8.4,Placed,14.4,On-Campus / Off-Campus Placement,69,"Tableau, React, Python, Kubernetes, SQL, Data Analysis, Git, AWS, Docker"
STU11453,22,Male,B.Tech,2025,State Tech University (Tier 2),Electronics & Communication,IBM Data Science Professional; NPTEL Cloud Computing & Distributed Systems; TensorFlow Developer Certificate,NPTEL; Meta; AWS,3,Microsoft Tech,Software Engineering,2,1,Both (Hybrid),59,89,7.5,Placed,12.77,On-Campus / Off-Campus Placement,79,"System Design, Problem Solving, Tableau, Machine Learning, Power BI, Git, Data Analysis, SQL, React, Kubernetes"
STU11454,21,Male,M.Tech,2024,Regional Tech Institute (Tier 3),Cyber Security,None,None,0,FinTech Solutions,Cloud & DevOps,3,1,Internship Only,49,46,5.8,Placed,7.09,Internship Conversion,67,"Git, Docker, Power BI, Kubernetes, Machine Learning, Java"
STU11455,24,Female,B.Tech,2024,IIT / NIT Group (Tier 1),Information Technology,Certified Information Systems Security Professional (CISSP); TensorFlow Developer Certificate; Meta Front-End Developer Specialization,Udemy; NPTEL; IBM,5,Deloitte Consulting,Cyber Security,2,2,Both (Hybrid),79,100,10.0,Placed,16.21,On-Campus / Off-Campus Placement,32,"SQL, Java, React, Problem Solving, Communication, Machine Learning, Tableau, Python, System Design, Git"
STU11456,23,Female,BCA,2025,State Tech University (Tier 2),Computer Science & Engineering,IBM Data Science Professional; Google Professional Data Engineer,Microsoft Azure; Udemy,2,CyberGuard Analytics,Software Engineering,6,1,Both (Hybrid),78,75,7.5,Placed,13.84,Direct PPO (Pre-Placement Offer),33,"Python, Power BI, Problem Solving, Git, AWS, SQL, Tableau, Kubernetes, Communication"
STU11457,23,Male,B.Tech,2026,State Tech University (Tier 2),Data Science & Artificial Intelligence,NPTEL Cloud Computing & Distributed Systems; TensorFlow Developer Certificate; Coursera Machine Learning Specialization,Microsoft Azure; AWS; Udemy,3,TCS Innovation Labs,Data Science & Analytics,2,2,Both (Hybrid),83,92,8.3,Placed,17.67,On-Campus / Off-Campus Placement,50,"Java, Git, Kubernetes, Machine Learning, Communication, Docker, SQL, Power BI, System Design, Problem Solving"
STU11458,21,Male,B.Tech,2025,City Engineering College (Tier 3),Information Technology,TensorFlow Developer Certificate,Google Cloud,1,Infosys Center,Cyber Security,9,1,Both (Hybrid),62,48,7.4,Placed,10.32,On-Campus / Off-Campus Placement,61,"React, Data Analysis, Problem Solving, Communication, Git, AWS, SQL"
STU11459,23,Male,B.Tech,2026,City Engineering College (Tier 3),Data Science & Artificial Intelligence,Google Professional Data Engineer; Certified Information Systems Security Professional (CISSP),IBM; Microsoft Azure,2,Microsoft Tech,Product & Business Analytics,3,1,Both (Hybrid),64,69,6.5,Placed,8.81,Internship Conversion,41,"Communication, Java, Git, Problem Solving, AWS, Docker, Tableau, Python, Data Analysis"
STU11460,22,Female,B.Tech,2024,BITS & Top National Inst (Tier 1),Computer Science & Engineering,None,None,0,Amazon AWS,Cyber Security,4,3,Internship Only,100,63,9.5,Placed,19.27,Internship Conversion,19,"Tableau, Kubernetes, AWS, Machine Learning, Power BI, System Design, Java, Python, Communication, Data Analysis"
STU11461,23,Male,BCA,2025,IIT / NIT Group (Tier 1),Data Science & Artificial Intelligence,Google Professional Data Engineer; Microsoft Certified: Azure Developer; Meta Front-End Developer Specialization,Meta; Google Cloud; AWS,3,CyberGuard Analytics,Software Engineering,3,1,Both (Hybrid),72,87,7.4,Placed,13.9,On-Campus / Off-Campus Placement,75,"Power BI, Java, Communication, SQL, Git, Tableau, System Design, Data Analysis, Machine Learning, AWS"
STU11462,21,Male,MBA (Tech & Analytics),2024,Apex Institute of Technology (Tier 2),Business Analytics,None,None,0,DataMetrics Labs,Cyber Security,11,2,Internship Only,94,43,10.0,Placed,15.7,Internship Conversion,33,"Python, Communication, React, Machine Learning, Docker, Git, Power BI"
STU11463,23,Female,B.Tech,2023,State Tech University (Tier 2),Computer Science & Engineering,Coursera Machine Learning Specialization; NPTEL Cloud Computing & Distributed Systems,IBM; Google Cloud,2,InnovateTech Startup,Product & Business Analytics,6,1,Both (Hybrid),67,69,8.6,Placed,14.81,Direct PPO (Pre-Placement Offer),66,"Machine Learning, Tableau, Problem Solving, Java, Power BI, SQL, System Design, Data Analysis, Communication"
STU11464,25,Male,B.Sc (CS/IT),2025,Apex Institute of Technology (Tier 2),Electronics & Communication,Google Professional Data Engineer,Udemy,1,InnovateTech Startup,Data Science & Analytics,2,1,Both (Hybrid),62,61,6.3,Placed,11.84,Internship Conversion,69,"Problem Solving, Machine Learning, Data Analysis, Tableau, AWS, Power BI"
STU11465,21,Female,B.Tech,2025,IIT / NIT Group (Tier 1),Information Technology,None,None,0,DataMetrics Labs,Product & Business Analytics,9,3,Internship Only,100,52,10.0,Placed,19.49,Internship Conversion,5,"Power BI, Java, Git, Data Analysis, Tableau, System Design, SQL, AWS, Problem Solving, Communication"
STU11466,25,Male,BCA,2025,BITS & Top National Inst (Tier 1),Cyber Security,Docker & Kubernetes Developer Cert,NPTEL,1,InnovateTech Startup,Artificial Intelligence / ML,3,2,Both (Hybrid),78,68,8.9,Placed,17.53,On-Campus / Off-Campus Placement,69,"Docker, SQL, Tableau, System Design, React, Git, Problem Solving, Communication, Kubernetes"
STU11467,22,Male,B.Tech,2025,Apex Institute of Technology (Tier 2),Business Analytics,None,None,0,Deloitte Consulting,Cyber Security,4,3,Internship Only,100,58,9.7,Placed,14.99,Internship Conversion,22,"Power BI, Machine Learning, AWS, Tableau, React, System Design, Python, SQL, Java, Data Analysis"
STU11468,24,Female,MBA (Tech & Analytics),2025,BITS & Top National Inst (Tier 1),Electronics & Communication,Coursera Machine Learning Specialization; Meta Front-End Developer Specialization,Microsoft Azure; NPTEL,2,FinTech Solutions,Product & Business Analytics,9,3,Both (Hybrid),100,76,10.0,Placed,19.56,On-Campus / Off-Campus Placement,5,"Communication, Power BI, System Design, React, Data Analysis, Problem Solving, Kubernetes, Git, Docker, Tableau"
STU11469,23,Male,B.Sc (CS/IT),2023,City Engineering College (Tier 3),Data Science & Artificial Intelligence,Microsoft Certified: Azure Developer,IBM,1,None,None,0,0,Certification Only,33,51,3.7,Placed,4.55,On-Campus / Off-Campus Placement,118,"Tableau, Data Analysis, Communication, Java"
STU11470,22,Non-Binary,BCA,2023,IIT / NIT Group (Tier 1),Computer Science & Engineering,Certified Information Systems Security Professional (CISSP),Udemy,1,Deloitte Consulting,Product & Business Analytics,19,3,Both (Hybrid),100,65,10.0,Placed,25.3,On-Campus / Off-Campus Placement,5,"AWS, Docker, Communication, React, Python, System Design, Java, Tableau, Git, SQL"
STU11471,23,Female,B.Sc (CS/IT),2025,BITS & Top National Inst (Tier 1),Data Science & Artificial Intelligence,Microsoft Certified: Azure Developer; Google Professional Data Engineer,Microsoft Azure; IBM,2,None,None,0,0,Certification Only,44,76,6.6,Placed,9.72,On-Campus / Off-Campus Placement,90,"React, Data Analysis, Git, SQL, Python, Problem Solving, Docker"
STU11472,24,Male,BCA,2024,Regional Tech Institute (Tier 3),Electronics & Communication,AWS Certified Solutions Architect,Microsoft Azure,1,None,None,0,0,Certification Only,24,61,2.6,Unplaced,0.0,Not Converted,-1,"Java, Python, Kubernetes, Git"
STU11473,22,Female,MBA (Tech & Analytics),2023,State Tech University (Tier 2),Business Analytics,NPTEL Cloud Computing & Distributed Systems,NPTEL,1,Amazon AWS,Product & Business Analytics,2,2,Both (Hybrid),81,62,7.9,Placed,12.88,On-Campus / Off-Campus Placement,41,"AWS, Kubernetes, Data Analysis, Java, Machine Learning, Docker, Tableau, Python, Communication, React"
STU11474,22,Male,B.Sc (CS/IT),2024,Apex Institute of Technology (Tier 2),Electronics & Communication,Coursera Machine Learning Specialization; Meta Front-End Developer Specialization; TensorFlow Developer Certificate,Udemy; Coursera; NPTEL,3,CyberGuard Analytics,Cloud & DevOps,3,1,Both (Hybrid),68,83,7.8,Placed,12.29,On-Campus / Off-Campus Placement,45,"Power BI, Problem Solving, System Design, Data Analysis, Git, Java, AWS, Tableau, Machine Learning, Communication"
STU11475,23,Female,M.Tech,2025,BITS & Top National Inst (Tier 1),Computer Science & Engineering,None,None,0,Microsoft Tech,Data Science & Analytics,4,3,Internship Only,100,57,9.6,Placed,20.64,On-Campus / Off-Campus Placement,40,"Python, SQL, Machine Learning, Docker, Git, Tableau, AWS, React, Kubernetes, Java"
STU11476,23,Male,BCA,2024,Apex Institute of Technology (Tier 2),Data Science & Artificial Intelligence,None,None,0,Google India,Artificial Intelligence / ML,9,1,Internship Only,66,55,7.9,Placed,11.78,Direct PPO (Pre-Placement Offer),78,"System Design, React, Python, Communication"
STU11477,23,Female,B.Tech,2025,Apex Institute of Technology (Tier 2),Computer Science & Engineering,IBM Data Science Professional,Microsoft Azure,1,TCS Innovation Labs,Cloud & DevOps,2,1,Both (Hybrid),75,62,6.0,Placed,11.95,Internship Conversion,78,"Power BI, SQL, Communication, AWS, System Design, Kubernetes"
STU11478,23,Male,BCA,2025,State Tech University (Tier 2),Computer Science & Engineering,IBM Data Science Professional,Coursera,1,None,None,0,0,Certification Only,45,52,4.5,Placed,8.68,On-Campus / Off-Campus Placement,111,"Problem Solving, Data Analysis, Power BI, Python, AWS"
STU11479,22,Male,B.Tech,2024,City Engineering College (Tier 3),Computer Science & Engineering,IBM Data Science Professional; Meta Front-End Developer Specialization,IBM; Microsoft Azure,2,FinTech Solutions,Cloud & DevOps,2,1,Both (Hybrid),57,78,5.3,Placed,9.52,On-Campus / Off-Campus Placement,84,"Java, Communication, Kubernetes, React, Power BI, System Design, Problem Solving, Docker, Git, SQL"
STU11480,23,Female,BCA,2025,Apex Institute of Technology (Tier 2),Computer Science & Engineering,Certified Information Systems Security Professional (CISSP),IBM,1,Microsoft Tech,Cyber Security,2,1,Both (Hybrid),64,51,7.0,Placed,11.05,On-Campus / Off-Campus Placement,94,"Data Analysis, AWS, Git, Tableau, Kubernetes, SQL, Communication, Python"
STU11481,21,Female,B.Tech,2025,State Tech University (Tier 2),Electronics & Communication,TensorFlow Developer Certificate; Certified Information Systems Security Professional (CISSP); Microsoft Certified: Azure Developer,Microsoft Azure; IBM; AWS,3,None,None,0,0,Certification Only,47,85,5.8,Placed,8.4,On-Campus / Off-Campus Placement,98,"Java, Docker, React, AWS, Tableau, System Design, Communication"
STU11482,22,Male,BCA,2025,Apex Institute of Technology (Tier 2),Computer Science & Engineering,None,None,0,Microsoft Tech,Product & Business Analytics,3,2,Internship Only,79,42,7.5,Placed,13.8,Internship Conversion,40,"System Design, Problem Solving, Machine Learning, Power BI, Communication, Data Analysis, Git, Java"
STU11483,21,Male,B.Tech,2025,Apex Institute of Technology (Tier 2),Computer Science & Engineering,AWS Certified Solutions Architect,Coursera,1,DataMetrics Labs,Data Science & Analytics,14,3,Both (Hybrid),100,59,10.0,Placed,20.61,Direct PPO (Pre-Placement Offer),5,"Problem Solving, SQL, Data Analysis, Tableau, AWS, Docker, Java, Power BI, Kubernetes, Git"
STU11484,22,Female,B.Tech,2023,BITS & Top National Inst (Tier 1),Cyber Security,Certified Information Systems Security Professional (CISSP),NPTEL,1,Microsoft Tech,Artificial Intelligence / ML,6,1,Both (Hybrid),79,70,8.1,Placed,16.98,On-Campus / Off-Campus Placement,46,"Docker, Problem Solving, Data Analysis, Tableau, React, SQL"
STU11485,22,Female,B.Tech,2025,State Tech University (Tier 2),Data Science & Artificial Intelligence,Docker & Kubernetes Developer Cert; Google Professional Data Engineer,IBM; Coursera,2,Deloitte Consulting,Data Science & Analytics,3,1,Both (Hybrid),64,65,7.0,Placed,11.63,Internship Conversion,66,"React, AWS, Git, Tableau, System Design, SQL, Kubernetes, Power BI, Java, Docker"
STU11486,22,Male,MBA (Tech & Analytics),2024,State Tech University (Tier 2),Computer Science & Engineering,Certified Information Systems Security Professional (CISSP); Microsoft Certified: Azure Developer; TensorFlow Developer Certificate,IBM; Microsoft Azure; AWS,4,None,None,0,0,Certification Only,35,88,6.2,Placed,11.34,On-Campus / Off-Campus Placement,105,"AWS, Communication, React, Tableau, System Design, Python, Java, Power BI, Kubernetes"
STU11487,23,Male,B.Tech,2026,State Tech University (Tier 2),Computer Science & Engineering,AWS Certified Solutions Architect; NPTEL Cloud Computing & Distributed Systems,AWS; Udemy,2,None,None,0,0,Certification Only,44,71,4.6,Placed,8.44,On-Campus / Off-Campus Placement,83,"Git, Data Analysis, System Design, Communication, AWS"
STU11488,22,Male,B.Tech,2025,Apex Institute of Technology (Tier 2),Computer Science & Engineering,Google Professional Data Engineer; Docker & Kubernetes Developer Cert; Microsoft Certified: Azure Developer,AWS; Udemy; Google Cloud,5,FinTech Solutions,Cloud & DevOps,2,1,Both (Hybrid),61,100,8.3,Placed,13.12,On-Campus / Off-Campus Placement,23,"Java, Power BI, Tableau, Data Analysis, SQL, Python, AWS, Problem Solving, Kubernetes, Docker"
STU11489,22,Female,B.Sc (CS/IT),2025,State Tech University (Tier 2),Computer Science & Engineering,AWS Certified Solutions Architect,Udemy,1,FinTech Solutions,Product & Business Analytics,3,1,Both (Hybrid),61,55,7.4,Placed,10.92,Internship Conversion,74,"AWS, Kubernetes, SQL, Docker, Machine Learning, Python, Java, Data Analysis"
STU11490,21,Male,BCA,2024,Regional Tech Institute (Tier 3),Computer Science & Engineering,None,None,0,InnovateTech Startup,Data Science & Analytics,9,1,Internship Only,72,29,7.4,Placed,10.44,On-Campus / Off-Campus Placement,45,"AWS, Java, React, SQL, Git, Docker"
STU11491,22,Male,B.Tech,2024,State Tech University (Tier 2),Data Science & Artificial Intelligence,None,None,0,None,None,0,0,Neither,36,57,4.8,Unplaced,0.0,Not Converted,-1,"Java, AWS"
STU11492,21,Female,B.Tech,2024,State Tech University (Tier 2),Computer Science & Engineering,Google Professional Data Engineer,NPTEL,1,None,None,0,0,Certification Only,37,64,5.4,Placed,6.51,On-Campus / Off-Campus Placement,124,"AWS, System Design, Tableau, Kubernetes"
STU11493,21,Male,B.Tech,2024,Apex Institute of Technology (Tier 2),Data Science & Artificial Intelligence,Meta Front-End Developer Specialization,Google Cloud,1,Infosys Center,Product & Business Analytics,3,3,Both (Hybrid),98,59,9.1,Placed,16.68,On-Campus / Off-Campus Placement,5,"AWS, React, SQL, Communication, Git, Power BI, Kubernetes, System Design, Data Analysis, Tableau"
STU11494,22,Male,MBA (Tech & Analytics),2024,State Tech University (Tier 2),Electronics & Communication,None,None,0,DataMetrics Labs,Cloud & DevOps,3,2,Internship Only,87,54,8.1,Placed,12.73,On-Campus / Off-Campus Placement,23,"Kubernetes, Python, Communication, Tableau, Java, AWS, Power BI, React, Data Analysis"
STU11495,23,Male,B.Tech,2025,State Tech University (Tier 2),Data Science & Artificial Intelligence,Meta Front-End Developer Specialization,Microsoft Azure,1,InnovateTech Startup,Software Engineering,9,1,Both (Hybrid),79,55,7.9,Placed,12.36,Internship Conversion,39,"AWS, SQL, Kubernetes, Tableau, Machine Learning, Power BI"
STU11496,22,Male,B.Tech,2023,IIT / NIT Group (Tier 1),Business Analytics,IBM Data Science Professional,Meta,1,Infosys Center,Cyber Security,12,1,Both (Hybrid),94,79,9.1,Placed,18.61,Internship Conversion,33,"Data Analysis, AWS, SQL, React, Communication, Problem Solving, Git, Kubernetes"
STU11497,22,Male,B.Tech,2026,State Tech University (Tier 2),Data Science & Artificial Intelligence,None,None,0,DataMetrics Labs,Cyber Security,2,1,Internship Only,60,35,6.1,Placed,11.0,Internship Conversion,91,"Machine Learning, Kubernetes, Git, Java"
STU11498,22,Female,B.Tech,2023,State Tech University (Tier 2),Data Science & Artificial Intelligence,Google Professional Data Engineer,IBM,1,Google India,Product & Business Analytics,3,2,Both (Hybrid),82,59,8.4,Placed,14.34,On-Campus / Off-Campus Placement,53,"Java, Git, Data Analysis, Tableau, React, Python, SQL, AWS, Power BI"
STU11499,24,Male,B.Sc (CS/IT),2026,Regional Tech Institute (Tier 3),Electronics & Communication,Coursera Machine Learning Specialization; Docker & Kubernetes Developer Cert; Meta Front-End Developer Specialization,Udemy; IBM; Microsoft Azure,3,Amazon AWS,Data Science & Analytics,7,2,Both (Hybrid),89,79,10.0,Placed,12.66,Direct PPO (Pre-Placement Offer),5,"System Design, Python, Problem Solving, Java, Git, AWS, Machine Learning, Docker, Power BI, Tableau"
STU11500,22,Female,B.Tech,2026,State Tech University (Tier 2),Computer Science & Engineering,Docker & Kubernetes Developer Cert,IBM,1,DataMetrics Labs,Software Engineering,6,1,Both (Hybrid),77,60,8.0,Placed,12.51,Internship Conversion,27,"Data Analysis, Tableau, Power BI, Python, Docker, Communication, AWS, System Design"
STU11501,22,Female,B.Tech,2025,City Engineering College (Tier 3),Computer Science & Engineering,TensorFlow Developer Certificate; Google Professional Data Engineer,NPTEL; Meta,2,InnovateTech Startup,Software Engineering,3,2,Both (Hybrid),75,60,7.9,Placed,12.11,On-Campus / Off-Campus Placement,30,"Machine Learning, Git, SQL, AWS, Python, Docker, Communication, Kubernetes, System Design, Problem Solving"
STU11502,21,Female,B.Tech,2025,Apex Institute of Technology (Tier 2),Information Technology,Microsoft Certified: Azure Developer; Docker & Kubernetes Developer Cert,Microsoft Azure; NPTEL,2,Deloitte Consulting,Cyber Security,2,2,Both (Hybrid),91,65,8.5,Placed,12.98,Internship Conversion,31,"Communication, System Design, Problem Solving, Tableau, React, Git, AWS, Python, Machine Learning, Kubernetes"
STU11503,22,Male,B.Tech,2024,State Tech University (Tier 2),Data Science & Artificial Intelligence,Docker & Kubernetes Developer Cert,Coursera,1,Microsoft Tech,Product & Business Analytics,3,2,Both (Hybrid),93,72,8.2,Placed,12.73,On-Campus / Off-Campus Placement,24,"Python, Java, Data Analysis, Docker, Power BI, Tableau, System Design, React, Communication, SQL"
STU11504,22,Male,B.Tech,2025,State Tech University (Tier 2),Electronics & Communication,IBM Data Science Professional,Udemy,1,Amazon AWS,Artificial Intelligence / ML,3,3,Both (Hybrid),100,64,9.2,Placed,15.06,Internship Conversion,5,"Problem Solving, AWS, Python, Java, Data Analysis, Tableau, Communication, Docker, Git, Kubernetes"
STU11505,22,Male,B.Sc (CS/IT),2024,City Engineering College (Tier 3),Business Analytics,IBM Data Science Professional,Google Cloud,1,TCS Innovation Labs,Product & Business Analytics,3,1,Both (Hybrid),50,43,5.9,Unplaced,0.0,Not Converted,-1,"Git, Python, Power BI, Kubernetes, System Design, SQL"
STU11506,22,Male,B.Sc (CS/IT),2024,City Engineering College (Tier 3),Data Science & Artificial Intelligence,AWS Certified Solutions Architect; Google Professional Data Engineer,NPTEL; IBM,2,FinTech Solutions,Cyber Security,2,2,Both (Hybrid),77,61,7.6,Placed,11.29,On-Campus / Off-Campus Placement,40,"Power BI, AWS, Java, Kubernetes, React, Problem Solving, Git, Docker, SQL, Machine Learning"
STU11507,22,Male,M.Tech,2025,BITS & Top National Inst (Tier 1),Data Science & Artificial Intelligence,AWS Certified Solutions Architect,IBM,1,Microsoft Tech,Artificial Intelligence / ML,3,3,Both (Hybrid),100,66,9.7,Placed,16.34,Internship Conversion,14,"Git, System Design, Problem Solving, Power BI, Kubernetes, AWS, Python, Java, Communication, Machine Learning"
STU11508,22,Female,M.Tech,2024,State Tech University (Tier 2),Data Science & Artificial Intelligence,TensorFlow Developer Certificate,Udemy,1,DataMetrics Labs,Cloud & DevOps,6,1,Both (Hybrid),65,54,8.3,Placed,11.58,Direct PPO (Pre-Placement Offer),70,"Data Analysis, Problem Solving, Java, SQL, System Design, Docker"
STU11509,23,Male,BCA,2025,State Tech University (Tier 2),Cyber Security,None,None,0,None,None,0,0,Neither,41,54,3.9,Unplaced,0.0,Not Converted,-1,"SQL, System Design"
STU11510,23,Male,B.Tech,2024,IIT / NIT Group (Tier 1),Electronics & Communication,Docker & Kubernetes Developer Cert; Coursera Machine Learning Specialization; Microsoft Certified: Azure Developer,Microsoft Azure; Coursera; IBM,3,InnovateTech Startup,Software Engineering,15,2,Both (Hybrid),100,89,10.0,Placed,23.65,On-Campus / Off-Campus Placement,5,"Communication, System Design, SQL, Machine Learning, Kubernetes, Python, Power BI, Tableau, AWS, React"
STU11511,23,Male,B.Sc (CS/IT),2024,Apex Institute of Technology (Tier 2),Business Analytics,Google Professional Data Engineer,IBM,1,DataMetrics Labs,Product & Business Analytics,2,2,Both (Hybrid),77,72,7.7,Placed,12.83,On-Campus / Off-Campus Placement,54,"Power BI, Problem Solving, AWS, Python, React, Git, Java, SQL, Communication, Machine Learning"
STU11512,25,Female,B.Sc (CS/IT),2023,City Engineering College (Tier 3),Computer Science & Engineering,NPTEL Cloud Computing & Distributed Systems; Docker & Kubernetes Developer Cert,NPTEL; Coursera,2,DataMetrics Labs,Product & Business Analytics,9,1,Both (Hybrid),75,67,7.6,Placed,14.68,On-Campus / Off-Campus Placement,15,"Data Analysis, React, Problem Solving, Java, Python, System Design, Tableau, Git, Machine Learning, Docker"
STU11513,21,Male,B.Sc (CS/IT),2023,State Tech University (Tier 2),Electronics & Communication,Certified Information Systems Security Professional (CISSP),Coursera,1,None,None,0,0,Certification Only,36,54,4.7,Placed,9.1,On-Campus / Off-Campus Placement,94,"Tableau, Java, Power BI, Python, React"
STU11514,21,Female,BCA,2024,Apex Institute of Technology (Tier 2),Computer Science & Engineering,Meta Front-End Developer Specialization; Microsoft Certified: Azure Developer; Google Professional Data Engineer,Coursera; AWS; Google Cloud,3,FinTech Solutions,Artificial Intelligence / ML,4,3,Both (Hybrid),99,86,10.0,Placed,18.28,Internship Conversion,5,"Python, Java, Git, Communication, AWS, Power BI, SQL, Kubernetes, Machine Learning, Tableau"
STU11515,21,Male,B.Tech,2023,Apex Institute of Technology (Tier 2),Computer Science & Engineering,Google Professional Data Engineer; Microsoft Certified: Azure Developer,AWS; Microsoft Azure,2,Infosys Center,Artificial Intelligence / ML,2,1,Both (Hybrid),52,76,6.9,Placed,10.8,Internship Conversion,79,"Communication, Machine Learning, SQL, Problem Solving, System Design, Data Analysis, Docker, Git, AWS, Java"
STU11516,22,Female,B.Sc (CS/IT),2023,State Tech University (Tier 2),Business Analytics,Docker & Kubernetes Developer Cert,NPTEL,1,InnovateTech Startup,Product & Business Analytics,9,1,Both (Hybrid),83,55,8.4,Placed,14.08,Direct PPO (Pre-Placement Offer),62,"Data Analysis, AWS, React, Java, Power BI, Problem Solving, SQL, Kubernetes"
STU11517,24,Female,B.Sc (CS/IT),2025,BITS & Top National Inst (Tier 1),Computer Science & Engineering,NPTEL Cloud Computing & Distributed Systems; AWS Certified Solutions Architect; IBM Data Science Professional,AWS; Meta; Microsoft Azure,4,FinTech Solutions,Product & Business Analytics,9,3,Both (Hybrid),100,100,10.0,Placed,22.95,Direct PPO (Pre-Placement Offer),5,"Power BI, Machine Learning, Java, React, Data Analysis, AWS, Tableau, Python, Docker, Git"
STU11518,21,Male,MBA (Tech & Analytics),2023,Apex Institute of Technology (Tier 2),Cyber Security,IBM Data Science Professional; Coursera Machine Learning Specialization,NPTEL; AWS,2,Amazon AWS,Cyber Security,2,1,Both (Hybrid),59,75,8.1,Placed,13.34,On-Campus / Off-Campus Placement,62,"React, Git, Communication, SQL, System Design, Machine Learning, Python, Tableau, Docker, Problem Solving"
STU11519,24,Male,B.Tech,2025,City Engineering College (Tier 3),Computer Science & Engineering,None,None,0,Infosys Center,Software Engineering,3,2,Internship Only,87,41,6.9,Placed,9.91,On-Campus / Off-Campus Placement,48,"Git, Data Analysis, AWS, Machine Learning, Kubernetes, Docker, Communication"
STU11520,21,Male,B.Tech,2024,Apex Institute of Technology (Tier 2),Electronics & Communication,None,None,0,DataMetrics Labs,Artificial Intelligence / ML,11,2,Internship Only,99,44,10.0,Placed,15.56,Direct PPO (Pre-Placement Offer),9,"Power BI, Git, React, SQL, Docker, Problem Solving, System Design, AWS"
STU11521,24,Male,B.Tech,2026,IIT / NIT Group (Tier 1),Computer Science & Engineering,Google Professional Data Engineer; Coursera Machine Learning Specialization; Certified Information Systems Security Professional (CISSP),Coursera; Google Cloud; Microsoft Azure,3,Microsoft Tech,Data Science & Analytics,3,3,Both (Hybrid),100,93,10.0,Placed,16.77,On-Campus / Off-Campus Placement,5,"Java, Power BI, Tableau, System Design, Docker, SQL, Machine Learning, Data Analysis, AWS, Python"
STU11522,22,Female,B.Sc (CS/IT),2024,BITS & Top National Inst (Tier 1),Data Science & Artificial Intelligence,Meta Front-End Developer Specialization; Certified Information Systems Security Professional (CISSP); Google Professional Data Engineer,Google Cloud; AWS; IBM,3,CyberGuard Analytics,Software Engineering,3,1,Both (Hybrid),72,100,8.6,Placed,14.77,On-Campus / Off-Campus Placement,46,"Java, Python, React, Kubernetes, Data Analysis, Power BI, Git, Problem Solving, AWS, System Design"
STU11523,21,Female,B.Tech,2024,IIT / NIT Group (Tier 1),Computer Science & Engineering,Meta Front-End Developer Specialization; TensorFlow Developer Certificate,AWS; Udemy,2,FinTech Solutions,Cyber Security,9,3,Both (Hybrid),100,87,10.0,Placed,18.81,Direct PPO (Pre-Placement Offer),5,"Git, Python, Tableau, Kubernetes, React, AWS, SQL, Communication, Problem Solving, Machine Learning"
STU11524,22,Female,B.Tech,2025,Apex Institute of Technology (Tier 2),Data Science & Artificial Intelligence,Microsoft Certified: Azure Developer; NPTEL Cloud Computing & Distributed Systems,IBM; NPTEL,2,TCS Innovation Labs,Software Engineering,6,1,Both (Hybrid),68,79,8.1,Placed,16.38,Internship Conversion,43,"Power BI, Docker, Data Analysis, React, System Design, SQL, Communication, Machine Learning"
STU11525,22,Female,MBA (Tech & Analytics),2024,Apex Institute of Technology (Tier 2),Computer Science & Engineering,AWS Certified Solutions Architect; TensorFlow Developer Certificate,Coursera; AWS,2,Amazon AWS,Cyber Security,9,1,Both (Hybrid),86,66,8.8,Placed,14.75,Direct PPO (Pre-Placement Offer),42,"SQL, Communication, Kubernetes, Docker, Power BI, Tableau, AWS, Machine Learning"
STU11526,22,Male,B.Tech,2025,IIT / NIT Group (Tier 1),Information Technology,TensorFlow Developer Certificate,Coursera,1,Deloitte Consulting,Product & Business Analytics,2,1,Both (Hybrid),68,75,6.3,Placed,13.11,On-Campus / Off-Campus Placement,61,"Power BI, Communication, SQL, Python, System Design, AWS, Tableau, Data Analysis"
STU11527,22,Male,B.Sc (CS/IT),2023,City Engineering College (Tier 3),Computer Science & Engineering,Meta Front-End Developer Specialization; Google Professional Data Engineer,Coursera; Udemy,2,Microsoft Tech,Artificial Intelligence / ML,6,1,Both (Hybrid),58,52,6.2,Placed,9.69,Internship Conversion,42,"Git, Python, System Design, Tableau, Communication, SQL, Kubernetes, Problem Solving, Machine Learning"
STU11528,23,Female,B.Tech,2026,Apex Institute of Technology (Tier 2),Computer Science & Engineering,None,None,0,FinTech Solutions,Software Engineering,2,1,Internship Only,61,55,6.4,Placed,10.67,On-Campus / Off-Campus Placement,81,"Problem Solving, Docker, Kubernetes, SQL, System Design"
STU11529,22,Male,B.Sc (CS/IT),2024,Apex Institute of Technology (Tier 2),Computer Science & Engineering,Coursera Machine Learning Specialization; IBM Data Science Professional; TensorFlow Developer Certificate,Meta; Google Cloud; Coursera,4,DataMetrics Labs,Data Science & Analytics,3,2,Both (Hybrid),77,95,9.5,Placed,15.22,On-Campus / Off-Campus Placement,5,"Docker, React, Power BI, Problem Solving, Data Analysis, Communication, Kubernetes, SQL, Machine Learning, AWS"
STU11530,22,Female,BCA,2024,Regional Tech Institute (Tier 3),Data Science & Artificial Intelligence,Docker & Kubernetes Developer Cert; Google Professional Data Engineer; Microsoft Certified: Azure Developer,Google Cloud; Udemy; IBM,3,Google India,Software Engineering,2,2,Both (Hybrid),53,80,8.5,Placed,10.07,On-Campus / Off-Campus Placement,43,"SQL, Docker, Python, Problem Solving, Kubernetes, Machine Learning, System Design, Tableau, React, Git"
STU11531,22,Male,M.Tech,2025,IIT / NIT Group (Tier 1),Electronics & Communication,Meta Front-End Developer Specialization; Certified Information Systems Security Professional (CISSP),IBM; Google Cloud,2,InnovateTech Startup,Cyber Security,15,2,Both (Hybrid),100,75,10.0,Placed,22.03,Direct PPO (Pre-Placement Offer),5,"System Design, Git, Data Analysis, Kubernetes, Power BI, React, AWS, Machine Learning, Tableau, Docker"
STU11532,23,Male,M.Tech,2024,City Engineering College (Tier 3),Business Analytics,Microsoft Certified: Azure Developer,Coursera,1,DataMetrics Labs,Cyber Security,3,2,Both (Hybrid),64,49,7.0,Placed,10.84,On-Campus / Off-Campus Placement,53,"Docker, Power BI, SQL, Data Analysis, Java, Git, Python, Kubernetes, Problem Solving"
STU11533,22,Non-Binary,B.Tech,2025,BITS & Top National Inst (Tier 1),Computer Science & Engineering,None,None,0,Google India,Software Engineering,9,1,Internship Only,97,54,8.5,Placed,16.86,Direct PPO (Pre-Placement Offer),52,"Kubernetes, Java, Problem Solving, Tableau"
STU11534,22,Male,B.Tech,2024,State Tech University (Tier 2),Data Science & Artificial Intelligence,Coursera Machine Learning Specialization,Coursera,1,None,None,0,0,Certification Only,38,54,4.1,Placed,6.38,On-Campus / Off-Campus Placement,141,"Power BI, Tableau, React"
STU11535,21,Non-Binary,B.Tech,2025,City Engineering College (Tier 3),Electronics & Communication,IBM Data Science Professional; Google Professional Data Engineer,Udemy; Google Cloud,2,Google India,Artificial Intelligence / ML,6,1,Both (Hybrid),60,69,7.8,Placed,10.15,Direct PPO (Pre-Placement Offer),62,"AWS, System Design, Git, Communication, Python, Power BI, Data Analysis, Docker, Machine Learning, Tableau"
STU11536,21,Non-Binary,BCA,2023,City Engineering College (Tier 3),Computer Science & Engineering,Coursera Machine Learning Specialization; Certified Information Systems Security Professional (CISSP),IBM; Coursera,2,None,None,0,0,Certification Only,23,61,4.1,Unplaced,0.0,Not Converted,-1,"System Design, Java, SQL, Machine Learning, Kubernetes, AWS, Tableau"
STU11537,23,Female,M.Tech,2025,State Tech University (Tier 2),Data Science & Artificial Intelligence,Coursera Machine Learning Specialization,Microsoft Azure,1,TCS Innovation Labs,Data Science & Analytics,3,1,Both (Hybrid),58,56,7.1,Placed,11.53,On-Campus / Off-Campus Placement,68,"Java, Kubernetes, Git, Problem Solving, Data Analysis, Communication"
STU11538,21,Female,B.Tech,2025,Apex Institute of Technology (Tier 2),Data Science & Artificial Intelligence,IBM Data Science Professional; Certified Information Systems Security Professional (CISSP),IBM; AWS,2,Google India,Cyber Security,2,2,Both (Hybrid),86,74,8.5,Placed,15.71,Internship Conversion,37,"Java, Data Analysis, Power BI, Tableau, Kubernetes, React, Problem Solving, Python, Git, System Design"
STU11539,22,Female,BCA,2024,Apex Institute of Technology (Tier 2),Computer Science & Engineering,Google Professional Data Engineer; IBM Data Science Professional; Coursera Machine Learning Specialization,Google Cloud; Coursera; Meta,3,CyberGuard Analytics,Cyber Security,9,1,Both (Hybrid),65,95,8.7,Placed,17.57,Direct PPO (Pre-Placement Offer),40,"Power BI, AWS, Communication, Kubernetes, React, Python, Machine Learning, Git, Docker, SQL"
STU11540,23,Female,B.Tech,2023,City Engineering College (Tier 3),Computer Science & Engineering,None,None,0,TCS Innovation Labs,Artificial Intelligence / ML,3,2,Internship Only,67,45,7.1,Placed,10.33,Internship Conversion,56,"Problem Solving, Communication, Java, Power BI, SQL, Python, Docker, Kubernetes, Git"
STU11541,21,Male,B.Sc (CS/IT),2024,BITS & Top National Inst (Tier 1),Computer Science & Engineering,Meta Front-End Developer Specialization,Coursera,1,DataMetrics Labs,Data Science & Analytics,3,1,Both (Hybrid),71,67,7.1,Placed,15.49,On-Campus / Off-Campus Placement,50,"System Design, Kubernetes, Power BI, Problem Solving, AWS, Git, Python"
STU11542,22,Male,MBA (Tech & Analytics),2026,City Engineering College (Tier 3),Information Technology,Docker & Kubernetes Developer Cert; Meta Front-End Developer Specialization; Google Professional Data Engineer,Coursera; IBM; Microsoft Azure,3,None,None,0,0,Certification Only,35,68,3.7,Unplaced,0.0,Not Converted,-1,"Problem Solving, Data Analysis, Power BI, Kubernetes, Git, Machine Learning, Java, Python"
STU11543,22,Female,B.Tech,2024,State Tech University (Tier 2),Computer Science & Engineering,Microsoft Certified: Azure Developer; NPTEL Cloud Computing & Distributed Systems,AWS; Coursera,2,None,None,0,0,Certification Only,24,82,5.0,Unplaced,0.0,Not Converted,-1,"Machine Learning, Data Analysis, Python, Problem Solving, Java, React"
STU11544,25,Male,B.Tech,2024,State Tech University (Tier 2),Computer Science & Engineering,Google Professional Data Engineer; IBM Data Science Professional,Google Cloud; Meta,2,Google India,Product & Business Analytics,3,1,Both (Hybrid),71,74,6.7,Placed,11.38,On-Campus / Off-Campus Placement,61,"Communication, Data Analysis, Git, Docker, AWS, SQL, Machine Learning, Power BI, Tableau, Problem Solving"
STU11545,22,Male,B.Tech,2023,State Tech University (Tier 2),Computer Science & Engineering,NPTEL Cloud Computing & Distributed Systems; Microsoft Certified: Azure Developer,Coursera; NPTEL,2,None,None,0,0,Certification Only,35,65,5.8,Placed,7.26,On-Campus / Off-Campus Placement,106,"Power BI, Problem Solving, AWS, Kubernetes, Java, React"
STU11546,23,Male,BCA,2024,State Tech University (Tier 2),Computer Science & Engineering,Google Professional Data Engineer; IBM Data Science Professional; Meta Front-End Developer Specialization,Udemy; Google Cloud; Meta,5,CyberGuard Analytics,Data Science & Analytics,9,1,Both (Hybrid),88,100,10.0,Placed,17.83,Direct PPO (Pre-Placement Offer),5,"Java, Machine Learning, Communication, React, Kubernetes, Python, Data Analysis, AWS, Docker, SQL"
STU11547,22,Female,BCA,2025,Regional Tech Institute (Tier 3),Computer Science & Engineering,None,None,0,None,None,0,0,Neither,33,39,4.9,Placed,3.6,On-Campus / Off-Campus Placement,137,"Java, Data Analysis"
STU11548,21,Female,B.Tech,2026,State Tech University (Tier 2),Business Analytics,NPTEL Cloud Computing & Distributed Systems,Google Cloud,1,Infosys Center,Cloud & DevOps,3,2,Both (Hybrid),74,63,8.4,Placed,13.8,On-Campus / Off-Campus Placement,45,"Power BI, System Design, Communication, Kubernetes, Tableau, Data Analysis, AWS, Java, React, Docker"
STU11549,22,Male,B.Tech,2025,Regional Tech Institute (Tier 3),Computer Science & Engineering,None,None,0,Microsoft Tech,Cyber Security,3,1,Internship Only,58,44,5.1,Placed,7.86,On-Campus / Off-Campus Placement,76,"System Design, Communication, SQL, AWS, Power BI, Python"
STU11550,25,Female,B.Tech,2025,BITS & Top National Inst (Tier 1),Information Technology,None,None,0,InnovateTech Startup,Cyber Security,9,1,Internship Only,80,53,8.9,Placed,17.15,On-Campus / Off-Campus Placement,59,"Power BI, Communication, Machine Learning, Problem Solving"
STU11551,22,Female,BCA,2025,Apex Institute of Technology (Tier 2),Data Science & Artificial Intelligence,TensorFlow Developer Certificate,Google Cloud,1,None,None,0,0,Certification Only,38,53,4.7,Unplaced,0.0,Not Converted,-1,"Tableau, Java, Git, Problem Solving, AWS"
STU11552,23,Female,BCA,2023,City Engineering College (Tier 3),Information Technology,None,None,0,None,None,0,0,Neither,20,45,3.6,Placed,3.5,On-Campus / Off-Campus Placement,123,"Machine Learning, System Design"
STU11553,24,Female,B.Tech,2024,Apex Institute of Technology (Tier 2),Data Science & Artificial Intelligence,IBM Data Science Professional; TensorFlow Developer Certificate; Docker & Kubernetes Developer Cert,Microsoft Azure; IBM; Coursera,4,Infosys Center,Cloud & DevOps,2,1,Both (Hybrid),66,100,7.2,Placed,14.19,On-Campus / Off-Campus Placement,74,"Kubernetes, Power BI, Tableau, Problem Solving, Data Analysis, Python, Java, Machine Learning, SQL, Git"
STU11554,21,Female,B.Sc (CS/IT),2025,Apex Institute of Technology (Tier 2),Computer Science & Engineering,IBM Data Science Professional; Microsoft Certified: Azure Developer; Meta Front-End Developer Specialization,Coursera; IBM; Google Cloud,4,Deloitte Consulting,Cyber Security,9,3,Both (Hybrid),100,100,10.0,Placed,19.0,Internship Conversion,5,"Git, SQL, Communication, Docker, AWS, Kubernetes, Data Analysis, Java, Problem Solving, React"
STU11555,21,Male,B.Sc (CS/IT),2026,Apex Institute of Technology (Tier 2),Electronics & Communication,NPTEL Cloud Computing & Distributed Systems,Coursera,1,InnovateTech Startup,Cyber Security,6,1,Both (Hybrid),68,63,7.7,Placed,13.77,Internship Conversion,63,"Communication, Problem Solving, System Design, SQL, Git, Power BI, Python, Data Analysis"
STU11556,22,Female,B.Tech,2026,City Engineering College (Tier 3),Data Science & Artificial Intelligence,Docker & Kubernetes Developer Cert; Meta Front-End Developer Specialization,Coursera; NPTEL,2,None,None,0,0,Certification Only,25,67,3.6,Unplaced,0.0,Not Converted,-1,"Java, AWS, Power BI, Python, Machine Learning, Data Analysis, Communication"
STU11557,22,Male,B.Tech,2024,City Engineering College (Tier 3),Electronics & Communication,NPTEL Cloud Computing & Distributed Systems; Docker & Kubernetes Developer Cert,Meta; Coursera,2,None,None,0,0,Certification Only,37,62,3.5,Placed,6.17,On-Campus / Off-Campus Placement,102,"Git, SQL, System Design, Machine Learning, Power BI"
STU11558,23,Female,B.Sc (CS/IT),2024,BITS & Top National Inst (Tier 1),Data Science & Artificial Intelligence,TensorFlow Developer Certificate; AWS Certified Solutions Architect; NPTEL Cloud Computing & Distributed Systems,Meta; AWS; IBM,3,InnovateTech Startup,Cyber Security,2,2,Both (Hybrid),86,100,9.9,Placed,17.71,On-Campus / Off-Campus Placement,44,"Java, React, Communication, Machine Learning, System Design, Problem Solving, Kubernetes, Python, AWS, Data Analysis"
STU11559,24,Non-Binary,MBA (Tech & Analytics),2024,City Engineering College (Tier 3),Cyber Security,Coursera Machine Learning Specialization; NPTEL Cloud Computing & Distributed Systems,Udemy; Coursera,2,Google India,Cloud & DevOps,9,3,Both (Hybrid),100,76,10.0,Placed,13.75,Direct PPO (Pre-Placement Offer),5,"Problem Solving, Docker, Git, React, Kubernetes, Tableau, Communication, AWS, SQL, Power BI"
STU11560,22,Male,B.Tech,2026,State Tech University (Tier 2),Electronics & Communication,None,None,0,None,None,0,0,Neither,36,38,4.5,Placed,8.82,On-Campus / Off-Campus Placement,118,"Machine Learning, Python"
STU11561,21,Male,B.Tech,2026,State Tech University (Tier 2),Cyber Security,Microsoft Certified: Azure Developer; NPTEL Cloud Computing & Distributed Systems; Docker & Kubernetes Developer Cert,Microsoft Azure; Google Cloud; AWS,3,FinTech Solutions,Product & Business Analytics,7,2,Both (Hybrid),87,86,10.0,Placed,17.68,Direct PPO (Pre-Placement Offer),5,"AWS, Tableau, Python, Kubernetes, Data Analysis, Problem Solving, Docker, SQL, Machine Learning, Git"
STU11562,23,Female,B.Tech,2025,City Engineering College (Tier 3),Data Science & Artificial Intelligence,NPTEL Cloud Computing & Distributed Systems; AWS Certified Solutions Architect,Udemy; IBM,2,CyberGuard Analytics,Data Science & Analytics,2,1,Both (Hybrid),54,69,6.2,Placed,7.85,Internship Conversion,77,"Docker, Data Analysis, React, Java, Tableau, Problem Solving, Kubernetes, SQL"
STU11563,22,Male,BCA,2024,State Tech University (Tier 2),Data Science & Artificial Intelligence,Docker & Kubernetes Developer Cert; Google Professional Data Engineer,NPTEL; AWS,2,TCS Innovation Labs,Cloud & DevOps,11,2,Both (Hybrid),100,72,10.0,Placed,18.09,On-Campus / Off-Campus Placement,6,"SQL, AWS, React, Communication, Problem Solving, Python, System Design, Git, Tableau, Data Analysis"
STU11564,23,Female,B.Tech,2025,City Engineering College (Tier 3),Electronics & Communication,Certified Information Systems Security Professional (CISSP); IBM Data Science Professional; AWS Certified Solutions Architect,Udemy; Coursera; IBM,4,CyberGuard Analytics,Product & Business Analytics,3,1,Both (Hybrid),64,94,6.4,Placed,11.45,Internship Conversion,60,"Java, SQL, Python, System Design, Communication, Machine Learning, Power BI, React, Kubernetes, Data Analysis"
STU11565,22,Male,B.Tech,2024,State Tech University (Tier 2),Business Analytics,Coursera Machine Learning Specialization; Microsoft Certified: Azure Developer; TensorFlow Developer Certificate,Google Cloud; IBM; AWS,4,None,None,0,0,Certification Only,26,100,6.1,Placed,8.46,On-Campus / Off-Campus Placement,95,"React, Problem Solving, Communication, Power BI, AWS, Git, Python, Machine Learning, Tableau, Data Analysis"
STU11566,23,Male,BCA,2024,IIT / NIT Group (Tier 1),Cyber Security,Docker & Kubernetes Developer Cert; Microsoft Certified: Azure Developer,AWS; IBM,2,Infosys Center,Product & Business Analytics,2,2,Both (Hybrid),86,85,8.8,Placed,16.94,On-Campus / Off-Campus Placement,38,"SQL, System Design, Git, React, Tableau, Machine Learning, Kubernetes, Power BI, Data Analysis, Problem Solving"
STU11567,21,Non-Binary,BCA,2025,State Tech University (Tier 2),Computer Science & Engineering,Meta Front-End Developer Specialization; Microsoft Certified: Azure Developer,IBM; Microsoft Azure,2,InnovateTech Startup,Product & Business Analytics,2,2,Both (Hybrid),87,65,8.6,Placed,13.8,On-Campus / Off-Campus Placement,45,"Data Analysis, Python, Machine Learning, Kubernetes, Java, Power BI, Docker, Problem Solving, Communication, Tableau"
STU11568,22,Female,B.Tech,2023,IIT / NIT Group (Tier 1),Electronics & Communication,Certified Information Systems Security Professional (CISSP); IBM Data Science Professional; Docker & Kubernetes Developer Cert,Microsoft Azure; Coursera; IBM,5,TCS Innovation Labs,Cloud & DevOps,4,3,Both (Hybrid),100,100,10.0,Placed,23.01,Internship Conversion,5,"SQL, React, AWS, Power BI, Data Analysis, Machine Learning, System Design, Communication, Java, Docker"
STU11569,22,Female,B.Tech,2023,Apex Institute of Technology (Tier 2),Computer Science & Engineering,TensorFlow Developer Certificate,Udemy,1,CyberGuard Analytics,Cloud & DevOps,9,1,Both (Hybrid),85,55,8.5,Placed,14.25,Direct PPO (Pre-Placement Offer),55,"AWS, Power BI, Kubernetes, SQL, Problem Solving, Machine Learning"
STU11570,22,Male,BCA,2026,State Tech University (Tier 2),Data Science & Artificial Intelligence,Meta Front-End Developer Specialization,IBM,1,None,None,0,0,Certification Only,35,70,6.0,Unplaced,0.0,Not Converted,-1,"SQL, Tableau, AWS"
STU11571,21,Female,B.Tech,2025,State Tech University (Tier 2),Computer Science & Engineering,None,None,0,InnovateTech Startup,Cloud & DevOps,2,1,Internship Only,59,48,6.9,Placed,9.86,Internship Conversion,92,"System Design, Docker, Communication, Machine Learning"
STU11572,23,Female,B.Tech,2024,IIT / NIT Group (Tier 1),Computer Science & Engineering,Google Professional Data Engineer; Docker & Kubernetes Developer Cert; TensorFlow Developer Certificate,Google Cloud; IBM; Coursera,3,Microsoft Tech,Artificial Intelligence / ML,3,2,Both (Hybrid),85,93,8.6,Placed,17.14,On-Campus / Off-Campus Placement,36,"AWS, Power BI, Git, React, Machine Learning, Tableau, Data Analysis, Docker, Communication, Kubernetes"
STU11573,24,Female,M.Tech,2025,State Tech University (Tier 2),Business Analytics,Certified Information Systems Security Professional (CISSP); AWS Certified Solutions Architect,NPTEL; Google Cloud,2,TCS Innovation Labs,Product & Business Analytics,2,1,Both (Hybrid),54,70,6.4,Placed,11.59,On-Campus / Off-Campus Placement,62,"Data Analysis, System Design, Power BI, SQL, Machine Learning, Python, Kubernetes, Communication, React"
STU11574,21,Female,B.Tech,2024,Apex Institute of Technology (Tier 2),Computer Science & Engineering,None,None,0,TCS Innovation Labs,Data Science & Analytics,7,2,Internship Only,85,53,9.1,Placed,13.6,Internship Conversion,26,"Machine Learning, Kubernetes, Power BI, Docker, System Design, Git, Problem Solving, Data Analysis, AWS"
STU11575,21,Female,B.Sc (CS/IT),2025,BITS & Top National Inst (Tier 1),Information Technology,Certified Information Systems Security Professional (CISSP); Microsoft Certified: Azure Developer; IBM Data Science Professional,Google Cloud; Microsoft Azure; IBM,5,None,None,0,0,Certification Only,36,100,6.6,Placed,12.48,On-Campus / Off-Campus Placement,86,"Power BI, System Design, React, Problem Solving, AWS, Docker, SQL, Communication, Machine Learning, Java"
STU11576,21,Male,M.Tech,2025,Apex Institute of Technology (Tier 2),Data Science & Artificial Intelligence,AWS Certified Solutions Architect; Docker & Kubernetes Developer Cert,Coursera; Microsoft Azure,2,None,None,0,0,Certification Only,26,73,5.4,Placed,6.01,On-Campus / Off-Campus Placement,117,"Docker, Python, Data Analysis, AWS, Communication, System Design"
STU11577,22,Male,B.Tech,2025,City Engineering College (Tier 3),Computer Science & Engineering,Certified Information Systems Security Professional (CISSP); AWS Certified Solutions Architect; Docker & Kubernetes Developer Cert,Google Cloud; NPTEL; IBM,3,Amazon AWS,Software Engineering,3,2,Both (Hybrid),74,85,8.0,Placed,12.66,On-Campus / Off-Campus Placement,27,"React, Problem Solving, Git, Kubernetes, Docker, Python, Data Analysis, SQL, Tableau, AWS"
STU11578,22,Female,B.Tech,2025,Apex Institute of Technology (Tier 2),Computer Science & Engineering,None,None,0,DataMetrics Labs,Artificial Intelligence / ML,9,1,Internship Only,79,48,8.0,Placed,13.62,Direct PPO (Pre-Placement Offer),21,"React, Communication, SQL, Problem Solving"
STU11579,22,Male,BCA,2024,City Engineering College (Tier 3),Data Science & Artificial Intelligence,Meta Front-End Developer Specialization; Certified Information Systems Security Professional (CISSP),Coursera; Meta,2,TCS Innovation Labs,Artificial Intelligence / ML,6,1,Both (Hybrid),60,63,7.1,Placed,10.53,Direct PPO (Pre-Placement Offer),42,"React, Problem Solving, Kubernetes, Python, Data Analysis, Docker, Communication, Git"
STU11580,21,Female,M.Tech,2024,IIT / NIT Group (Tier 1),Computer Science & Engineering,Coursera Machine Learning Specialization; AWS Certified Solutions Architect,Meta; Microsoft Azure,2,TCS Innovation Labs,Cloud & DevOps,2,1,Both (Hybrid),71,89,7.4,Placed,13.81,On-Campus / Off-Campus Placement,55,"Data Analysis, Machine Learning, Tableau, SQL, Git, Power BI, AWS, Communication, Problem Solving, Kubernetes"
STU11581,22,Male,MBA (Tech & Analytics),2024,State Tech University (Tier 2),Electronics & Communication,Google Professional Data Engineer; AWS Certified Solutions Architect,AWS; Udemy,2,None,None,0,0,Certification Only,36,75,5.4,Placed,7.08,On-Campus / Off-Campus Placement,101,"Kubernetes, Problem Solving, Power BI, Python, System Design, Communication"
STU11582,22,Female,B.Sc (CS/IT),2024,City Engineering College (Tier 3),Cyber Security,Docker & Kubernetes Developer Cert; Google Professional Data Engineer,NPTEL; Microsoft Azure,2,Infosys Center,Product & Business Analytics,7,2,Both (Hybrid),87,68,9.3,Placed,12.45,On-Campus / Off-Campus Placement,42,"Java, Data Analysis, Power BI, Tableau, Docker, Python, Problem Solving, Machine Learning, AWS, System Design"
STU11583,22,Female,B.Tech,2025,Apex Institute of Technology (Tier 2),Computer Science & Engineering,AWS Certified Solutions Architect; Docker & Kubernetes Developer Cert; IBM Data Science Professional,Google Cloud; AWS; Meta,3,None,None,0,0,Certification Only,46,98,6.1,Placed,10.1,On-Campus / Off-Campus Placement,87,"Data Analysis, Python, Problem Solving, React, Communication, SQL, System Design, Tableau, Java"
STU11584,25,Male,BCA,2024,Apex Institute of Technology (Tier 2),Computer Science & Engineering,AWS Certified Solutions Architect,Google Cloud,1,Infosys Center,Artificial Intelligence / ML,2,2,Both (Hybrid),76,65,7.4,Placed,12.92,Internship Conversion,47,"Machine Learning, Data Analysis, Communication, Docker, System Design, React, SQL, Power BI, Java, Kubernetes"
STU11585,21,Male,B.Tech,2023,Apex Institute of Technology (Tier 2),Data Science & Artificial Intelligence,Microsoft Certified: Azure Developer; IBM Data Science Professional; Google Professional Data Engineer,Google Cloud; NPTEL; Udemy,3,Google India,Data Science & Analytics,9,1,Both (Hybrid),83,88,9.1,Placed,14.36,On-Campus / Off-Campus Placement,14,"Tableau, Problem Solving, Python, Communication, SQL, System Design, Git, AWS, Docker, React"
STU11586,23,Male,B.Tech,2024,State Tech University (Tier 2),Information Technology,None,None,0,FinTech Solutions,Product & Business Analytics,3,1,Internship Only,64,39,6.6,Placed,10.59,On-Campus / Off-Campus Placement,90,"Docker, Python, Power BI, AWS, Java"
STU11587,22,Female,B.Tech,2026,IIT / NIT Group (Tier 1),Computer Science & Engineering,Microsoft Certified: Azure Developer,Microsoft Azure,1,TCS Innovation Labs,Cloud & DevOps,2,2,Both (Hybrid),91,62,9.0,Placed,15.44,On-Campus / Off-Campus Placement,52,"Tableau, Python, Data Analysis, System Design, Machine Learning, AWS, Communication, React, SQL"
STU11588,22,Female,B.Tech,2024,Apex Institute of Technology (Tier 2),Computer Science & Engineering,None,None,0,Infosys Center,Software Engineering,12,1,Internship Only,93,39,8.4,Placed,16.3,Internship Conversion,51,"Kubernetes, Python, Java, Docker, Data Analysis, Machine Learning"
STU11589,23,Male,B.Sc (CS/IT),2025,Apex Institute of Technology (Tier 2),Data Science & Artificial Intelligence,TensorFlow Developer Certificate,Coursera,1,None,None,0,0,Certification Only,25,62,4.7,Placed,9.24,On-Campus / Off-Campus Placement,115,"Problem Solving, AWS, Data Analysis, Java, Power BI"
STU11590,23,Female,B.Tech,2024,State Tech University (Tier 2),Cyber Security,Certified Information Systems Security Professional (CISSP),IBM,1,None,None,0,0,Certification Only,52,50,5.4,Placed,8.48,On-Campus / Off-Campus Placement,104,"React, Java, Tableau, Power BI, Problem Solving"
STU11591,25,Male,B.Tech,2023,City Engineering College (Tier 3),Data Science & Artificial Intelligence,Microsoft Certified: Azure Developer; Certified Information Systems Security Professional (CISSP); Meta Front-End Developer Specialization,Coursera; Udemy; IBM,3,InnovateTech Startup,Product & Business Analytics,4,3,Both (Hybrid),100,65,9.8,Placed,17.28,Internship Conversion,5,"React, Communication, Problem Solving, Kubernetes, Tableau, SQL, System Design, AWS, Machine Learning, Data Analysis"
STU11592,21,Male,B.Tech,2024,State Tech University (Tier 2),Data Science & Artificial Intelligence,IBM Data Science Professional; Google Professional Data Engineer,Coursera; NPTEL,2,FinTech Solutions,Cloud & DevOps,2,1,Both (Hybrid),65,65,7.3,Placed,10.32,On-Campus / Off-Campus Placement,76,"Power BI, Git, Kubernetes, Python, Communication, AWS, System Design, React, Data Analysis"
STU11593,21,Female,M.Tech,2025,State Tech University (Tier 2),Cyber Security,Meta Front-End Developer Specialization,AWS,1,Infosys Center,Cyber Security,2,1,Both (Hybrid),49,62,6.5,Placed,12.09,On-Campus / Off-Campus Placement,89,"AWS, Machine Learning, Python, Data Analysis, Tableau, System Design"
STU11594,23,Male,B.Sc (CS/IT),2025,City Engineering College (Tier 3),Information Technology,NPTEL Cloud Computing & Distributed Systems; Meta Front-End Developer Specialization,Google Cloud; Microsoft Azure,2,None,None,0,0,Certification Only,29,71,4.5,Unplaced,0.0,Not Converted,-1,"AWS, SQL, Java, Tableau, Docker, Data Analysis, Python"
STU11595,22,Male,B.Tech,2026,Apex Institute of Technology (Tier 2),Information Technology,None,None,0,Microsoft Tech,Product & Business Analytics,3,2,Internship Only,86,44,7.5,Placed,12.96,On-Campus / Off-Campus Placement,21,"Machine Learning, Tableau, Java, System Design, React, Python, Git, Docker"
STU11596,22,Male,B.Tech,2024,State Tech University (Tier 2),Data Science & Artificial Intelligence,None,None,0,None,None,0,0,Neither,40,37,3.6,Unplaced,0.0,Not Converted,-1,"Machine Learning, System Design"
STU11597,21,Male,B.Tech,2023,BITS & Top National Inst (Tier 1),Cyber Security,Docker & Kubernetes Developer Cert; Coursera Machine Learning Specialization,Microsoft Azure; NPTEL,2,Microsoft Tech,Data Science & Analytics,6,1,Both (Hybrid),79,85,7.5,Placed,16.97,Direct PPO (Pre-Placement Offer),41,"Git, Data Analysis, Communication, React, System Design, SQL, Python, AWS"
STU11598,21,Male,M.Tech,2026,BITS & Top National Inst (Tier 1),Information Technology,Certified Information Systems Security Professional (CISSP); Microsoft Certified: Azure Developer,AWS; NPTEL,2,Amazon AWS,Cloud & DevOps,3,1,Both (Hybrid),54,81,7.9,Placed,14.43,On-Campus / Off-Campus Placement,64,"Git, AWS, React, Power BI, Problem Solving, Communication, Tableau, System Design, Java, Docker"
STU11599,24,Male,BCA,2024,Apex Institute of Technology (Tier 2),Business Analytics,Docker & Kubernetes Developer Cert; Meta Front-End Developer Specialization; Coursera Machine Learning Specialization,Coursera; NPTEL; Google Cloud,3,Google India,Product & Business Analytics,3,2,Both (Hybrid),69,77,9.9,Placed,15.46,Internship Conversion,14,"Tableau, Kubernetes, Data Analysis, Machine Learning, React, AWS, SQL, Java, Communication, Docker"
STU11600,21,Female,BCA,2025,State Tech University (Tier 2),Information Technology,Microsoft Certified: Azure Developer,NPTEL,1,Microsoft Tech,Product & Business Analytics,2,1,Both (Hybrid),59,64,6.7,Placed,10.53,On-Campus / Off-Campus Placement,55,"Tableau, System Design, Power BI, Communication, Git, React"
STU11601,22,Male,BCA,2025,City Engineering College (Tier 3),Information Technology,Microsoft Certified: Azure Developer; NPTEL Cloud Computing & Distributed Systems,Google Cloud; Microsoft Azure,2,Microsoft Tech,Cyber Security,9,1,Both (Hybrid),63,67,9.1,Placed,10.6,On-Campus / Off-Campus Placement,35,"Data Analysis, Docker, Tableau, Power BI, SQL, Machine Learning, AWS, Python, Communication, System Design"
STU11602,21,Female,B.Tech,2024,Regional Tech Institute (Tier 3),Computer Science & Engineering,Coursera Machine Learning Specialization; TensorFlow Developer Certificate,IBM; Coursera,2,InnovateTech Startup,Cloud & DevOps,3,1,Both (Hybrid),54,73,6.6,Placed,9.63,On-Campus / Off-Campus Placement,76,"Power BI, React, Kubernetes, Problem Solving, Data Analysis, Communication, Java, Machine Learning, Python"
STU11603,22,Male,B.Sc (CS/IT),2025,City Engineering College (Tier 3),Computer Science & Engineering,Google Professional Data Engineer; TensorFlow Developer Certificate; Meta Front-End Developer Specialization,NPTEL; Google Cloud; Coursera,4,Google India,Data Science & Analytics,2,1,Both (Hybrid),61,83,6.6,Placed,9.58,Internship Conversion,45,"Machine Learning, SQL, System Design, AWS, Problem Solving, Tableau, Git, Kubernetes, Power BI, React"
STU11604,21,Male,BCA,2023,State Tech University (Tier 2),Electronics & Communication,TensorFlow Developer Certificate,AWS,1,Deloitte Consulting,Software Engineering,3,3,Both (Hybrid),100,45,10.0,Placed,16.42,Internship Conversion,5,"Java, Problem Solving, AWS, Power BI, Tableau, Python, System Design, Docker, Machine Learning, Kubernetes"
STU11605,22,Female,B.Tech,2024,Apex Institute of Technology (Tier 2),Computer Science & Engineering,TensorFlow Developer Certificate; Meta Front-End Developer Specialization,Meta; Coursera,2,Amazon AWS,Product & Business Analytics,3,2,Both (Hybrid),81,74,9.1,Placed,16.53,On-Campus / Off-Campus Placement,5,"Machine Learning, Problem Solving, SQL, AWS, Git, Tableau, Kubernetes, Power BI, Communication, Data Analysis"
STU11606,21,Female,B.Tech,2023,State Tech University (Tier 2),Data Science & Artificial Intelligence,Meta Front-End Developer Specialization; TensorFlow Developer Certificate,Coursera; NPTEL,2,None,None,0,0,Certification Only,34,74,5.9,Placed,8.51,On-Campus / Off-Campus Placement,128,"AWS, Problem Solving, Kubernetes, Tableau, Java"
STU11607,23,Male,BCA,2025,BITS & Top National Inst (Tier 1),Computer Science & Engineering,Docker & Kubernetes Developer Cert; Certified Information Systems Security Professional (CISSP); IBM Data Science Professional,IBM; Udemy; Microsoft Azure,5,Infosys Center,Cyber Security,3,1,Both (Hybrid),65,100,10.0,Placed,17.35,On-Campus / Off-Campus Placement,30,"Git, Power BI, AWS, Communication, Kubernetes, SQL, Problem Solving, Tableau, Java, React"
STU11608,21,Female,MBA (Tech & Analytics),2024,IIT / NIT Group (Tier 1),Electronics & Communication,Google Professional Data Engineer,NPTEL,1,Deloitte Consulting,Artificial Intelligence / ML,3,2,Both (Hybrid),84,80,8.4,Placed,16.89,Internship Conversion,52,"Python, Communication, Tableau, Machine Learning, Power BI, React, SQL, Kubernetes, Docker"
STU11609,22,Female,B.Tech,2025,State Tech University (Tier 2),Computer Science & Engineering,AWS Certified Solutions Architect; Microsoft Certified: Azure Developer,Udemy; Meta,2,FinTech Solutions,Product & Business Analytics,3,1,Both (Hybrid),62,61,6.8,Placed,11.6,On-Campus / Off-Campus Placement,70,"Power BI, React, Kubernetes, Problem Solving, Docker, Data Analysis, Communication, Java, Tableau, System Design"
STU11610,24,Female,M.Tech,2026,City Engineering College (Tier 3),Electronics & Communication,Docker & Kubernetes Developer Cert,AWS,1,Microsoft Tech,Cyber Security,6,1,Both (Hybrid),56,46,6.5,Placed,9.94,On-Campus / Off-Campus Placement,44,"AWS, SQL, Machine Learning, Java, Data Analysis, Kubernetes, React"
STU11611,23,Male,B.Sc (CS/IT),2025,BITS & Top National Inst (Tier 1),Information Technology,NPTEL Cloud Computing & Distributed Systems; Coursera Machine Learning Specialization,NPTEL; Coursera,2,None,None,0,0,Certification Only,41,74,5.7,Placed,10.77,On-Campus / Off-Campus Placement,91,"Java, Kubernetes, System Design, Tableau, Data Analysis"
STU11612,22,Male,B.Tech,2025,BITS & Top National Inst (Tier 1),Computer Science & Engineering,Google Professional Data Engineer,Coursera,1,None,None,0,0,Certification Only,57,55,4.5,Placed,10.06,On-Campus / Off-Campus Placement,117,"Power BI, Problem Solving, Docker"
STU11613,22,Male,B.Tech,2024,Regional Tech Institute (Tier 3),Data Science & Artificial Intelligence,None,None,0,None,None,0,0,Neither,26,42,3.9,Placed,3.5,On-Campus / Off-Campus Placement,135,"Communication, Data Analysis"
STU11614,22,Female,B.Tech,2024,IIT / NIT Group (Tier 1),Computer Science & Engineering,AWS Certified Solutions Architect; Certified Information Systems Security Professional (CISSP),IBM; Udemy,2,TCS Innovation Labs,Cyber Security,3,1,Both (Hybrid),74,88,7.8,Placed,15.81,On-Campus / Off-Campus Placement,48,"Data Analysis, Power BI, AWS, SQL, React, Communication, Git, Problem Solving"
STU11615,23,Male,B.Sc (CS/IT),2024,Apex Institute of Technology (Tier 2),Computer Science & Engineering,AWS Certified Solutions Architect,Udemy,1,TCS Innovation Labs,Cyber Security,4,3,Both (Hybrid),100,54,10.0,Placed,15.73,On-Campus / Off-Campus Placement,12,"AWS, Tableau, Kubernetes, Machine Learning, Python, Java, Docker, SQL, System Design, React"
STU11616,25,Female,B.Tech,2025,State Tech University (Tier 2),Data Science & Artificial Intelligence,None,None,0,Microsoft Tech,Artificial Intelligence / ML,2,2,Internship Only,79,53,7.5,Placed,10.61,On-Campus / Off-Campus Placement,26,"Power BI, SQL, React, Kubernetes, Machine Learning, Problem Solving, Python, Communication, System Design"
STU11617,23,Male,B.Tech,2026,IIT / NIT Group (Tier 1),Computer Science & Engineering,Docker & Kubernetes Developer Cert,Coursera,1,None,None,0,0,Certification Only,44,60,5.7,Placed,10.81,On-Campus / Off-Campus Placement,136,"Docker, AWS, Kubernetes"
STU11618,22,Male,BCA,2026,City Engineering College (Tier 3),Cyber Security,None,None,0,Infosys Center,Product & Business Analytics,7,2,Internship Only,86,33,8.7,Placed,11.1,Direct PPO (Pre-Placement Offer),15,"Docker, Data Analysis, Communication, System Design, Kubernetes, Java, Tableau, Problem Solving, Power BI"
STU11619,23,Female,B.Sc (CS/IT),2026,BITS & Top National Inst (Tier 1),Computer Science & Engineering,Docker & Kubernetes Developer Cert; Microsoft Certified: Azure Developer; Meta Front-End Developer Specialization,AWS; IBM; Udemy,4,FinTech Solutions,Product & Business Analytics,7,2,Both (Hybrid),100,100,10.0,Placed,17.92,On-Campus / Off-Campus Placement,8,"Machine Learning, Tableau, React, AWS, Docker, Python, Git, Problem Solving, Java, Power BI"
STU11620,22,Male,B.Tech,2026,Apex Institute of Technology (Tier 2),Information Technology,NPTEL Cloud Computing & Distributed Systems; Coursera Machine Learning Specialization,Coursera; Meta,2,TCS Innovation Labs,Artificial Intelligence / ML,2,1,Both (Hybrid),53,66,7.0,Placed,10.86,Internship Conversion,63,"Docker, Git, Python, Problem Solving, System Design, Machine Learning, Java, Data Analysis"
STU11621,21,Female,B.Tech,2024,State Tech University (Tier 2),Data Science & Artificial Intelligence,NPTEL Cloud Computing & Distributed Systems; Google Professional Data Engineer; IBM Data Science Professional,NPTEL; Google Cloud; Microsoft Azure,3,Deloitte Consulting,Data Science & Analytics,3,1,Both (Hybrid),62,78,7.6,Placed,11.97,Internship Conversion,73,"Data Analysis, Tableau, Docker, Problem Solving, React, System Design, Java, AWS, Kubernetes, Git"
STU11622,22,Female,B.Tech,2025,IIT / NIT Group (Tier 1),Information Technology,NPTEL Cloud Computing & Distributed Systems,Meta,1,Infosys Center,Cyber Security,3,1,Both (Hybrid),70,67,6.7,Placed,13.49,On-Campus / Off-Campus Placement,75,"AWS, Docker, Python, Power BI, Kubernetes, Tableau, Machine Learning, SQL"
STU11623,25,Female,BCA,2026,IIT / NIT Group (Tier 1),Data Science & Artificial Intelligence,Coursera Machine Learning Specialization; Google Professional Data Engineer; NPTEL Cloud Computing & Distributed Systems,NPTEL; AWS; Meta,4,Amazon AWS,Cloud & DevOps,2,1,Both (Hybrid),68,99,8.9,Placed,16.13,On-Campus / Off-Campus Placement,61,"SQL, React, Power BI, Machine Learning, Docker, Tableau, AWS, Problem Solving, Java, Git"
STU11624,21,Female,B.Sc (CS/IT),2024,IIT / NIT Group (Tier 1),Information Technology,NPTEL Cloud Computing & Distributed Systems,Coursera,1,Microsoft Tech,Software Engineering,6,1,Both (Hybrid),86,75,8.5,Placed,14.19,Direct PPO (Pre-Placement Offer),73,"Data Analysis, SQL, AWS, Tableau, Problem Solving, System Design, Git, Docker"
STU11625,23,Female,B.Tech,2026,IIT / NIT Group (Tier 1),Information Technology,Docker & Kubernetes Developer Cert; Microsoft Certified: Azure Developer,Google Cloud; Meta,2,CyberGuard Analytics,Cloud & DevOps,6,1,Both (Hybrid),92,83,9.3,Placed,16.09,Direct PPO (Pre-Placement Offer),53,"Communication, Problem Solving, React, Machine Learning, SQL, Power BI, AWS, Python, Data Analysis"
STU11626,21,Female,B.Sc (CS/IT),2024,Apex Institute of Technology (Tier 2),Information Technology,Certified Information Systems Security Professional (CISSP),AWS,1,Microsoft Tech,Software Engineering,3,1,Both (Hybrid),68,67,6.8,Placed,11.69,On-Campus / Off-Campus Placement,83,"Python, Kubernetes, Docker, AWS, System Design, SQL, Power BI, Machine Learning"
STU11627,22,Female,BCA,2025,State Tech University (Tier 2),Computer Science & Engineering,Certified Information Systems Security Professional (CISSP); Meta Front-End Developer Specialization,Meta; IBM,2,Deloitte Consulting,Artificial Intelligence / ML,3,1,Both (Hybrid),52,60,6.9,Placed,13.06,Internship Conversion,55,"AWS, Python, Java, Git, Communication, Power BI, React, Tableau"
STU11628,21,Male,BCA,2025,State Tech University (Tier 2),Information Technology,Google Professional Data Engineer; IBM Data Science Professional,NPTEL; Coursera,2,Infosys Center,Product & Business Analytics,3,1,Both (Hybrid),71,72,7.4,Placed,13.52,On-Campus / Off-Campus Placement,55,"Python, Kubernetes, SQL, Docker, Machine Learning, Data Analysis, Communication, React"
STU11629,22,Male,BCA,2026,State Tech University (Tier 2),Computer Science & Engineering,IBM Data Science Professional,AWS,1,Infosys Center,Cyber Security,7,2,Both (Hybrid),94,61,8.8,Placed,14.79,Direct PPO (Pre-Placement Offer),5,"React, Kubernetes, AWS, Data Analysis, System Design, Docker, Python, Git, Power BI, SQL"
STU11630,23,Male,B.Tech,2024,Regional Tech Institute (Tier 3),Computer Science & Engineering,None,None,0,None,None,0,0,Neither,30,38,3.0,Placed,4.4,On-Campus / Off-Campus Placement,110,"Machine Learning, Power BI"
STU11631,22,Male,B.Tech,2025,City Engineering College (Tier 3),Data Science & Artificial Intelligence,TensorFlow Developer Certificate; Google Professional Data Engineer,Udemy; AWS,2,FinTech Solutions,Cloud & DevOps,9,1,Both (Hybrid),64,77,7.3,Placed,10.37,Direct PPO (Pre-Placement Offer),33,"Docker, Kubernetes, Python, AWS, Java, Tableau, Power BI, Git, System Design"
STU11632,23,Female,BCA,2025,Apex Institute of Technology (Tier 2),Data Science & Artificial Intelligence,Coursera Machine Learning Specialization,NPTEL,1,FinTech Solutions,Cyber Security,2,2,Both (Hybrid),73,57,8.4,Placed,11.77,On-Campus / Off-Campus Placement,26,"Data Analysis, SQL, Problem Solving, Docker, AWS, Power BI, Tableau, Git, Java, System Design"
STU11633,23,Female,BCA,2024,City Engineering College (Tier 3),Data Science & Artificial Intelligence,None,None,0,DataMetrics Labs,Product & Business Analytics,3,2,Internship Only,72,42,6.9,Placed,9.07,On-Campus / Off-Campus Placement,66,"Tableau, Docker, Power BI, AWS, Problem Solving, Kubernetes, System Design, Data Analysis, Git"
STU11634,24,Female,BCA,2025,State Tech University (Tier 2),Information Technology,Microsoft Certified: Azure Developer,IBM,1,FinTech Solutions,Cloud & DevOps,19,3,Both (Hybrid),100,68,10.0,Placed,23.04,Direct PPO (Pre-Placement Offer),5,"Git, Java, Python, System Design, SQL, Problem Solving, Machine Learning, React, Docker, Kubernetes"
STU11635,21,Male,B.Tech,2025,State Tech University (Tier 2),Computer Science & Engineering,AWS Certified Solutions Architect; Docker & Kubernetes Developer Cert,Coursera; Udemy,2,Deloitte Consulting,Software Engineering,2,1,Both (Hybrid),68,79,7.2,Placed,10.05,On-Campus / Off-Campus Placement,77,"Docker, SQL, Tableau, React, Communication, Kubernetes, Java, Machine Learning"
STU11636,22,Female,M.Tech,2025,Apex Institute of Technology (Tier 2),Computer Science & Engineering,NPTEL Cloud Computing & Distributed Systems; Microsoft Certified: Azure Developer; Certified Information Systems Security Professional (CISSP),AWS; Microsoft Azure; IBM,3,FinTech Solutions,Artificial Intelligence / ML,3,1,Both (Hybrid),68,90,7.1,Placed,11.03,On-Campus / Off-Campus Placement,62,"Tableau, AWS, Git, React, Data Analysis, Problem Solving, Python, Power BI, Docker, System Design"
STU11637,21,Male,BCA,2024,Apex Institute of Technology (Tier 2),Computer Science & Engineering,None,None,0,DataMetrics Labs,Software Engineering,7,2,Internship Only,82,50,8.5,Placed,14.22,Internship Conversion,8,"SQL, Git, Python, AWS, Communication, Problem Solving, Tableau, Kubernetes"
STU11638,25,Female,B.Tech,2024,State Tech University (Tier 2),Information Technology,Google Professional Data Engineer,Coursera,1,None,None,0,0,Certification Only,33,67,4.2,Unplaced,0.0,Not Converted,-1,"Power BI, Python, React"
STU11639,24,Female,B.Tech,2025,State Tech University (Tier 2),Data Science & Artificial Intelligence,TensorFlow Developer Certificate; Coursera Machine Learning Specialization; IBM Data Science Professional,Microsoft Azure; Udemy; AWS,3,Amazon AWS,Cyber Security,2,2,Both (Hybrid),75,94,7.7,Placed,14.71,Internship Conversion,13,"Tableau, SQL, React, Git, System Design, AWS, Power BI, Problem Solving, Machine Learning, Communication"
STU11640,22,Male,B.Sc (CS/IT),2024,Regional Tech Institute (Tier 3),Computer Science & Engineering,Certified Information Systems Security Professional (CISSP); Google Professional Data Engineer,Coursera; AWS,2,Microsoft Tech,Cloud & DevOps,2,1,Both (Hybrid),52,69,5.9,Placed,7.48,On-Campus / Off-Campus Placement,61,"Communication, Problem Solving, Data Analysis, React, SQL, AWS, Kubernetes, Java, Docker"
STU11641,23,Male,B.Sc (CS/IT),2023,City Engineering College (Tier 3),Information Technology,TensorFlow Developer Certificate,Meta,1,Microsoft Tech,Cyber Security,9,1,Both (Hybrid),78,53,8.0,Placed,12.02,On-Campus / Off-Campus Placement,27,"Communication, Tableau, Java, Python, Git, Problem Solving, SQL"
STU11642,22,Male,B.Tech,2026,State Tech University (Tier 2),Data Science & Artificial Intelligence,Meta Front-End Developer Specialization; Google Professional Data Engineer; Certified Information Systems Security Professional (CISSP),Google Cloud; Microsoft Azure; Coursera,3,None,None,0,0,Certification Only,44,94,5.7,Placed,9.19,On-Campus / Off-Campus Placement,114,"Communication, Git, Data Analysis, SQL, Power BI, Java, Tableau"
STU11643,22,Female,M.Tech,2025,Apex Institute of Technology (Tier 2),Data Science & Artificial Intelligence,Certified Information Systems Security Professional (CISSP),AWS,1,DataMetrics Labs,Cyber Security,3,2,Both (Hybrid),86,67,8.3,Placed,15.57,Internship Conversion,18,"React, Communication, Git, AWS, SQL, Docker, System Design, Power BI, Problem Solving, Kubernetes"
STU11644,21,Female,B.Tech,2025,State Tech University (Tier 2),Data Science & Artificial Intelligence,IBM Data Science Professional,Google Cloud,1,Google India,Cloud & DevOps,14,3,Both (Hybrid),100,52,10.0,Placed,22.34,Direct PPO (Pre-Placement Offer),5,"Problem Solving, Python, SQL, React, Power BI, Docker, Kubernetes, AWS, Data Analysis, System Design"
STU11645,23,Female,B.Tech,2024,IIT / NIT Group (Tier 1),Information Technology,Certified Information Systems Security Professional (CISSP); NPTEL Cloud Computing & Distributed Systems; Docker & Kubernetes Developer Cert,Google Cloud; Meta; NPTEL,5,None,None,0,0,Certification Only,52,100,6.6,Unplaced,0.0,Not Converted,-1,"Tableau, Git, AWS, SQL, System Design, Problem Solving, React, Kubernetes, Machine Learning, Python"
STU11646,21,Male,M.Tech,2024,State Tech University (Tier 2),Information Technology,TensorFlow Developer Certificate; Certified Information Systems Security Professional (CISSP); NPTEL Cloud Computing & Distributed Systems,Udemy; NPTEL; Google Cloud,4,Google India,Cyber Security,3,1,Both (Hybrid),56,91,8.0,Placed,12.63,On-Campus / Off-Campus Placement,45,"Problem Solving, Docker, Java, React, Data Analysis, Kubernetes, Power BI, Machine Learning, Communication, Tableau"
STU11647,23,Male,M.Tech,2024,State Tech University (Tier 2),Computer Science & Engineering,Meta Front-End Developer Specialization,Coursera,1,Deloitte Consulting,Artificial Intelligence / ML,4,3,Both (Hybrid),100,59,10.0,Placed,16.37,Internship Conversion,17,"Machine Learning, SQL, Tableau, Communication, Java, AWS, Git, Docker, Power BI, Data Analysis"
STU11648,23,Female,BCA,2024,IIT / NIT Group (Tier 1),Computer Science & Engineering,None,None,0,Deloitte Consulting,Data Science & Analytics,3,1,Internship Only,66,61,7.6,Placed,12.99,On-Campus / Off-Campus Placement,65,"System Design, AWS, Problem Solving, Docker"
STU11649,23,Female,M.Tech,2025,City Engineering College (Tier 3),Computer Science & Engineering,Google Professional Data Engineer,AWS,1,TCS Innovation Labs,Data Science & Analytics,7,2,Both (Hybrid),83,41,9.2,Placed,13.55,Direct PPO (Pre-Placement Offer),43,"AWS, Git, Python, System Design, Communication, React, Tableau, Problem Solving, Data Analysis"
STU11650,21,Male,B.Tech,2025,State Tech University (Tier 2),Information Technology,None,None,0,None,None,0,0,Neither,30,44,3.9,Placed,6.67,On-Campus / Off-Campus Placement,127,"Communication, Git, Java"
STU11651,22,Male,M.Tech,2024,Apex Institute of Technology (Tier 2),Business Analytics,None,None,0,None,None,0,0,Neither,39,47,4.1,Unplaced,0.0,Not Converted,-1,"Tableau, Problem Solving"
STU11652,22,Female,B.Tech,2023,IIT / NIT Group (Tier 1),Data Science & Artificial Intelligence,Microsoft Certified: Azure Developer,IBM,1,FinTech Solutions,Product & Business Analytics,2,1,Both (Hybrid),70,63,7.0,Placed,13.35,Internship Conversion,42,"Tableau, Docker, Git, AWS, React, Kubernetes, SQL, Data Analysis"
STU11653,22,Male,B.Tech,2024,BITS & Top National Inst (Tier 1),Computer Science & Engineering,AWS Certified Solutions Architect; IBM Data Science Professional; Google Professional Data Engineer,AWS; NPTEL; Microsoft Azure,4,FinTech Solutions,Product & Business Analytics,19,3,Both (Hybrid),100,100,10.0,Placed,27.8,On-Campus / Off-Campus Placement,5,"Java, SQL, Data Analysis, Kubernetes, Power BI, Machine Learning, System Design, Python, Tableau, Git"
STU11654,21,Male,B.Tech,2023,City Engineering College (Tier 3),Electronics & Communication,Google Professional Data Engineer; IBM Data Science Professional; Coursera Machine Learning Specialization,NPTEL; Udemy; Coursera,3,CyberGuard Analytics,Product & Business Analytics,7,2,Both (Hybrid),79,71,10.0,Placed,16.82,Direct PPO (Pre-Placement Offer),22,"Machine Learning, Tableau, Python, System Design, Communication, Problem Solving, SQL, Power BI, Kubernetes, Java"
STU11655,24,Male,B.Tech,2023,Apex Institute of Technology (Tier 2),Electronics & Communication,Microsoft Certified: Azure Developer; NPTEL Cloud Computing & Distributed Systems,Meta; Google Cloud,2,Infosys Center,Product & Business Analytics,7,2,Both (Hybrid),76,66,9.7,Placed,16.42,Direct PPO (Pre-Placement Offer),5,"System Design, SQL, AWS, Git, React, Docker, Power BI, Machine Learning, Java, Data Analysis"
STU11656,22,Female,B.Tech,2026,Regional Tech Institute (Tier 3),Business Analytics,NPTEL Cloud Computing & Distributed Systems; Google Professional Data Engineer,Meta; Google Cloud,2,DataMetrics Labs,Software Engineering,2,1,Both (Hybrid),56,58,6.0,Placed,9.53,Internship Conversion,72,"AWS, Communication, Data Analysis, System Design, Machine Learning, Tableau, Problem Solving, Kubernetes, Git"
STU11657,22,Female,B.Tech,2025,Regional Tech Institute (Tier 3),Information Technology,None,None,0,InnovateTech Startup,Data Science & Analytics,2,2,Internship Only,67,52,5.8,Placed,9.1,Internship Conversion,30,"Power BI, SQL, Java, Machine Learning, Communication, System Design, React"
STU11658,22,Female,B.Tech,2025,State Tech University (Tier 2),Electronics & Communication,IBM Data Science Professional,AWS,1,Deloitte Consulting,Product & Business Analytics,3,2,Both (Hybrid),88,63,8.4,Placed,15.05,Internship Conversion,47,"React, Docker, Machine Learning, Python, Tableau, Kubernetes, SQL, Communication, Data Analysis, System Design"
STU11659,22,Female,B.Tech,2024,State Tech University (Tier 2),Computer Science & Engineering,None,None,0,CyberGuard Analytics,Data Science & Analytics,2,1,Internship Only,54,42,5.3,Placed,8.08,On-Campus / Off-Campus Placement,102,"Power BI, System Design, Docker, Communication, Java, Problem Solving"
STU11660,22,Male,BCA,2026,City Engineering College (Tier 3),Computer Science & Engineering,Certified Information Systems Security Professional (CISSP); Microsoft Certified: Azure Developer; IBM Data Science Professional,NPTEL; Google Cloud; Microsoft Azure,3,CyberGuard Analytics,Artificial Intelligence / ML,2,2,Both (Hybrid),70,84,8.0,Placed,12.23,On-Campus / Off-Campus Placement,50,"System Design, Communication, Problem Solving, Docker, Power BI, Data Analysis, Python, AWS, Tableau, React"
STU11661,22,Male,B.Tech,2025,Regional Tech Institute (Tier 3),Computer Science & Engineering,None,None,0,None,None,0,0,Neither,41,46,4.8,Unplaced,0.0,Not Converted,-1,"Tableau, System Design"
STU11662,24,Female,B.Tech,2025,Apex Institute of Technology (Tier 2),Information Technology,IBM Data Science Professional; Coursera Machine Learning Specialization; TensorFlow Developer Certificate,AWS; Google Cloud; Microsoft Azure,3,None,None,0,0,Certification Only,36,86,4.6,Placed,8.71,On-Campus / Off-Campus Placement,107,"Tableau, Kubernetes, Java, Data Analysis, Problem Solving, React, Communication, Git"
STU11663,22,Male,B.Sc (CS/IT),2024,Apex Institute of Technology (Tier 2),Computer Science & Engineering,Microsoft Certified: Azure Developer; IBM Data Science Professional,Coursera; Meta,2,Amazon AWS,Software Engineering,2,1,Both (Hybrid),53,64,7.4,Unplaced,0.0,Not Converted,-1,"Machine Learning, Java, Communication, Power BI, Python, Docker, Tableau, AWS, Problem Solving, SQL"
STU11664,25,Female,M.Tech,2026,Apex Institute of Technology (Tier 2),Data Science & Artificial Intelligence,Coursera Machine Learning Specialization,AWS,1,None,None,0,0,Certification Only,42,56,4.2,Unplaced,0.0,Not Converted,-1,"AWS, SQL, Problem Solving, Git, Java"
STU11665,24,Male,B.Sc (CS/IT),2025,State Tech University (Tier 2),Data Science & Artificial Intelligence,None,None,0,None,None,0,0,Neither,28,50,5.6,Unplaced,0.0,Not Converted,-1,"Java, AWS"
STU11666,21,Male,B.Tech,2026,Apex Institute of Technology (Tier 2),Computer Science & Engineering,Docker & Kubernetes Developer Cert; Microsoft Certified: Azure Developer,Google Cloud; Coursera,2,Google India,Cloud & DevOps,2,1,Both (Hybrid),63,73,7.4,Placed,13.69,Internship Conversion,61,"Power BI, Python, Problem Solving, Kubernetes, AWS, System Design, Tableau, Communication"
STU11667,24,Male,B.Sc (CS/IT),2023,City Engineering College (Tier 3),Business Analytics,Docker & Kubernetes Developer Cert; TensorFlow Developer Certificate; Microsoft Certified: Azure Developer,AWS; Microsoft Azure; Udemy,4,None,None,0,0,Certification Only,29,93,5.1,Placed,6.65,On-Campus / Off-Campus Placement,63,"System Design, Problem Solving, SQL, Data Analysis, Python, Communication, AWS, React, Tableau"
STU11668,21,Male,B.Tech,2024,Apex Institute of Technology (Tier 2),Computer Science & Engineering,TensorFlow Developer Certificate; Certified Information Systems Security Professional (CISSP),Coursera; AWS,2,Microsoft Tech,Cyber Security,3,2,Both (Hybrid),83,65,8.5,Placed,14.79,On-Campus / Off-Campus Placement,33,"Machine Learning, React, Python, Power BI, Docker, Problem Solving, Tableau, Data Analysis, AWS, Communication"
STU11669,23,Male,B.Tech,2024,IIT / NIT Group (Tier 1),Data Science & Artificial Intelligence,Microsoft Certified: Azure Developer,NPTEL,1,FinTech Solutions,Artificial Intelligence / ML,12,1,Both (Hybrid),98,70,9.1,Placed,17.14,Direct PPO (Pre-Placement Offer),68,"Python, SQL, AWS, Communication, Machine Learning, Git, System Design"
STU11670,22,Male,B.Tech,2024,State Tech University (Tier 2),Electronics & Communication,AWS Certified Solutions Architect; NPTEL Cloud Computing & Distributed Systems,NPTEL; Google Cloud,2,InnovateTech Startup,Cloud & DevOps,2,1,Both (Hybrid),58,70,6.8,Placed,11.01,On-Campus / Off-Campus Placement,69,"React, Power BI, System Design, Problem Solving, Python, Java, Git, Kubernetes, Machine Learning, Data Analysis"
STU11671,24,Non-Binary,B.Sc (CS/IT),2026,BITS & Top National Inst (Tier 1),Computer Science & Engineering,TensorFlow Developer Certificate,IBM,1,TCS Innovation Labs,Software Engineering,9,1,Both (Hybrid),84,53,9.4,Placed,18.61,Direct PPO (Pre-Placement Offer),39,"AWS, Git, Kubernetes, Data Analysis, Machine Learning, Tableau"
STU11672,24,Male,B.Tech,2023,BITS & Top National Inst (Tier 1),Information Technology,Microsoft Certified: Azure Developer; NPTEL Cloud Computing & Distributed Systems; Certified Information Systems Security Professional (CISSP),Coursera; AWS; Google Cloud,5,CyberGuard Analytics,Product & Business Analytics,3,1,Both (Hybrid),69,100,9.4,Placed,14.36,On-Campus / Off-Campus Placement,27,"Java, Power BI, Communication, Python, AWS, Machine Learning, Kubernetes, Git, System Design, Data Analysis"
STU11673,23,Female,B.Tech,2023,City Engineering College (Tier 3),Electronics & Communication,Certified Information Systems Security Professional (CISSP); IBM Data Science Professional,NPTEL; IBM,2,Google India,Cyber Security,3,1,Both (Hybrid),62,65,7.4,Placed,8.31,Internship Conversion,68,"Python, Data Analysis, React, System Design, Communication, Power BI, Machine Learning, Problem Solving, Tableau"
STU11674,23,Female,B.Tech,2024,IIT / NIT Group (Tier 1),Business Analytics,Coursera Machine Learning Specialization; IBM Data Science Professional,Meta; Coursera,2,None,None,0,0,Certification Only,32,83,5.7,Placed,10.34,On-Campus / Off-Campus Placement,100,"Git, SQL, AWS, Kubernetes, React, Python"
STU11675,22,Non-Binary,M.Tech,2023,BITS & Top National Inst (Tier 1),Business Analytics,Meta Front-End Developer Specialization,NPTEL,1,InnovateTech Startup,Cyber Security,7,2,Both (Hybrid),96,74,10.0,Placed,17.41,Internship Conversion,21,"Communication, React, Problem Solving, Tableau, AWS, Python, Kubernetes, Git, Power BI"
STU11676,21,Female,BCA,2024,State Tech University (Tier 2),Computer Science & Engineering,Docker & Kubernetes Developer Cert; TensorFlow Developer Certificate,Meta; Google Cloud,2,Infosys Center,Artificial Intelligence / ML,9,1,Both (Hybrid),86,64,8.9,Placed,14.72,Direct PPO (Pre-Placement Offer),19,"Python, Docker, Data Analysis, Kubernetes, Git, Communication, Problem Solving, Machine Learning"
STU11677,22,Female,B.Tech,2025,Apex Institute of Technology (Tier 2),Data Science & Artificial Intelligence,NPTEL Cloud Computing & Distributed Systems,IBM,1,Google India,Cyber Security,6,1,Both (Hybrid),74,67,7.0,Placed,13.89,On-Campus / Off-Campus Placement,35,"System Design, React, Power BI, Kubernetes, Docker, Communication, Data Analysis, Problem Solving"
STU11678,21,Male,BCA,2025,State Tech University (Tier 2),Computer Science & Engineering,None,None,0,TCS Innovation Labs,Artificial Intelligence / ML,2,1,Internship Only,61,56,6.3,Placed,12.03,Internship Conversion,83,"Docker, SQL, Kubernetes, Data Analysis, React"
STU11679,23,Male,BCA,2023,BITS & Top National Inst (Tier 1),Computer Science & Engineering,AWS Certified Solutions Architect,NPTEL,1,FinTech Solutions,Data Science & Analytics,12,1,Both (Hybrid),96,61,9.8,Placed,17.65,Direct PPO (Pre-Placement Offer),47,"Communication, Data Analysis, System Design, React, Docker, Machine Learning, Power BI"
STU11680,22,Male,BCA,2024,BITS & Top National Inst (Tier 1),Computer Science & Engineering,Google Professional Data Engineer; TensorFlow Developer Certificate; Meta Front-End Developer Specialization,Coursera; Google Cloud; Meta,4,Google India,Cloud & DevOps,7,2,Both (Hybrid),91,92,10.0,Placed,17.43,On-Campus / Off-Campus Placement,12,"System Design, Tableau, Communication, Kubernetes, Java, Data Analysis, Python, Power BI, SQL, Problem Solving"
STU11681,25,Female,B.Tech,2024,BITS & Top National Inst (Tier 1),Computer Science & Engineering,Microsoft Certified: Azure Developer; NPTEL Cloud Computing & Distributed Systems,Coursera; IBM,2,CyberGuard Analytics,Software Engineering,3,1,Both (Hybrid),62,67,7.8,Placed,15.23,Internship Conversion,42,"System Design, React, Tableau, Java, Docker, AWS, Kubernetes, SQL, Machine Learning, Communication"
STU11682,22,Female,M.Tech,2023,State Tech University (Tier 2),Business Analytics,None,None,0,TCS Innovation Labs,Cloud & DevOps,2,2,Internship Only,81,55,7.4,Placed,13.82,Internship Conversion,43,"Kubernetes, React, Docker, AWS, Communication, System Design, Power BI, Machine Learning"
STU11683,23,Male,B.Tech,2025,State Tech University (Tier 2),Computer Science & Engineering,TensorFlow Developer Certificate; Coursera Machine Learning Specialization; Meta Front-End Developer Specialization,AWS; NPTEL; IBM,3,TCS Innovation Labs,Product & Business Analytics,3,1,Both (Hybrid),69,80,6.6,Placed,11.95,On-Campus / Off-Campus Placement,69,"Java, Power BI, Machine Learning, Python, Kubernetes, React, System Design, Communication, Git, Data Analysis"
STU11684,21,Male,BCA,2025,Regional Tech Institute (Tier 3),Data Science & Artificial Intelligence,Coursera Machine Learning Specialization,NPTEL,1,FinTech Solutions,Cyber Security,3,2,Both (Hybrid),62,49,7.7,Placed,8.76,Internship Conversion,41,"Communication, SQL, React, System Design, Machine Learning, Problem Solving, Docker, Java, Git"
STU11685,24,Female,B.Tech,2025,State Tech University (Tier 2),Data Science & Artificial Intelligence,NPTEL Cloud Computing & Distributed Systems,Udemy,1,FinTech Solutions,Data Science & Analytics,9,3,Both (Hybrid),100,56,10.0,Placed,21.87,Direct PPO (Pre-Placement Offer),21,"Communication, Java, Machine Learning, SQL, Python, Problem Solving, Docker, Git, Kubernetes, Data Analysis"
STU11686,24,Male,B.Tech,2025,IIT / NIT Group (Tier 1),Data Science & Artificial Intelligence,Certified Information Systems Security Professional (CISSP),Udemy,1,None,None,0,0,Certification Only,59,62,4.8,Placed,11.47,On-Campus / Off-Campus Placement,97,"Docker, Java, Communication, Data Analysis"
STU11687,22,Female,B.Tech,2023,Apex Institute of Technology (Tier 2),Cyber Security,IBM Data Science Professional; AWS Certified Solutions Architect,Udemy; NPTEL,2,None,None,0,0,Certification Only,38,62,4.8,Placed,8.59,On-Campus / Off-Campus Placement,113,"Power BI, Kubernetes, Tableau, Communication, SQL"
STU11688,22,Female,BCA,2026,State Tech University (Tier 2),Computer Science & Engineering,NPTEL Cloud Computing & Distributed Systems; Docker & Kubernetes Developer Cert,Coursera; Microsoft Azure,2,None,None,0,0,Certification Only,39,68,5.4,Unplaced,0.0,Not Converted,-1,"Problem Solving, Java, Data Analysis, Power BI, Kubernetes, Python, Machine Learning"
STU11689,23,Female,B.Tech,2025,Apex Institute of Technology (Tier 2),Information Technology,AWS Certified Solutions Architect,IBM,1,None,None,0,0,Certification Only,41,63,4.7,Placed,8.28,On-Campus / Off-Campus Placement,110,"Tableau, Power BI, Python"
STU11690,21,Female,B.Sc (CS/IT),2026,State Tech University (Tier 2),Data Science & Artificial Intelligence,TensorFlow Developer Certificate; IBM Data Science Professional,Microsoft Azure; Udemy,2,Microsoft Tech,Artificial Intelligence / ML,2,1,Both (Hybrid),53,69,6.6,Placed,13.71,On-Campus / Off-Campus Placement,90,"Communication, Kubernetes, Machine Learning, Data Analysis, Java, SQL, Power BI, System Design, Problem Solving"
STU11691,22,Female,B.Tech,2023,Apex Institute of Technology (Tier 2),Computer Science & Engineering,Docker & Kubernetes Developer Cert,AWS,1,Google India,Cyber Security,2,2,Both (Hybrid),87,57,8.0,Placed,13.62,On-Campus / Off-Campus Placement,42,"Docker, Tableau, Power BI, Git, Kubernetes, Communication, React, SQL, Machine Learning"
STU11692,22,Male,BCA,2026,Apex Institute of Technology (Tier 2),Data Science & Artificial Intelligence,Microsoft Certified: Azure Developer; NPTEL Cloud Computing & Distributed Systems; Google Professional Data Engineer,NPTEL; Google Cloud; AWS,3,Google India,Artificial Intelligence / ML,14,3,Both (Hybrid),100,78,10.0,Placed,21.56,Internship Conversion,5,"Problem Solving, Power BI, Kubernetes, Data Analysis, Git, Machine Learning, Docker, System Design, Java, SQL"
STU11693,21,Female,B.Sc (CS/IT),2025,Regional Tech Institute (Tier 3),Electronics & Communication,None,None,0,TCS Innovation Labs,Cyber Security,2,1,Internship Only,49,37,5.1,Unplaced,0.0,Not Converted,-1,"Git, Power BI, AWS, Kubernetes, SQL"
STU11694,22,Female,BCA,2025,State Tech University (Tier 2),Computer Science & Engineering,IBM Data Science Professional; Microsoft Certified: Azure Developer; TensorFlow Developer Certificate,IBM; Udemy; Meta,3,FinTech Solutions,Software Engineering,3,2,Both (Hybrid),85,82,8.2,Placed,13.91,On-Campus / Off-Campus Placement,33,"Power BI, AWS, Python, Kubernetes, Data Analysis, Machine Learning, React, Problem Solving, Java, System Design"
STU11695,21,Male,B.Sc (CS/IT),2023,State Tech University (Tier 2),Computer Science & Engineering,Certified Information Systems Security Professional (CISSP); IBM Data Science Professional,Microsoft Azure; Meta,2,InnovateTech Startup,Software Engineering,6,1,Both (Hybrid),79,72,7.2,Placed,13.6,Direct PPO (Pre-Placement Offer),77,"Kubernetes, Tableau, React, Docker, Power BI, System Design, AWS, SQL, Data Analysis"
STU11696,21,Male,BCA,2025,State Tech University (Tier 2),Computer Science & Engineering,Certified Information Systems Security Professional (CISSP); Coursera Machine Learning Specialization,Google Cloud; NPTEL,2,DataMetrics Labs,Product & Business Analytics,2,1,Both (Hybrid),65,76,6.5,Placed,13.03,On-Campus / Off-Campus Placement,97,"Machine Learning, Data Analysis, Docker, Python, Git, AWS, React, Java, Power BI, SQL"
STU11697,21,Male,B.Tech,2026,Regional Tech Institute (Tier 3),Electronics & Communication,Microsoft Certified: Azure Developer,Meta,1,Deloitte Consulting,Cloud & DevOps,11,2,Both (Hybrid),97,60,9.9,Placed,13.93,Direct PPO (Pre-Placement Offer),33,"Java, SQL, Data Analysis, AWS, Docker, Power BI, System Design, Tableau, Communication"
STU11698,25,Male,B.Sc (CS/IT),2025,City Engineering College (Tier 3),Information Technology,Coursera Machine Learning Specialization; TensorFlow Developer Certificate,NPTEL; Udemy,2,Amazon AWS,Product & Business Analytics,2,1,Both (Hybrid),49,66,5.6,Placed,8.79,On-Campus / Off-Campus Placement,80,"Java, Python, Git, Data Analysis, SQL, Tableau, AWS, Machine Learning, Communication, Kubernetes"
STU11699,22,Female,B.Tech,2025,IIT / NIT Group (Tier 1),Data Science & Artificial Intelligence,None,None,0,Microsoft Tech,Artificial Intelligence / ML,11,2,Internship Only,100,54,9.8,Placed,19.14,Direct PPO (Pre-Placement Offer),27,"React, Problem Solving, SQL, Docker, Communication, Git, Data Analysis"
STU11700,25,Female,BCA,2026,BITS & Top National Inst (Tier 1),Data Science & Artificial Intelligence,AWS Certified Solutions Architect; Docker & Kubernetes Developer Cert; Coursera Machine Learning Specialization,NPTEL; Udemy; Microsoft Azure,3,None,None,0,0,Certification Only,39,86,6.0,Placed,12.09,On-Campus / Off-Campus Placement,83,"SQL, Communication, Power BI, AWS, Python, Machine Learning, System Design, Kubernetes"
STU11701,22,Male,B.Sc (CS/IT),2024,State Tech University (Tier 2),Business Analytics,None,None,0,Microsoft Tech,Product & Business Analytics,6,1,Internship Only,77,44,7.1,Placed,12.67,Direct PPO (Pre-Placement Offer),60,"React, Git, Tableau, Machine Learning"
STU11702,22,Male,B.Tech,2025,IIT / NIT Group (Tier 1),Electronics & Communication,None,None,0,Amazon AWS,Cloud & DevOps,3,2,Internship Only,87,57,8.5,Placed,14.28,On-Campus / Off-Campus Placement,60,"React, Power BI, Python, Tableau, AWS, Kubernetes, Machine Learning, Communication"
STU11703,22,Female,B.Tech,2024,State Tech University (Tier 2),Electronics & Communication,Google Professional Data Engineer; IBM Data Science Professional,Udemy; Microsoft Azure,2,None,None,0,0,Certification Only,42,61,4.9,Placed,9.36,On-Campus / Off-Campus Placement,95,"AWS, Python, Power BI, SQL, Kubernetes, Communication, Data Analysis"
STU11704,22,Male,B.Tech,2026,BITS & Top National Inst (Tier 1),Electronics & Communication,AWS Certified Solutions Architect; Google Professional Data Engineer,Udemy; AWS,2,InnovateTech Startup,Product & Business Analytics,3,2,Both (Hybrid),98,87,9.3,Placed,15.27,Internship Conversion,71,"Kubernetes, Python, Docker, Data Analysis, SQL, Communication, System Design, Power BI, Tableau, Problem Solving"
STU11705,21,Male,B.Sc (CS/IT),2023,Apex Institute of Technology (Tier 2),Information Technology,None,None,0,None,None,0,0,Neither,39,52,3.7,Unplaced,0.0,Not Converted,-1,"Communication, Tableau"
STU11706,22,Female,M.Tech,2025,Regional Tech Institute (Tier 3),Data Science & Artificial Intelligence,Coursera Machine Learning Specialization; IBM Data Science Professional; Certified Information Systems Security Professional (CISSP),Udemy; AWS; NPTEL,4,Amazon AWS,Software Engineering,6,1,Both (Hybrid),51,91,8.6,Placed,11.62,Direct PPO (Pre-Placement Offer),29,"Data Analysis, Power BI, Python, Tableau, SQL, Java, Machine Learning, Kubernetes, Docker, AWS"
STU11707,21,Female,BCA,2025,Regional Tech Institute (Tier 3),Electronics & Communication,Coursera Machine Learning Specialization; Certified Information Systems Security Professional (CISSP); Meta Front-End Developer Specialization,Microsoft Azure; Meta; AWS,5,None,None,0,0,Certification Only,35,100,4.4,Placed,7.42,On-Campus / Off-Campus Placement,92,"Machine Learning, Data Analysis, Python, Kubernetes, Power BI, System Design, Java, SQL, Git, Communication"
STU11708,22,Male,BCA,2025,State Tech University (Tier 2),Business Analytics,NPTEL Cloud Computing & Distributed Systems; Coursera Machine Learning Specialization,Meta; Google Cloud,2,None,None,0,0,Certification Only,31,69,4.6,Placed,9.28,On-Campus / Off-Campus Placement,134,"Machine Learning, Python, SQL, AWS, Power BI, Docker"
STU11709,23,Male,M.Tech,2025,Apex Institute of Technology (Tier 2),Computer Science & Engineering,Meta Front-End Developer Specialization,AWS,1,Microsoft Tech,Data Science & Analytics,3,1,Both (Hybrid),62,61,6.3,Placed,11.04,On-Campus / Off-Campus Placement,49,"Python, Tableau, SQL, Data Analysis, Docker, AWS, Git"
STU11710,21,Male,B.Tech,2026,City Engineering College (Tier 3),Computer Science & Engineering,TensorFlow Developer Certificate; IBM Data Science Professional,Meta; Microsoft Azure,2,TCS Innovation Labs,Data Science & Analytics,4,3,Both (Hybrid),96,68,10.0,Placed,15.42,On-Campus / Off-Campus Placement,5,"Tableau, System Design, AWS, Machine Learning, Data Analysis, Communication, Docker, Git, Python, Java"
STU11711,21,Female,B.Tech,2026,IIT / NIT Group (Tier 1),Cyber Security,IBM Data Science Professional,NPTEL,1,None,None,0,0,Certification Only,31,68,5.7,Unplaced,0.0,Not Converted,-1,"SQL, Docker, Communication, Machine Learning"
STU11712,23,Female,B.Sc (CS/IT),2023,Apex Institute of Technology (Tier 2),Computer Science & Engineering,Google Professional Data Engineer,Coursera,1,None,None,0,0,Certification Only,36,52,4.3,Unplaced,0.0,Not Converted,-1,"Data Analysis, Python, Problem Solving, Git, React"
STU11713,22,Male,B.Sc (CS/IT),2024,State Tech University (Tier 2),Business Analytics,Meta Front-End Developer Specialization; IBM Data Science Professional; Certified Information Systems Security Professional (CISSP),Microsoft Azure; AWS; Udemy,4,Google India,Data Science & Analytics,2,2,Both (Hybrid),71,94,9.6,Placed,14.57,Internship Conversion,5,"AWS, Machine Learning, Power BI, Java, SQL, React, System Design, Tableau, Communication, Kubernetes"
STU11714,21,Female,M.Tech,2023,BITS & Top National Inst (Tier 1),Data Science & Artificial Intelligence,Microsoft Certified: Azure Developer; IBM Data Science Professional; NPTEL Cloud Computing & Distributed Systems,AWS; Meta; NPTEL,4,Amazon AWS,Data Science & Analytics,2,1,Both (Hybrid),69,100,8.5,Placed,14.57,On-Campus / Off-Campus Placement,20,"Python, Tableau, Kubernetes, System Design, Git, Communication, Docker, Power BI, Machine Learning, SQL"
STU11715,25,Female,B.Tech,2024,State Tech University (Tier 2),Computer Science & Engineering,Certified Information Systems Security Professional (CISSP); IBM Data Science Professional; Google Professional Data Engineer,NPTEL; Google Cloud; Coursera,4,None,None,0,0,Certification Only,43,96,5.7,Placed,10.29,On-Campus / Off-Campus Placement,99,"Java, Data Analysis, Problem Solving, React, Kubernetes, Git, Communication, AWS, System Design, Machine Learning"
STU11716,21,Male,B.Tech,2025,IIT / NIT Group (Tier 1),Computer Science & Engineering,Microsoft Certified: Azure Developer,Microsoft Azure,1,Google India,Software Engineering,9,1,Both (Hybrid),86,67,9.7,Placed,17.15,Direct PPO (Pre-Placement Offer),48,"Git, React, System Design, AWS, Python, Data Analysis"
STU11717,23,Male,B.Tech,2026,Apex Institute of Technology (Tier 2),Computer Science & Engineering,Microsoft Certified: Azure Developer,AWS,1,TCS Innovation Labs,Product & Business Analytics,3,1,Both (Hybrid),63,54,7.2,Placed,13.47,On-Campus / Off-Campus Placement,44,"Python, Docker, Communication, Java, AWS, SQL"
STU11718,25,Female,B.Tech,2025,State Tech University (Tier 2),Computer Science & Engineering,Google Professional Data Engineer,Google Cloud,1,CyberGuard Analytics,Artificial Intelligence / ML,9,1,Both (Hybrid),81,62,8.2,Placed,13.62,Direct PPO (Pre-Placement Offer),18,"Docker, AWS, React, Kubernetes, Java, Communication, Power BI"
STU11719,21,Male,B.Tech,2023,State Tech University (Tier 2),Data Science & Artificial Intelligence,NPTEL Cloud Computing & Distributed Systems,NPTEL,1,Google India,Product & Business Analytics,7,2,Both (Hybrid),85,53,9.3,Placed,16.98,On-Campus / Off-Campus Placement,30,"Data Analysis, Git, React, Java, Problem Solving, Communication, Machine Learning, Docker, AWS, Tableau"
STU11720,21,Male,B.Sc (CS/IT),2023,BITS & Top National Inst (Tier 1),Information Technology,Microsoft Certified: Azure Developer,IBM,1,None,None,0,0,Certification Only,42,66,5.2,Unplaced,0.0,Not Converted,-1,"Java, Kubernetes, System Design, Python, React"
STU11721,21,Female,B.Tech,2025,City Engineering College (Tier 3),Cyber Security,Meta Front-End Developer Specialization,Google Cloud,1,DataMetrics Labs,Cloud & DevOps,4,3,Both (Hybrid),99,43,9.4,Placed,15.41,On-Campus / Off-Campus Placement,5,"System Design, React, Problem Solving, Power BI, Python, Data Analysis, AWS, SQL, Docker, Java"
STU11722,22,Female,B.Sc (CS/IT),2025,State Tech University (Tier 2),Data Science & Artificial Intelligence,Meta Front-End Developer Specialization; IBM Data Science Professional,Udemy; NPTEL,2,None,None,0,0,Certification Only,37,83,4.3,Unplaced,0.0,Not Converted,-1,"Python, Docker, Power BI, Data Analysis, AWS"
STU11723,21,Female,B.Tech,2024,Apex Institute of Technology (Tier 2),Data Science & Artificial Intelligence,Google Professional Data Engineer; Microsoft Certified: Azure Developer; Docker & Kubernetes Developer Cert,Microsoft Azure; Udemy; IBM,3,Deloitte Consulting,Cyber Security,2,2,Both (Hybrid),85,87,8.4,Placed,15.55,On-Campus / Off-Campus Placement,15,"Java, Communication, SQL, System Design, React, Python, Tableau, Problem Solving, Machine Learning, Kubernetes"
STU11724,23,Female,BCA,2026,Apex Institute of Technology (Tier 2),Data Science & Artificial Intelligence,Certified Information Systems Security Professional (CISSP); Meta Front-End Developer Specialization,NPTEL; Meta,2,Deloitte Consulting,Data Science & Analytics,2,2,Both (Hybrid),81,66,8.1,Placed,12.96,On-Campus / Off-Campus Placement,30,"Power BI, Kubernetes, React, Problem Solving, AWS, Docker, Data Analysis, Tableau, System Design, Python"
STU11725,21,Female,B.Tech,2026,State Tech University (Tier 2),Data Science & Artificial Intelligence,Certified Information Systems Security Professional (CISSP); Meta Front-End Developer Specialization; Coursera Machine Learning Specialization,Microsoft Azure; Udemy; AWS,3,DataMetrics Labs,Data Science & Analytics,3,1,Both (Hybrid),55,87,7.1,Placed,13.06,On-Campus / Off-Campus Placement,55,"AWS, SQL, Java, Data Analysis, Communication, Kubernetes, System Design, Python, Machine Learning, Git"
STU11726,22,Male,B.Tech,2024,BITS & Top National Inst (Tier 1),Data Science & Artificial Intelligence,None,None,0,None,None,0,0,Neither,47,48,5.3,Unplaced,0.0,Not Converted,-1,"AWS, Kubernetes, Tableau"
STU11727,25,Female,B.Tech,2026,Apex Institute of Technology (Tier 2),Computer Science & Engineering,None,None,0,InnovateTech Startup,Data Science & Analytics,2,2,Internship Only,78,51,7.1,Placed,13.01,On-Campus / Off-Campus Placement,42,"Data Analysis, AWS, Kubernetes, SQL, Communication, Python, Git, React"
STU11728,23,Male,MBA (Tech & Analytics),2024,BITS & Top National Inst (Tier 1),Computer Science & Engineering,Certified Information Systems Security Professional (CISSP); AWS Certified Solutions Architect; Microsoft Certified: Azure Developer,Meta; NPTEL; Google Cloud,3,Infosys Center,Data Science & Analytics,15,2,Both (Hybrid),100,98,10.0,Placed,22.98,Direct PPO (Pre-Placement Offer),5,"SQL, System Design, Problem Solving, Communication, React, Tableau, Java, Python, Machine Learning, Git"
STU11729,22,Male,B.Sc (CS/IT),2025,IIT / NIT Group (Tier 1),Computer Science & Engineering,Microsoft Certified: Azure Developer; IBM Data Science Professional,Coursera; Meta,2,Deloitte Consulting,Cloud & DevOps,6,1,Both (Hybrid),69,77,9.0,Placed,16.34,Internship Conversion,18,"Data Analysis, AWS, SQL, Java, React, Python, Machine Learning, Tableau"
STU11730,22,Female,B.Tech,2024,Apex Institute of Technology (Tier 2),Computer Science & Engineering,Google Professional Data Engineer; Certified Information Systems Security Professional (CISSP),AWS; NPTEL,2,None,None,0,0,Certification Only,34,69,5.7,Unplaced,0.0,Not Converted,-1,"Git, Docker, Python, Communication, AWS, Data Analysis"
STU11731,22,Female,B.Tech,2023,BITS & Top National Inst (Tier 1),Information Technology,None,None,0,Google India,Data Science & Analytics,4,3,Internship Only,100,46,9.8,Placed,17.75,Internship Conversion,5,"Tableau, Python, Data Analysis, Java, AWS, Machine Learning, Git, Kubernetes, SQL, Power BI"
STU11732,22,Male,MBA (Tech & Analytics),2026,State Tech University (Tier 2),Computer Science & Engineering,Certified Information Systems Security Professional (CISSP),Coursera,1,Microsoft Tech,Artificial Intelligence / ML,6,1,Both (Hybrid),75,50,6.9,Placed,12.57,On-Campus / Off-Campus Placement,50,"Git, React, Problem Solving, Tableau, Data Analysis, System Design, SQL, AWS"
STU11733,22,Female,B.Tech,2024,State Tech University (Tier 2),Business Analytics,TensorFlow Developer Certificate; Microsoft Certified: Azure Developer,Meta; Udemy,2,None,None,0,0,Certification Only,44,67,5.7,Placed,8.17,On-Campus / Off-Campus Placement,109,"Kubernetes, Git, Communication, Tableau, SQL, System Design"
STU11734,21,Male,B.Tech,2025,State Tech University (Tier 2),Business Analytics,Google Professional Data Engineer; AWS Certified Solutions Architect; NPTEL Cloud Computing & Distributed Systems,Meta; Microsoft Azure; NPTEL,3,CyberGuard Analytics,Artificial Intelligence / ML,9,3,Both (Hybrid),100,82,10.0,Placed,19.96,Direct PPO (Pre-Placement Offer),5,"AWS, Git, System Design, Data Analysis, Power BI, Machine Learning, Java, Tableau, React, Kubernetes"
STU11735,24,Male,BCA,2024,Apex Institute of Technology (Tier 2),Cyber Security,AWS Certified Solutions Architect; Google Professional Data Engineer; TensorFlow Developer Certificate,AWS; Google Cloud; NPTEL,4,DataMetrics Labs,Cloud & DevOps,2,1,Both (Hybrid),64,84,7.5,Placed,12.7,Internship Conversion,59,"Data Analysis, Kubernetes, Communication, React, Python, Machine Learning, Docker, Java, Problem Solving, Tableau"
STU11736,22,Male,MBA (Tech & Analytics),2023,Apex Institute of Technology (Tier 2),Business Analytics,AWS Certified Solutions Architect; NPTEL Cloud Computing & Distributed Systems,NPTEL; AWS,2,Microsoft Tech,Product & Business Analytics,2,1,Both (Hybrid),56,73,6.4,Placed,12.07,On-Campus / Off-Campus Placement,84,"React, Java, System Design, Machine Learning, Problem Solving, Git, Tableau, AWS, Power BI"
STU11737,21,Female,B.Tech,2023,Apex Institute of Technology (Tier 2),Computer Science & Engineering,Google Professional Data Engineer; Docker & Kubernetes Developer Cert,Coursera; Microsoft Azure,2,Google India,Cyber Security,7,2,Both (Hybrid),90,64,9.5,Placed,14.75,Direct PPO (Pre-Placement Offer),5,"Data Analysis, Problem Solving, React, Power BI, Docker, Git, Tableau, System Design, SQL, AWS"
STU11738,22,Female,B.Tech,2024,Apex Institute of Technology (Tier 2),Data Science & Artificial Intelligence,IBM Data Science Professional; Coursera Machine Learning Specialization; NPTEL Cloud Computing & Distributed Systems,Coursera; Udemy; Microsoft Azure,3,Amazon AWS,Software Engineering,11,2,Both (Hybrid),100,85,10.0,Placed,18.9,Direct PPO (Pre-Placement Offer),5,"SQL, Problem Solving, System Design, Power BI, Kubernetes, React, Java, Python, Tableau, Git"
STU11739,22,Male,MBA (Tech & Analytics),2025,State Tech University (Tier 2),Computer Science & Engineering,TensorFlow Developer Certificate; Docker & Kubernetes Developer Cert,Meta; NPTEL,2,None,None,0,0,Certification Only,39,79,4.7,Unplaced,0.0,Not Converted,-1,"Python, System Design, Java, Docker, Git, Machine Learning"
STU11740,23,Female,B.Tech,2024,State Tech University (Tier 2),Electronics & Communication,IBM Data Science Professional; AWS Certified Solutions Architect,NPTEL; Microsoft Azure,2,InnovateTech Startup,Cyber Security,3,2,Both (Hybrid),75,61,8.4,Placed,9.78,On-Campus / Off-Campus Placement,17,"Docker, Python, Communication, Problem Solving, Data Analysis, React, System Design, Power BI, Git, Tableau"
STU11741,23,Male,B.Tech,2025,State Tech University (Tier 2),Business Analytics,Docker & Kubernetes Developer Cert; Google Professional Data Engineer; Certified Information Systems Security Professional (CISSP),Coursera; Meta; Google Cloud,4,CyberGuard Analytics,Cyber Security,9,3,Both (Hybrid),100,100,10.0,Placed,19.01,Direct PPO (Pre-Placement Offer),5,"React, Problem Solving, Data Analysis, Kubernetes, Communication, SQL, Tableau, Machine Learning, System Design, Power BI"
STU11742,23,Female,BCA,2025,State Tech University (Tier 2),Electronics & Communication,Microsoft Certified: Azure Developer; Google Professional Data Engineer; Docker & Kubernetes Developer Cert,NPTEL; AWS; IBM,3,Infosys Center,Cyber Security,3,1,Both (Hybrid),65,75,6.4,Placed,11.67,On-Campus / Off-Campus Placement,79,"React, Machine Learning, Git, Tableau, Data Analysis, Communication, Problem Solving, AWS, System Design, Java"
STU11743,21,Male,M.Tech,2025,Regional Tech Institute (Tier 3),Data Science & Artificial Intelligence,NPTEL Cloud Computing & Distributed Systems; Microsoft Certified: Azure Developer; Docker & Kubernetes Developer Cert,IBM; Google Cloud; Udemy,4,Microsoft Tech,Data Science & Analytics,6,1,Both (Hybrid),56,87,7.8,Placed,11.51,Direct PPO (Pre-Placement Offer),15,"Problem Solving, Data Analysis, Docker, React, Python, Kubernetes, System Design, SQL, AWS, Communication"
STU11744,22,Male,B.Tech,2024,City Engineering College (Tier 3),Electronics & Communication,NPTEL Cloud Computing & Distributed Systems,Microsoft Azure,1,DataMetrics Labs,Data Science & Analytics,7,2,Both (Hybrid),86,60,8.4,Placed,12.68,Internship Conversion,49,"React, System Design, Tableau, Java, Communication, AWS, Kubernetes, Docker, Problem Solving, Python"
STU11745,22,Female,MBA (Tech & Analytics),2026,BITS & Top National Inst (Tier 1),Computer Science & Engineering,AWS Certified Solutions Architect; Coursera Machine Learning Specialization,AWS; Coursera,2,Deloitte Consulting,Cyber Security,2,1,Both (Hybrid),77,83,6.6,Placed,12.64,On-Campus / Off-Campus Placement,70,"Docker, AWS, Data Analysis, Communication, Python, Machine Learning, React, Kubernetes"
STU11746,21,Male,BCA,2024,IIT / NIT Group (Tier 1),Computer Science & Engineering,NPTEL Cloud Computing & Distributed Systems; Google Professional Data Engineer; Certified Information Systems Security Professional (CISSP),Google Cloud; AWS; Udemy,3,CyberGuard Analytics,Artificial Intelligence / ML,3,1,Both (Hybrid),62,85,8.1,Placed,16.74,On-Campus / Off-Campus Placement,50,"Docker, Data Analysis, SQL, AWS, Communication, React, Java, System Design, Tableau, Git"
STU11747,22,Male,B.Tech,2024,IIT / NIT Group (Tier 1),Electronics & Communication,None,None,0,CyberGuard Analytics,Product & Business Analytics,2,1,Internship Only,66,60,6.2,Placed,13.36,On-Campus / Off-Campus Placement,104,"System Design, Tableau, Git, React, Communication"
STU11748,23,Female,MBA (Tech & Analytics),2023,BITS & Top National Inst (Tier 1),Data Science & Artificial Intelligence,AWS Certified Solutions Architect; Certified Information Systems Security Professional (CISSP); Google Professional Data Engineer,IBM; NPTEL; Microsoft Azure,3,Amazon AWS,Software Engineering,2,2,Both (Hybrid),92,89,9.8,Placed,16.48,Internship Conversion,27,"AWS, Tableau, Git, Machine Learning, Docker, Problem Solving, Python, System Design, SQL, Java"
STU11749,21,Female,B.Tech,2024,IIT / NIT Group (Tier 1),Cyber Security,None,None,0,Google India,Product & Business Analytics,7,2,Internship Only,88,45,9.6,Placed,19.36,Internship Conversion,28,"SQL, Git, Tableau, Data Analysis, Communication, AWS, Power BI"
STU11750,22,Male,B.Tech,2023,State Tech University (Tier 2),Computer Science & Engineering,TensorFlow Developer Certificate; Certified Information Systems Security Professional (CISSP); IBM Data Science Professional,Meta; Microsoft Azure; NPTEL,3,Amazon AWS,Data Science & Analytics,2,1,Both (Hybrid),60,89,7.2,Placed,13.06,On-Campus / Off-Campus Placement,56,"SQL, Machine Learning, System Design, Tableau, Docker, Python, Java, Power BI, Communication, Kubernetes"
STU11751,21,Male,BCA,2025,City Engineering College (Tier 3),Electronics & Communication,Docker & Kubernetes Developer Cert; IBM Data Science Professional,Coursera; Microsoft Azure,2,Deloitte Consulting,Artificial Intelligence / ML,2,1,Both (Hybrid),58,72,5.5,Placed,10.22,Internship Conversion,68,"AWS, Tableau, Kubernetes, Power BI, Communication, Python, React, Docker, Data Analysis"
STU11752,21,Male,B.Tech,2024,Apex Institute of Technology (Tier 2),Data Science & Artificial Intelligence,None,None,0,Amazon AWS,Cloud & DevOps,3,1,Internship Only,67,65,5.9,Placed,11.16,On-Campus / Off-Campus Placement,85,"Python, Tableau, Power BI, React"
STU11753,21,Male,B.Tech,2024,BITS & Top National Inst (Tier 1),Electronics & Communication,IBM Data Science Professional,NPTEL,1,None,None,0,0,Certification Only,41,58,6.2,Placed,11.81,On-Campus / Off-Campus Placement,123,"Communication, Python, Docker, Problem Solving, System Design"
STU11754,25,Male,B.Tech,2025,State Tech University (Tier 2),Electronics & Communication,Google Professional Data Engineer; IBM Data Science Professional,Coursera; Google Cloud,2,Google India,Cloud & DevOps,6,1,Both (Hybrid),78,86,8.7,Placed,11.93,Direct PPO (Pre-Placement Offer),53,"Java, Python, Data Analysis, React, Communication, Problem Solving, Power BI, AWS, SQL, Kubernetes"
STU11755,23,Female,B.Tech,2024,State Tech University (Tier 2),Business Analytics,TensorFlow Developer Certificate; Meta Front-End Developer Specialization,Meta; Coursera,2,None,None,0,0,Certification Only,50,77,5.0,Unplaced,0.0,Not Converted,-1,"Communication, Kubernetes, Docker, Machine Learning, System Design, Problem Solving, Tableau"
STU11756,25,Non-Binary,B.Sc (CS/IT),2024,City Engineering College (Tier 3),Computer Science & Engineering,IBM Data Science Professional,NPTEL,1,Amazon AWS,Product & Business Analytics,9,1,Both (Hybrid),66,59,7.5,Placed,10.51,Direct PPO (Pre-Placement Offer),36,"Kubernetes, Tableau, SQL, Git, React, Machine Learning, Java, Data Analysis"
STU11757,22,Male,BCA,2023,City Engineering College (Tier 3),Business Analytics,Meta Front-End Developer Specialization; TensorFlow Developer Certificate; Google Professional Data Engineer,AWS; IBM; Google Cloud,3,CyberGuard Analytics,Artificial Intelligence / ML,2,1,Both (Hybrid),54,79,6.2,Placed,7.82,On-Campus / Off-Campus Placement,33,"Python, Problem Solving, Power BI, Tableau, Communication, Git, Java, SQL, Data Analysis, System Design"
STU11758,21,Male,MBA (Tech & Analytics),2025,City Engineering College (Tier 3),Computer Science & Engineering,Microsoft Certified: Azure Developer; Docker & Kubernetes Developer Cert,IBM; Google Cloud,2,Amazon AWS,Data Science & Analytics,2,1,Both (Hybrid),49,66,7.0,Unplaced,0.0,Not Converted,-1,"SQL, Java, AWS, Python, Docker, React, Machine Learning, Kubernetes"
STU11759,22,Male,B.Tech,2023,State Tech University (Tier 2),Computer Science & Engineering,Coursera Machine Learning Specialization; Meta Front-End Developer Specialization,Google Cloud; AWS,2,TCS Innovation Labs,Product & Business Analytics,2,2,Both (Hybrid),72,70,8.6,Placed,11.53,Internship Conversion,58,"Machine Learning, React, AWS, Data Analysis, SQL, Communication, Python, Docker, Kubernetes, Tableau"
STU11760,22,Male,B.Tech,2024,Apex Institute of Technology (Tier 2),Data Science & Artificial Intelligence,None,None,0,Infosys Center,Data Science & Analytics,6,1,Internship Only,65,51,7.7,Placed,11.5,Direct PPO (Pre-Placement Offer),55,"System Design, Python, Docker, Tableau, Machine Learning"
STU11761,23,Female,B.Tech,2025,IIT / NIT Group (Tier 1),Electronics & Communication,NPTEL Cloud Computing & Distributed Systems; Docker & Kubernetes Developer Cert; AWS Certified Solutions Architect,IBM; Microsoft Azure; Meta,4,None,None,0,0,Certification Only,47,100,5.7,Placed,11.82,On-Campus / Off-Campus Placement,88,"Tableau, Data Analysis, System Design, Problem Solving, SQL, Machine Learning, Git, Communication, Python"
STU11762,21,Male,B.Tech,2025,Apex Institute of Technology (Tier 2),Data Science & Artificial Intelligence,None,None,0,None,None,0,0,Neither,28,54,3.6,Unplaced,0.0,Not Converted,-1,"Git, System Design, Kubernetes"
STU11763,22,Male,B.Tech,2025,BITS & Top National Inst (Tier 1),Electronics & Communication,Meta Front-End Developer Specialization; Certified Information Systems Security Professional (CISSP),Meta; Google Cloud,2,TCS Innovation Labs,Product & Business Analytics,9,3,Both (Hybrid),100,78,10.0,Placed,21.85,Direct PPO (Pre-Placement Offer),5,"System Design, Communication, Tableau, SQL, Data Analysis, Java, React, Kubernetes, AWS, Power BI"
STU11764,21,Female,B.Sc (CS/IT),2025,State Tech University (Tier 2),Information Technology,Microsoft Certified: Azure Developer; Google Professional Data Engineer; Meta Front-End Developer Specialization,Microsoft Azure; NPTEL; AWS,3,DataMetrics Labs,Cloud & DevOps,7,2,Both (Hybrid),91,76,10.0,Placed,15.22,On-Campus / Off-Campus Placement,5,"Kubernetes, React, System Design, Communication, SQL, Git, Python, Machine Learning, Power BI, Tableau"
STU11765,22,Male,M.Tech,2023,Apex Institute of Technology (Tier 2),Computer Science & Engineering,NPTEL Cloud Computing & Distributed Systems,Microsoft Azure,1,None,None,0,0,Certification Only,40,54,4.1,Placed,10.07,On-Campus / Off-Campus Placement,122,"Python, Java, React, Machine Learning"
STU11766,23,Female,MBA (Tech & Analytics),2024,State Tech University (Tier 2),Business Analytics,Docker & Kubernetes Developer Cert; TensorFlow Developer Certificate,Microsoft Azure; Google Cloud,2,CyberGuard Analytics,Product & Business Analytics,3,3,Both (Hybrid),100,67,10.0,Placed,15.9,On-Campus / Off-Campus Placement,5,"Problem Solving, Docker, Tableau, SQL, React, System Design, Power BI, Python, Data Analysis, Git"
STU11767,22,Male,B.Tech,2024,IIT / NIT Group (Tier 1),Computer Science & Engineering,Docker & Kubernetes Developer Cert,Udemy,1,None,None,0,0,Certification Only,35,72,4.7,Placed,10.26,On-Campus / Off-Campus Placement,97,"Data Analysis, System Design, Python, Java, Machine Learning"
STU11768,22,Female,M.Tech,2023,IIT / NIT Group (Tier 1),Business Analytics,TensorFlow Developer Certificate; Microsoft Certified: Azure Developer; Google Professional Data Engineer,NPTEL; Google Cloud; Udemy,3,CyberGuard Analytics,Data Science & Analytics,3,2,Both (Hybrid),89,89,9.9,Placed,17.65,On-Campus / Off-Campus Placement,5,"Data Analysis, Power BI, Git, Problem Solving, Java, React, Machine Learning, Communication, Tableau, Kubernetes"
STU11769,22,Female,B.Tech,2024,IIT / NIT Group (Tier 1),Computer Science & Engineering,Certified Information Systems Security Professional (CISSP); Docker & Kubernetes Developer Cert,NPTEL; Microsoft Azure,2,Deloitte Consulting,Cyber Security,3,1,Both (Hybrid),61,78,7.9,Placed,12.34,Internship Conversion,51,"Tableau, Git, Data Analysis, System Design, React, Java, AWS, Kubernetes, SQL"
STU11770,22,Female,B.Tech,2024,IIT / NIT Group (Tier 1),Data Science & Artificial Intelligence,Microsoft Certified: Azure Developer; Coursera Machine Learning Specialization; TensorFlow Developer Certificate,Microsoft Azure; AWS; IBM,3,None,None,0,0,Certification Only,39,100,6.1,Placed,12.24,On-Campus / Off-Campus Placement,110,"Tableau, Python, Data Analysis, React, Machine Learning, Communication, Docker, Kubernetes"
STU11771,23,Female,M.Tech,2025,IIT / NIT Group (Tier 1),Data Science & Artificial Intelligence,Google Professional Data Engineer; NPTEL Cloud Computing & Distributed Systems; TensorFlow Developer Certificate,Microsoft Azure; Udemy; IBM,3,TCS Innovation Labs,Software Engineering,12,1,Both (Hybrid),97,74,10.0,Placed,20.54,Internship Conversion,5,"Python, SQL, Git, Tableau, Power BI, Java, Communication, Data Analysis, Problem Solving, Kubernetes"
STU11772,24,Male,BCA,2025,BITS & Top National Inst (Tier 1),Computer Science & Engineering,NPTEL Cloud Computing & Distributed Systems; Docker & Kubernetes Developer Cert,Meta; NPTEL,2,FinTech Solutions,Software Engineering,2,2,Both (Hybrid),81,84,9.1,Placed,16.87,Internship Conversion,45,"React, Power BI, Communication, SQL, Tableau, Data Analysis, Docker, Problem Solving, System Design, AWS"
STU11773,25,Male,B.Tech,2024,BITS & Top National Inst (Tier 1),Data Science & Artificial Intelligence,AWS Certified Solutions Architect; Docker & Kubernetes Developer Cert,Google Cloud; IBM,2,Google India,Cloud & DevOps,2,1,Both (Hybrid),62,84,7.6,Placed,14.67,On-Campus / Off-Campus Placement,52,"AWS, Tableau, Machine Learning, Java, Power BI, React, SQL, Kubernetes"
STU11774,23,Female,B.Tech,2025,Regional Tech Institute (Tier 3),Computer Science & Engineering,IBM Data Science Professional; Coursera Machine Learning Specialization,Microsoft Azure; IBM,2,Google India,Cyber Security,2,1,Both (Hybrid),56,51,7.4,Placed,12.18,Internship Conversion,87,"AWS, Machine Learning, Git, Python, Tableau, React, Data Analysis, Kubernetes"
STU11775,22,Female,B.Tech,2024,State Tech University (Tier 2),Computer Science & Engineering,Coursera Machine Learning Specialization,IBM,1,Google India,Cloud & DevOps,2,2,Both (Hybrid),79,57,7.8,Placed,13.02,Internship Conversion,73,"System Design, Docker, Communication, AWS, Machine Learning, Tableau, Java, Data Analysis, Git"
STU11776,23,Male,B.Sc (CS/IT),2024,BITS & Top National Inst (Tier 1),Computer Science & Engineering,AWS Certified Solutions Architect; TensorFlow Developer Certificate,AWS; IBM,2,None,None,0,0,Certification Only,52,78,5.6,Placed,12.6,On-Campus / Off-Campus Placement,91,"SQL, Machine Learning, Problem Solving, Java, System Design, Git, Tableau"
STU11777,22,Male,B.Tech,2025,State Tech University (Tier 2),Data Science & Artificial Intelligence,NPTEL Cloud Computing & Distributed Systems; Google Professional Data Engineer; Docker & Kubernetes Developer Cert,Microsoft Azure; IBM; Google Cloud,4,Amazon AWS,Software Engineering,3,2,Both (Hybrid),87,88,9.0,Placed,15.71,Internship Conversion,14,"Communication, Tableau, SQL, AWS, Problem Solving, Kubernetes, Python, Power BI, Docker, System Design"
STU11778,22,Male,MBA (Tech & Analytics),2023,City Engineering College (Tier 3),Electronics & Communication,Microsoft Certified: Azure Developer,Meta,1,None,None,0,0,Certification Only,25,44,4.0,Placed,3.61,On-Campus / Off-Campus Placement,112,"Kubernetes, Machine Learning, Git"
STU11779,23,Male,B.Tech,2023,Apex Institute of Technology (Tier 2),Data Science & Artificial Intelligence,Google Professional Data Engineer,IBM,1,FinTech Solutions,Software Engineering,3,1,Both (Hybrid),54,53,6.8,Placed,11.47,On-Campus / Off-Campus Placement,67,"Problem Solving, Communication, Python, Machine Learning, System Design, Data Analysis, SQL, Tableau"
STU11780,21,Male,B.Tech,2024,State Tech University (Tier 2),Business Analytics,Google Professional Data Engineer,Udemy,1,CyberGuard Analytics,Software Engineering,2,2,Both (Hybrid),80,67,7.6,Placed,14.89,On-Campus / Off-Campus Placement,69,"Machine Learning, Java, Git, Problem Solving, Power BI, Kubernetes, Python, Tableau, React, AWS"
STU11781,24,Female,B.Tech,2026,Apex Institute of Technology (Tier 2),Information Technology,TensorFlow Developer Certificate,Google Cloud,1,DataMetrics Labs,Artificial Intelligence / ML,9,3,Both (Hybrid),100,60,10.0,Placed,18.03,Direct PPO (Pre-Placement Offer),5,"Communication, Tableau, System Design, Python, Machine Learning, Git, AWS, Problem Solving, Java, Power BI"
STU11782,22,Male,BCA,2025,Apex Institute of Technology (Tier 2),Information Technology,None,None,0,Deloitte Consulting,Data Science & Analytics,3,2,Internship Only,87,40,6.7,Placed,14.31,On-Campus / Off-Campus Placement,64,"Problem Solving, Machine Learning, Git, React, Power BI, Docker, Communication, SQL"
STU11783,22,Male,B.Tech,2023,Apex Institute of Technology (Tier 2),Information Technology,IBM Data Science Professional,Microsoft Azure,1,None,None,0,0,Certification Only,41,60,4.4,Unplaced,0.0,Not Converted,-1,"Problem Solving, Kubernetes, SQL"
STU11784,23,Female,B.Sc (CS/IT),2025,Apex Institute of Technology (Tier 2),Data Science & Artificial Intelligence,AWS Certified Solutions Architect,Udemy,1,Amazon AWS,Data Science & Analytics,9,3,Both (Hybrid),100,54,10.0,Placed,16.64,Direct PPO (Pre-Placement Offer),5,"Tableau, Communication, Java, Python, Data Analysis, AWS, System Design, Kubernetes, Git, Power BI"
STU11785,24,Female,M.Tech,2025,City Engineering College (Tier 3),Information Technology,IBM Data Science Professional; Certified Information Systems Security Professional (CISSP),Meta; Coursera,2,Amazon AWS,Software Engineering,2,1,Both (Hybrid),63,58,6.8,Placed,6.56,Internship Conversion,73,"Machine Learning, Docker, Data Analysis, Python, Problem Solving, System Design, Git, SQL, Java"
STU11786,22,Female,MBA (Tech & Analytics),2025,City Engineering College (Tier 3),Computer Science & Engineering,IBM Data Science Professional,Coursera,1,Deloitte Consulting,Artificial Intelligence / ML,6,1,Both (Hybrid),64,52,7.6,Placed,7.42,Direct PPO (Pre-Placement Offer),72,"Kubernetes, Communication, Java, Problem Solving, System Design, Tableau, Machine Learning"
STU11787,22,Female,B.Sc (CS/IT),2025,Apex Institute of Technology (Tier 2),Electronics & Communication,Docker & Kubernetes Developer Cert; AWS Certified Solutions Architect,Udemy; AWS,2,Infosys Center,Artificial Intelligence / ML,7,2,Both (Hybrid),88,71,9.5,Placed,16.08,On-Campus / Off-Campus Placement,16,"Tableau, React, SQL, Docker, Communication, Git, Power BI, Java, Kubernetes, Machine Learning"
STU11788,21,Male,M.Tech,2024,State Tech University (Tier 2),Electronics & Communication,Certified Information Systems Security Professional (CISSP); NPTEL Cloud Computing & Distributed Systems; AWS Certified Solutions Architect,AWS; IBM; Google Cloud,3,None,None,0,0,Certification Only,46,90,5.9,Placed,9.32,On-Campus / Off-Campus Placement,113,"AWS, Java, Python, React, System Design, Machine Learning, Communication, Docker, Tableau"
STU11789,22,Female,BCA,2024,Apex Institute of Technology (Tier 2),Computer Science & Engineering,Docker & Kubernetes Developer Cert; NPTEL Cloud Computing & Distributed Systems; Microsoft Certified: Azure Developer,AWS; Microsoft Azure; Google Cloud,4,CyberGuard Analytics,Cloud & DevOps,3,1,Both (Hybrid),64,93,8.6,Placed,13.09,Internship Conversion,25,"Machine Learning, Docker, Power BI, Java, Data Analysis, System Design, Tableau, Communication, Python, Problem Solving"
STU11790,21,Female,B.Sc (CS/IT),2025,City Engineering College (Tier 3),Electronics & Communication,Docker & Kubernetes Developer Cert; IBM Data Science Professional,NPTEL; AWS,2,Amazon AWS,Product & Business Analytics,3,3,Both (Hybrid),100,56,9.9,Placed,11.04,On-Campus / Off-Campus Placement,5,"SQL, Power BI, Communication, Java, React, Machine Learning, Tableau, Problem Solving, Docker, AWS"
STU11791,23,Male,B.Tech,2025,IIT / NIT Group (Tier 1),Computer Science & Engineering,None,None,0,None,None,0,0,Neither,53,52,5.2,Unplaced,0.0,Not Converted,-1,"Power BI, Docker, Data Analysis"
STU11792,22,Female,B.Tech,2025,Regional Tech Institute (Tier 3),Computer Science & Engineering,Coursera Machine Learning Specialization; NPTEL Cloud Computing & Distributed Systems; Google Professional Data Engineer,NPTEL; AWS; IBM,4,Deloitte Consulting,Software Engineering,2,1,Both (Hybrid),49,100,7.2,Placed,11.14,On-Campus / Off-Campus Placement,19,"React, Problem Solving, Git, Machine Learning, Communication, Java, Kubernetes, Python, Docker, Tableau"
STU11793,23,Female,B.Tech,2025,BITS & Top National Inst (Tier 1),Computer Science & Engineering,IBM Data Science Professional; Google Professional Data Engineer,NPTEL; AWS,2,None,None,0,0,Certification Only,47,79,6.0,Placed,9.64,On-Campus / Off-Campus Placement,80,"Data Analysis, Java, System Design, Kubernetes, SQL, Docker, Power BI"
STU11794,21,Male,B.Tech,2026,State Tech University (Tier 2),Electronics & Communication,NPTEL Cloud Computing & Distributed Systems,NPTEL,1,DataMetrics Labs,Product & Business Analytics,2,2,Both (Hybrid),78,56,8.6,Placed,12.54,Internship Conversion,20,"Communication, Power BI, React, Tableau, SQL, Problem Solving, Machine Learning, System Design, Docker"
STU11795,21,Male,B.Tech,2026,City Engineering College (Tier 3),Electronics & Communication,None,None,0,Google India,Product & Business Analytics,6,1,Internship Only,63,40,6.3,Placed,8.61,Direct PPO (Pre-Placement Offer),58,"Machine Learning, Git, System Design, Kubernetes, Docker, Tableau"
STU11796,23,Male,MBA (Tech & Analytics),2026,BITS & Top National Inst (Tier 1),Electronics & Communication,None,None,0,None,None,0,0,Neither,47,58,4.7,Unplaced,0.0,Not Converted,-1,"AWS, Data Analysis"
STU11797,21,Male,B.Tech,2025,State Tech University (Tier 2),Computer Science & Engineering,None,None,0,DataMetrics Labs,Data Science & Analytics,6,1,Internship Only,66,32,6.7,Placed,13.03,Direct PPO (Pre-Placement Offer),33,"Kubernetes, AWS, Communication, Machine Learning, Git, Docker"
STU11798,21,Male,B.Tech,2026,BITS & Top National Inst (Tier 1),Data Science & Artificial Intelligence,None,None,0,CyberGuard Analytics,Data Science & Analytics,3,1,Internship Only,70,62,6.5,Placed,13.5,On-Campus / Off-Campus Placement,86,"Machine Learning, System Design, Python, Docker"
STU11799,21,Female,BCA,2023,State Tech University (Tier 2),Information Technology,IBM Data Science Professional; NPTEL Cloud Computing & Distributed Systems; Meta Front-End Developer Specialization,NPTEL; Microsoft Azure; Meta,4,InnovateTech Startup,Data Science & Analytics,11,2,Both (Hybrid),99,97,10.0,Placed,19.68,Direct PPO (Pre-Placement Offer),5,"Data Analysis, React, Tableau, Docker, AWS, Problem Solving, Kubernetes, System Design, Git, Communication"
STU11800,25,Male,B.Tech,2024,BITS & Top National Inst (Tier 1),Computer Science & Engineering,Microsoft Certified: Azure Developer; Certified Information Systems Security Professional (CISSP),IBM; Udemy,2,Microsoft Tech,Cloud & DevOps,2,1,Both (Hybrid),75,72,7.3,Placed,13.86,On-Campus / Off-Campus Placement,55,"Problem Solving, System Design, Power BI, Java, Docker, Git, Machine Learning, Data Analysis, AWS, Communication"
STU11801,23,Female,B.Tech,2024,State Tech University (Tier 2),Information Technology,Coursera Machine Learning Specialization; Google Professional Data Engineer,IBM; Google Cloud,2,None,None,0,0,Certification Only,43,75,4.0,Placed,6.66,On-Campus / Off-Campus Placement,115,"Python, AWS, Tableau, Java, Docker, System Design"
STU11802,22,Female,B.Tech,2025,State Tech University (Tier 2),Computer Science & Engineering,Meta Front-End Developer Specialization; AWS Certified Solutions Architect; Docker & Kubernetes Developer Cert,Google Cloud; AWS; Meta,3,DataMetrics Labs,Software Engineering,3,2,Both (Hybrid),77,80,8.9,Placed,13.34,On-Campus / Off-Campus Placement,19,"Communication, AWS, Tableau, Machine Learning, Git, System Design, Python, React, Kubernetes, Java"
STU11803,22,Female,B.Tech,2025,Regional Tech Institute (Tier 3),Computer Science & Engineering,Certified Information Systems Security Professional (CISSP); AWS Certified Solutions Architect; IBM Data Science Professional,Coursera; Microsoft Azure; NPTEL,3,None,None,0,0,Certification Only,36,62,4.0,Placed,6.41,On-Campus / Off-Campus Placement,89,"Git, Power BI, AWS, React, System Design, Communication, Data Analysis, Java, SQL"
STU11804,22,Female,B.Tech,2025,Regional Tech Institute (Tier 3),Data Science & Artificial Intelligence,Google Professional Data Engineer; AWS Certified Solutions Architect; TensorFlow Developer Certificate,Coursera; Google Cloud; NPTEL,3,Infosys Center,Data Science & Analytics,2,2,Both (Hybrid),68,79,8.6,Placed,11.89,On-Campus / Off-Campus Placement,24,"System Design, AWS, Communication, Tableau, Docker, Python, Problem Solving, Data Analysis, Git, Java"
STU11805,23,Male,B.Sc (CS/IT),2023,IIT / NIT Group (Tier 1),Information Technology,IBM Data Science Professional; NPTEL Cloud Computing & Distributed Systems; Docker & Kubernetes Developer Cert,Google Cloud; Meta; IBM,4,DataMetrics Labs,Artificial Intelligence / ML,2,1,Both (Hybrid),63,100,8.4,Placed,15.21,Internship Conversion,84,"Communication, Problem Solving, React, Tableau, Data Analysis, Docker, Python, Machine Learning, Java, SQL"
STU11806,23,Male,B.Sc (CS/IT),2024,Apex Institute of Technology (Tier 2),Computer Science & Engineering,Google Professional Data Engineer,NPTEL,1,CyberGuard Analytics,Software Engineering,7,2,Both (Hybrid),78,61,9.8,Placed,18.28,Internship Conversion,47,"Communication, Problem Solving, Python, Power BI, SQL, AWS, Git, Docker, Java"
STU11807,21,Female,B.Tech,2025,IIT / NIT Group (Tier 1),Computer Science & Engineering,IBM Data Science Professional; NPTEL Cloud Computing & Distributed Systems; Coursera Machine Learning Specialization,Meta; Udemy; Microsoft Azure,4,Microsoft Tech,Artificial Intelligence / ML,2,1,Both (Hybrid),69,100,8.3,Placed,15.97,Internship Conversion,55,"System Design, Docker, SQL, Python, Data Analysis, AWS, Kubernetes, Communication, Java, Power BI"
STU11808,21,Female,B.Tech,2023,IIT / NIT Group (Tier 1),Computer Science & Engineering,Docker & Kubernetes Developer Cert; Google Professional Data Engineer,Udemy; IBM,2,DataMetrics Labs,Data Science & Analytics,2,2,Both (Hybrid),93,66,10.0,Placed,16.79,Internship Conversion,27,"Git, Communication, Problem Solving, Power BI, Data Analysis, React, Machine Learning, Docker, Tableau, AWS"
STU11809,21,Female,B.Tech,2024,IIT / NIT Group (Tier 1),Computer Science & Engineering,None,None,0,FinTech Solutions,Software Engineering,11,2,Internship Only,100,59,10.0,Placed,18.24,Direct PPO (Pre-Placement Offer),18,"AWS, React, Java, Power BI, System Design, Python, Kubernetes"
STU11810,23,Male,B.Sc (CS/IT),2024,Regional Tech Institute (Tier 3),Computer Science & Engineering,Microsoft Certified: Azure Developer; IBM Data Science Professional,NPTEL; Microsoft Azure,2,CyberGuard Analytics,Cyber Security,3,2,Both (Hybrid),70,61,8.7,Placed,13.49,On-Campus / Off-Campus Placement,31,"SQL, Git, React, Machine Learning, System Design, Communication, Docker, Java, Power BI, Python"
STU11811,23,Female,B.Tech,2024,Regional Tech Institute (Tier 3),Data Science & Artificial Intelligence,Coursera Machine Learning Specialization; AWS Certified Solutions Architect,Microsoft Azure; IBM,2,Microsoft Tech,Artificial Intelligence / ML,3,2,Both (Hybrid),66,59,7.7,Placed,11.26,On-Campus / Off-Campus Placement,13,"Power BI, Git, Docker, Problem Solving, Communication, Java, Python, AWS, Kubernetes, Machine Learning"
STU11812,22,Male,B.Tech,2025,BITS & Top National Inst (Tier 1),Information Technology,TensorFlow Developer Certificate; Coursera Machine Learning Specialization; Certified Information Systems Security Professional (CISSP),Google Cloud; Microsoft Azure; Udemy,4,InnovateTech Startup,Cyber Security,2,2,Both (Hybrid),79,100,9.0,Placed,17.78,On-Campus / Off-Campus Placement,19,"Data Analysis, Java, Git, Docker, Problem Solving, Python, System Design, SQL, Power BI, Kubernetes"
STU11813,21,Female,B.Sc (CS/IT),2024,BITS & Top National Inst (Tier 1),Data Science & Artificial Intelligence,Meta Front-End Developer Specialization,AWS,1,Google India,Software Engineering,3,1,Both (Hybrid),68,61,6.8,Placed,12.55,Internship Conversion,93,"Java, Machine Learning, Data Analysis, SQL, React, Power BI"
STU11814,21,Non-Binary,B.Tech,2025,BITS & Top National Inst (Tier 1),Electronics & Communication,Certified Information Systems Security Professional (CISSP); IBM Data Science Professional,IBM; Microsoft Azure,2,None,None,0,0,Certification Only,38,79,5.2,Placed,11.2,On-Campus / Off-Campus Placement,79,"Power BI, Machine Learning, Java, Python, System Design, Data Analysis"
STU11815,25,Male,B.Tech,2023,State Tech University (Tier 2),Information Technology,None,None,0,CyberGuard Analytics,Artificial Intelligence / ML,7,2,Internship Only,90,55,7.9,Placed,13.35,Internship Conversion,42,"SQL, Docker, React, Kubernetes, Python, System Design, AWS, Machine Learning"
STU11816,22,Female,B.Tech,2025,Apex Institute of Technology (Tier 2),Computer Science & Engineering,NPTEL Cloud Computing & Distributed Systems,NPTEL,1,Amazon AWS,Cyber Security,6,1,Both (Hybrid),77,65,7.5,Placed,14.03,Direct PPO (Pre-Placement Offer),68,"Power BI, Docker, Machine Learning, Python, AWS, Problem Solving, System Design"
STU11817,23,Male,MBA (Tech & Analytics),2024,BITS & Top National Inst (Tier 1),Computer Science & Engineering,None,None,0,CyberGuard Analytics,Cyber Security,6,1,Internship Only,82,43,7.3,Placed,14.94,On-Campus / Off-Campus Placement,55,"AWS, Power BI, Git, Java, Communication"
STU11818,22,Male,M.Tech,2025,Apex Institute of Technology (Tier 2),Business Analytics,Google Professional Data Engineer; TensorFlow Developer Certificate,Google Cloud; Udemy,2,Amazon AWS,Software Engineering,9,1,Both (Hybrid),79,72,7.7,Placed,15.42,Direct PPO (Pre-Placement Offer),55,"Docker, System Design, Communication, Tableau, Power BI, React, Git, Data Analysis, Machine Learning, SQL"
STU11819,22,Male,B.Sc (CS/IT),2025,State Tech University (Tier 2),Computer Science & Engineering,Certified Information Systems Security Professional (CISSP); AWS Certified Solutions Architect; NPTEL Cloud Computing & Distributed Systems,NPTEL; Google Cloud; IBM,3,Infosys Center,Product & Business Analytics,2,1,Both (Hybrid),52,91,6.7,Placed,11.31,On-Campus / Off-Campus Placement,90,"AWS, System Design, Tableau, Git, Kubernetes, React, Problem Solving, SQL, Java, Machine Learning"
STU11820,21,Female,B.Tech,2024,Regional Tech Institute (Tier 3),Computer Science & Engineering,Microsoft Certified: Azure Developer,Google Cloud,1,None,None,0,0,Certification Only,34,59,4.1,Placed,3.5,On-Campus / Off-Campus Placement,101,"SQL, Communication, Tableau, Python"
STU11821,21,Female,BCA,2026,Apex Institute of Technology (Tier 2),Computer Science & Engineering,Docker & Kubernetes Developer Cert; NPTEL Cloud Computing & Distributed Systems,Meta; Udemy,2,FinTech Solutions,Product & Business Analytics,7,2,Both (Hybrid),92,78,9.7,Placed,16.52,Internship Conversion,22,"Data Analysis, Docker, Communication, AWS, Machine Learning, Python, Problem Solving, SQL, React, Kubernetes"
STU11822,22,Female,MBA (Tech & Analytics),2025,State Tech University (Tier 2),Information Technology,Meta Front-End Developer Specialization,Microsoft Azure,1,CyberGuard Analytics,Cyber Security,3,2,Both (Hybrid),68,59,8.1,Placed,13.68,On-Campus / Off-Campus Placement,22,"Data Analysis, Tableau, Python, Kubernetes, Problem Solving, Communication, Docker, AWS, Java, React"
STU11823,23,Male,MBA (Tech & Analytics),2024,Apex Institute of Technology (Tier 2),Data Science & Artificial Intelligence,None,None,0,Amazon AWS,Data Science & Analytics,3,1,Internship Only,65,61,6.4,Placed,13.32,Internship Conversion,78,"Communication, Python, Kubernetes, React"
STU11824,22,Female,B.Tech,2023,City Engineering College (Tier 3),Cyber Security,Meta Front-End Developer Specialization; Microsoft Certified: Azure Developer,Udemy; AWS,2,None,None,0,0,Certification Only,39,61,4.7,Placed,5.9,On-Campus / Off-Campus Placement,63,"Java, Problem Solving, Power BI, Kubernetes, SQL"
STU11825,22,Female,B.Sc (CS/IT),2026,State Tech University (Tier 2),Business Analytics,None,None,0,None,None,0,0,Neither,32,51,3.4,Unplaced,0.0,Not Converted,-1,"AWS, Problem Solving"
STU11826,21,Male,B.Tech,2025,State Tech University (Tier 2),Data Science & Artificial Intelligence,Google Professional Data Engineer; TensorFlow Developer Certificate,AWS; IBM,2,TCS Innovation Labs,Data Science & Analytics,6,1,Both (Hybrid),74,63,8.0,Placed,11.79,Direct PPO (Pre-Placement Offer),57,"Tableau, Machine Learning, Kubernetes, Git, Communication, React, Power BI, Python"
STU11827,25,Non-Binary,B.Tech,2024,Regional Tech Institute (Tier 3),Data Science & Artificial Intelligence,None,None,0,None,None,0,0,Neither,20,46,4.1,Unplaced,0.0,Not Converted,-1,"React, SQL, Git"
STU11828,23,Male,BCA,2024,BITS & Top National Inst (Tier 1),Computer Science & Engineering,None,None,0,Amazon AWS,Cyber Security,2,2,Internship Only,77,53,8.3,Placed,15.99,On-Campus / Off-Campus Placement,52,"Data Analysis, Power BI, Docker, React, SQL, Communication, System Design, Kubernetes"
STU11829,22,Female,B.Tech,2025,IIT / NIT Group (Tier 1),Computer Science & Engineering,Microsoft Certified: Azure Developer; Certified Information Systems Security Professional (CISSP),Google Cloud; AWS,2,CyberGuard Analytics,Artificial Intelligence / ML,2,1,Both (Hybrid),73,71,8.1,Placed,15.47,On-Campus / Off-Campus Placement,68,"Machine Learning, React, Data Analysis, Power BI, Python, Java, Kubernetes, SQL, System Design"
STU11830,25,Male,MBA (Tech & Analytics),2025,State Tech University (Tier 2),Computer Science & Engineering,Microsoft Certified: Azure Developer; Coursera Machine Learning Specialization,Microsoft Azure; Meta,2,DataMetrics Labs,Data Science & Analytics,2,1,Both (Hybrid),73,68,7.2,Placed,12.32,On-Campus / Off-Campus Placement,65,"AWS, Git, Machine Learning, Python, SQL, Docker, Problem Solving, Tableau, Communication"
STU11831,22,Male,B.Tech,2025,City Engineering College (Tier 3),Computer Science & Engineering,None,None,0,None,None,0,0,Neither,28,41,3.8,Placed,4.83,On-Campus / Off-Campus Placement,102,"Java, Tableau"
STU11832,22,Male,BCA,2024,Apex Institute of Technology (Tier 2),Computer Science & Engineering,Docker & Kubernetes Developer Cert; Certified Information Systems Security Professional (CISSP),NPTEL; Microsoft Azure,2,Infosys Center,Artificial Intelligence / ML,3,2,Both (Hybrid),75,60,9.4,Placed,12.5,On-Campus / Off-Campus Placement,57,"AWS, Docker, Tableau, Kubernetes, SQL, Data Analysis, React, System Design, Java, Communication"
STU11833,23,Female,M.Tech,2025,City Engineering College (Tier 3),Computer Science & Engineering,IBM Data Science Professional; AWS Certified Solutions Architect; Coursera Machine Learning Specialization,Udemy; Google Cloud; AWS,3,Deloitte Consulting,Artificial Intelligence / ML,3,2,Both (Hybrid),66,78,7.7,Placed,13.11,On-Campus / Off-Campus Placement,31,"SQL, Tableau, Problem Solving, Data Analysis, Communication, System Design, Git, Power BI, Java, Docker"
STU11834,23,Male,M.Tech,2024,State Tech University (Tier 2),Computer Science & Engineering,TensorFlow Developer Certificate; AWS Certified Solutions Architect,Google Cloud; NPTEL,2,Amazon AWS,Software Engineering,3,1,Both (Hybrid),63,71,7.6,Placed,11.32,Internship Conversion,78,"Java, AWS, Power BI, Kubernetes, Git, Communication, Data Analysis, React, Docker, Machine Learning"
STU11835,23,Male,B.Tech,2024,IIT / NIT Group (Tier 1),Cyber Security,None,None,0,None,None,0,0,Neither,46,43,5.6,Placed,9.37,On-Campus / Off-Campus Placement,122,"System Design, Python, SQL"
STU11836,21,Female,B.Tech,2025,Apex Institute of Technology (Tier 2),Data Science & Artificial Intelligence,IBM Data Science Professional; Google Professional Data Engineer,Meta; NPTEL,2,Amazon AWS,Artificial Intelligence / ML,3,3,Both (Hybrid),100,73,10.0,Placed,15.93,Internship Conversion,12,"Problem Solving, Machine Learning, SQL, Python, AWS, Data Analysis, Kubernetes, React, System Design, Git"
STU11837,22,Female,BCA,2026,Apex Institute of Technology (Tier 2),Cyber Security,Docker & Kubernetes Developer Cert; IBM Data Science Professional,Google Cloud; AWS,2,Microsoft Tech,Data Science & Analytics,12,1,Both (Hybrid),83,64,10.0,Placed,16.57,Direct PPO (Pre-Placement Offer),24,"Tableau, System Design, Java, Kubernetes, Docker, Machine Learning, React, Power BI, Communication"
STU11838,24,Male,B.Tech,2024,IIT / NIT Group (Tier 1),Data Science & Artificial Intelligence,None,None,0,Deloitte Consulting,Product & Business Analytics,7,2,Internship Only,95,61,10.0,Placed,19.04,Direct PPO (Pre-Placement Offer),35,"AWS, Java, Problem Solving, Communication, Tableau, Kubernetes, React, Power BI"
STU11839,21,Male,MBA (Tech & Analytics),2024,BITS & Top National Inst (Tier 1),Data Science & Artificial Intelligence,Docker & Kubernetes Developer Cert; Microsoft Certified: Azure Developer; TensorFlow Developer Certificate,IBM; Coursera; NPTEL,3,Google India,Cloud & DevOps,3,1,Both (Hybrid),63,92,8.1,Placed,15.02,On-Campus / Off-Campus Placement,62,"System Design, Communication, Tableau, Kubernetes, AWS, Git, Machine Learning, Python, SQL, Java"
STU11840,22,Male,M.Tech,2025,IIT / NIT Group (Tier 1),Computer Science & Engineering,AWS Certified Solutions Architect; Microsoft Certified: Azure Developer; Meta Front-End Developer Specialization,Microsoft Azure; Meta; Coursera,4,Google India,Artificial Intelligence / ML,2,2,Both (Hybrid),85,100,9.5,Placed,17.68,On-Campus / Off-Campus Placement,33,"Machine Learning, SQL, React, System Design, AWS, Python, Kubernetes, Tableau, Data Analysis, Problem Solving"
STU11841,22,Male,B.Tech,2025,Apex Institute of Technology (Tier 2),Computer Science & Engineering,Meta Front-End Developer Specialization; Certified Information Systems Security Professional (CISSP); Google Professional Data Engineer,NPTEL; Meta; Udemy,3,Deloitte Consulting,Software Engineering,3,1,Both (Hybrid),62,83,6.7,Placed,14.51,Internship Conversion,63,"Kubernetes, Git, Communication, Problem Solving, Docker, Python, React, Machine Learning, Tableau, SQL"
STU11842,22,Female,B.Tech,2025,City Engineering College (Tier 3),Computer Science & Engineering,Docker & Kubernetes Developer Cert; Coursera Machine Learning Specialization; Meta Front-End Developer Specialization,IBM; AWS; NPTEL,3,FinTech Solutions,Data Science & Analytics,4,3,Both (Hybrid),96,68,9.5,Placed,12.4,On-Campus / Off-Campus Placement,5,"System Design, Python, Git, React, Data Analysis, Tableau, Java, Kubernetes, Problem Solving, Communication"
STU11843,22,Female,B.Tech,2025,Apex Institute of Technology (Tier 2),Business Analytics,Meta Front-End Developer Specialization; Coursera Machine Learning Specialization,Udemy; Meta,2,InnovateTech Startup,Software Engineering,11,2,Both (Hybrid),93,79,10.0,Placed,18.21,Internship Conversion,5,"Python, Power BI, Java, Tableau, Kubernetes, Data Analysis, Git, Problem Solving, Docker, System Design"
STU11844,24,Female,M.Tech,2023,Regional Tech Institute (Tier 3),Cyber Security,Certified Information Systems Security Professional (CISSP); IBM Data Science Professional,Microsoft Azure; Coursera,2,CyberGuard Analytics,Product & Business Analytics,2,1,Both (Hybrid),43,51,6.2,Placed,9.04,On-Campus / Off-Campus Placement,81,"Communication, Git, Machine Learning, Data Analysis, Docker, Java, Kubernetes, System Design"
STU11845,21,Male,B.Tech,2026,IIT / NIT Group (Tier 1),Computer Science & Engineering,Meta Front-End Developer Specialization; TensorFlow Developer Certificate,AWS; Google Cloud,2,Infosys Center,Artificial Intelligence / ML,2,1,Both (Hybrid),69,72,7.1,Placed,11.98,On-Campus / Off-Campus Placement,70,"Data Analysis, Problem Solving, System Design, Communication, SQL, Tableau, Power BI, Machine Learning"
STU11846,21,Female,B.Tech,2025,City Engineering College (Tier 3),Computer Science & Engineering,Coursera Machine Learning Specialization; NPTEL Cloud Computing & Distributed Systems; Meta Front-End Developer Specialization,IBM; AWS; Google Cloud,3,None,None,0,0,Certification Only,32,81,5.6,Unplaced,0.0,Not Converted,-1,"Java, System Design, Power BI, Communication, AWS, React, Problem Solving"
STU11847,21,Female,B.Tech,2026,City Engineering College (Tier 3),Data Science & Artificial Intelligence,AWS Certified Solutions Architect; Certified Information Systems Security Professional (CISSP),Udemy; NPTEL,2,FinTech Solutions,Software Engineering,4,3,Both (Hybrid),96,60,9.6,Placed,13.92,On-Campus / Off-Campus Placement,5,"Problem Solving, Tableau, React, Machine Learning, Kubernetes, AWS, Python, Java, Docker, System Design"
STU11848,24,Female,BCA,2025,State Tech University (Tier 2),Computer Science & Engineering,IBM Data Science Professional,Coursera,1,None,None,0,0,Certification Only,40,41,4.2,Placed,9.22,On-Campus / Off-Campus Placement,93,"Data Analysis, AWS, SQL, Python"
STU11849,22,Female,B.Tech,2026,Regional Tech Institute (Tier 3),Data Science & Artificial Intelligence,Docker & Kubernetes Developer Cert,Google Cloud,1,None,None,0,0,Certification Only,24,63,3.8,Placed,3.5,On-Campus / Off-Campus Placement,107,"Python, Kubernetes, Communication, Power BI, SQL"
STU11850,22,Female,B.Tech,2023,State Tech University (Tier 2),Computer Science & Engineering,AWS Certified Solutions Architect; Certified Information Systems Security Professional (CISSP); NPTEL Cloud Computing & Distributed Systems,AWS; NPTEL; Meta,3,Amazon AWS,Software Engineering,6,1,Both (Hybrid),69,88,8.7,Placed,14.97,Direct PPO (Pre-Placement Offer),57,"Data Analysis, Tableau, Machine Learning, Communication, Git, React, Python, SQL, System Design, AWS"
STU11851,23,Female,MBA (Tech & Analytics),2024,City Engineering College (Tier 3),Data Science & Artificial Intelligence,None,None,0,TCS Innovation Labs,Product & Business Analytics,12,1,Internship Only,79,50,8.3,Placed,15.57,Direct PPO (Pre-Placement Offer),37,"SQL, Power BI, Machine Learning, Problem Solving, Git"
STU11852,24,Male,M.Tech,2026,City Engineering College (Tier 3),Computer Science & Engineering,AWS Certified Solutions Architect; TensorFlow Developer Certificate,Meta; NPTEL,2,None,None,0,0,Certification Only,31,67,4.1,Placed,4.95,On-Campus / Off-Campus Placement,90,"Git, React, Tableau, System Design, SQL"
STU11853,23,Female,B.Sc (CS/IT),2024,Apex Institute of Technology (Tier 2),Data Science & Artificial Intelligence,NPTEL Cloud Computing & Distributed Systems; Certified Information Systems Security Professional (CISSP); IBM Data Science Professional,NPTEL; Google Cloud; Meta,4,Amazon AWS,Cloud & DevOps,3,1,Both (Hybrid),56,94,9.0,Placed,13.55,On-Campus / Off-Campus Placement,38,"Data Analysis, Problem Solving, Communication, Java, Git, Power BI, Kubernetes, Python, Docker, System Design"
STU11854,24,Female,B.Tech,2023,Apex Institute of Technology (Tier 2),Computer Science & Engineering,IBM Data Science Professional; Microsoft Certified: Azure Developer,Google Cloud; Microsoft Azure,2,Google India,Software Engineering,3,2,Both (Hybrid),71,67,9.4,Placed,13.93,Internship Conversion,64,"Tableau, Machine Learning, Kubernetes, React, Data Analysis, Git, Communication, Docker, Java, Problem Solving"
STU11855,22,Female,B.Tech,2025,BITS & Top National Inst (Tier 1),Data Science & Artificial Intelligence,Docker & Kubernetes Developer Cert; Coursera Machine Learning Specialization; NPTEL Cloud Computing & Distributed Systems,IBM; NPTEL; AWS,5,DataMetrics Labs,Software Engineering,2,1,Both (Hybrid),70,100,8.5,Placed,18.43,On-Campus / Off-Campus Placement,39,"Problem Solving, AWS, Java, Machine Learning, Tableau, Kubernetes, Python, React, System Design, Data Analysis"
STU11856,23,Male,BCA,2025,State Tech University (Tier 2),Cyber Security,Meta Front-End Developer Specialization; Coursera Machine Learning Specialization,Udemy; Meta,2,DataMetrics Labs,Data Science & Analytics,3,1,Both (Hybrid),61,71,7.6,Placed,14.49,On-Campus / Off-Campus Placement,49,"Python, React, System Design, Kubernetes, Power BI, AWS, Docker, Machine Learning"
STU11857,22,Female,B.Tech,2023,State Tech University (Tier 2),Computer Science & Engineering,None,None,0,None,None,0,0,Neither,28,48,3.7,Placed,7.73,On-Campus / Off-Campus Placement,117,"Tableau, Machine Learning"
STU11858,23,Female,M.Tech,2026,Apex Institute of Technology (Tier 2),Business Analytics,Certified Information Systems Security Professional (CISSP); Meta Front-End Developer Specialization; Microsoft Certified: Azure Developer,Meta; IBM; AWS,3,None,None,0,0,Certification Only,32,89,4.8,Placed,10.82,On-Campus / Off-Campus Placement,99,"Machine Learning, Docker, Communication, SQL, React, AWS, Tableau, Problem Solving"
STU11859,23,Male,BCA,2025,Apex Institute of Technology (Tier 2),Electronics & Communication,Coursera Machine Learning Specialization,Microsoft Azure,1,Google India,Cyber Security,12,1,Both (Hybrid),87,78,7.9,Placed,14.25,Direct PPO (Pre-Placement Offer),51,"Kubernetes, Java, React, Machine Learning, Communication, SQL, Tableau"
STU11860,23,Male,B.Tech,2025,City Engineering College (Tier 3),Cyber Security,Certified Information Systems Security Professional (CISSP),Microsoft Azure,1,Google India,Data Science & Analytics,6,1,Both (Hybrid),73,47,6.6,Placed,10.14,On-Campus / Off-Campus Placement,57,"React, Kubernetes, SQL, Power BI, Git, System Design, Tableau, Problem Solving"
STU11861,23,Female,M.Tech,2025,IIT / NIT Group (Tier 1),Electronics & Communication,Microsoft Certified: Azure Developer,Udemy,1,Amazon AWS,Software Engineering,9,1,Both (Hybrid),95,73,8.5,Placed,15.75,Direct PPO (Pre-Placement Offer),30,"Kubernetes, Machine Learning, System Design, Power BI, Communication, Data Analysis, React, AWS"
STU11862,21,Female,MBA (Tech & Analytics),2024,City Engineering College (Tier 3),Information Technology,AWS Certified Solutions Architect,AWS,1,TCS Innovation Labs,Product & Business Analytics,3,1,Both (Hybrid),55,53,6.3,Placed,7.11,On-Campus / Off-Campus Placement,63,"Git, Python, Problem Solving, AWS, React, Java, Kubernetes, Docker"
STU11863,22,Female,B.Tech,2023,Regional Tech Institute (Tier 3),Electronics & Communication,AWS Certified Solutions Architect,NPTEL,1,Infosys Center,Product & Business Analytics,3,1,Both (Hybrid),51,48,6.0,Placed,7.29,On-Campus / Off-Campus Placement,93,"Data Analysis, SQL, AWS, Problem Solving, Git, Power BI, Machine Learning, Tableau"
STU11864,25,Male,BCA,2024,Apex Institute of Technology (Tier 2),Computer Science & Engineering,TensorFlow Developer Certificate,IBM,1,Infosys Center,Software Engineering,2,2,Both (Hybrid),86,62,7.4,Placed,12.94,On-Campus / Off-Campus Placement,59,"Docker, Tableau, Data Analysis, Git, Java, System Design, SQL, Communication, AWS"
STU11865,24,Female,B.Tech,2025,BITS & Top National Inst (Tier 1),Data Science & Artificial Intelligence,NPTEL Cloud Computing & Distributed Systems; Docker & Kubernetes Developer Cert,Microsoft Azure; NPTEL,2,None,None,0,0,Certification Only,35,86,4.7,Placed,10.8,On-Campus / Off-Campus Placement,129,"React, Python, Tableau, Communication, Kubernetes"
STU11866,21,Male,B.Tech,2025,IIT / NIT Group (Tier 1),Cyber Security,NPTEL Cloud Computing & Distributed Systems; Microsoft Certified: Azure Developer; Docker & Kubernetes Developer Cert,Microsoft Azure; IBM; AWS,3,Microsoft Tech,Data Science & Analytics,3,2,Both (Hybrid),97,98,9.8,Placed,16.37,On-Campus / Off-Campus Placement,35,"Machine Learning, Problem Solving, Communication, System Design, Power BI, AWS, Docker, Data Analysis, Python, Java"
STU11867,21,Male,B.Tech,2025,IIT / NIT Group (Tier 1),Electronics & Communication,TensorFlow Developer Certificate,Microsoft Azure,1,None,None,0,0,Certification Only,36,69,4.9,Placed,11.12,On-Campus / Off-Campus Placement,120,"Tableau, Python, SQL, Power BI, Docker"
STU11868,21,Male,BCA,2025,Apex Institute of Technology (Tier 2),Cyber Security,AWS Certified Solutions Architect,Meta,1,InnovateTech Startup,Product & Business Analytics,2,1,Both (Hybrid),60,64,6.6,Placed,10.46,Internship Conversion,96,"Problem Solving, Kubernetes, Docker, Java, SQL, AWS, Power BI"
STU11869,23,Male,MBA (Tech & Analytics),2025,Apex Institute of Technology (Tier 2),Electronics & Communication,Google Professional Data Engineer; Microsoft Certified: Azure Developer,AWS; Google Cloud,2,None,None,0,0,Certification Only,38,72,4.9,Placed,7.31,On-Campus / Off-Campus Placement,99,"Git, System Design, Communication, Machine Learning, Problem Solving"
STU11870,23,Male,BCA,2025,Regional Tech Institute (Tier 3),Business Analytics,Google Professional Data Engineer; Coursera Machine Learning Specialization,IBM; Google Cloud,2,Google India,Cyber Security,2,1,Both (Hybrid),52,79,5.9,Placed,9.55,On-Campus / Off-Campus Placement,86,"Machine Learning, Problem Solving, SQL, Power BI, Docker, System Design, Tableau, Java"
STU11871,21,Male,B.Tech,2023,State Tech University (Tier 2),Information Technology,AWS Certified Solutions Architect; IBM Data Science Professional; Docker & Kubernetes Developer Cert,Coursera; Google Cloud; Microsoft Azure,4,DataMetrics Labs,Artificial Intelligence / ML,9,1,Both (Hybrid),75,88,8.8,Placed,14.0,On-Campus / Off-Campus Placement,48,"Communication, Power BI, Problem Solving, Python, AWS, Java, Git, Machine Learning, React, System Design"
STU11872,22,Male,BCA,2023,State Tech University (Tier 2),Electronics & Communication,None,None,0,TCS Innovation Labs,Cloud & DevOps,3,1,Internship Only,47,49,5.4,Placed,10.49,On-Campus / Off-Campus Placement,88,"AWS, Data Analysis, Python, Docker, Tableau, System Design"
STU11873,23,Male,B.Tech,2026,Apex Institute of Technology (Tier 2),Data Science & Artificial Intelligence,Microsoft Certified: Azure Developer; TensorFlow Developer Certificate; Docker & Kubernetes Developer Cert,Udemy; NPTEL; Google Cloud,3,Google India,Product & Business Analytics,3,1,Both (Hybrid),60,77,7.4,Placed,15.86,Internship Conversion,41,"Tableau, Python, Machine Learning, Communication, React, Problem Solving, Data Analysis, Kubernetes, System Design, Java"
STU11874,23,Male,M.Tech,2023,City Engineering College (Tier 3),Business Analytics,Certified Information Systems Security Professional (CISSP); Meta Front-End Developer Specialization,Microsoft Azure; Coursera,2,Microsoft Tech,Product & Business Analytics,9,1,Both (Hybrid),72,79,7.6,Placed,12.79,Direct PPO (Pre-Placement Offer),38,"Power BI, Python, AWS, Communication, Data Analysis, Git, Machine Learning, Docker"
STU11875,22,Male,B.Tech,2024,Regional Tech Institute (Tier 3),Electronics & Communication,TensorFlow Developer Certificate; Meta Front-End Developer Specialization,Udemy; AWS,2,Deloitte Consulting,Cloud & DevOps,7,2,Both (Hybrid),94,57,8.9,Placed,13.36,Direct PPO (Pre-Placement Offer),15,"Git, Communication, Tableau, Problem Solving, Power BI, Kubernetes, Data Analysis, Docker, Java, AWS"
STU11876,22,Male,B.Tech,2025,City Engineering College (Tier 3),Electronics & Communication,None,None,0,None,None,0,0,Neither,26,25,3.9,Unplaced,0.0,Not Converted,-1,"Python, Machine Learning, Data Analysis"
STU11877,22,Female,B.Tech,2024,State Tech University (Tier 2),Information Technology,Certified Information Systems Security Professional (CISSP),Meta,1,Microsoft Tech,Product & Business Analytics,7,2,Both (Hybrid),100,57,9.5,Placed,15.28,Direct PPO (Pre-Placement Offer),42,"Java, SQL, Tableau, Power BI, Data Analysis, Problem Solving, Python, Machine Learning, Docker, System Design"
STU11878,22,Male,B.Sc (CS/IT),2026,Apex Institute of Technology (Tier 2),Computer Science & Engineering,TensorFlow Developer Certificate,Udemy,1,Infosys Center,Cloud & DevOps,15,2,Both (Hybrid),100,61,10.0,Placed,19.11,On-Campus / Off-Campus Placement,5,"Data Analysis, Docker, System Design, Kubernetes, Machine Learning, SQL, Problem Solving, React, Python, Power BI"
STU11879,22,Male,B.Tech,2024,City Engineering College (Tier 3),Computer Science & Engineering,Coursera Machine Learning Specialization,Google Cloud,1,InnovateTech Startup,Software Engineering,2,1,Both (Hybrid),52,64,5.9,Placed,7.74,On-Campus / Off-Campus Placement,52,"Communication, System Design, Git, Machine Learning, Tableau, Docker, Power BI"
STU11880,23,Male,B.Sc (CS/IT),2023,State Tech University (Tier 2),Business Analytics,NPTEL Cloud Computing & Distributed Systems; TensorFlow Developer Certificate,Microsoft Azure; Meta,2,Infosys Center,Software Engineering,19,3,Both (Hybrid),100,77,10.0,Placed,23.95,Direct PPO (Pre-Placement Offer),5,"Communication, Problem Solving, Python, SQL, Java, Machine Learning, Git, React, Data Analysis, Power BI"
STU11881,24,Male,B.Tech,2024,BITS & Top National Inst (Tier 1),Data Science & Artificial Intelligence,Google Professional Data Engineer; Microsoft Certified: Azure Developer; Coursera Machine Learning Specialization,Google Cloud; Meta; Coursera,3,None,None,0,0,Certification Only,46,100,6.0,Placed,10.76,On-Campus / Off-Campus Placement,96,"Docker, Machine Learning, Python, Kubernetes, Communication, Git, AWS, Tableau"
STU11882,22,Female,B.Tech,2025,BITS & Top National Inst (Tier 1),Computer Science & Engineering,NPTEL Cloud Computing & Distributed Systems; Microsoft Certified: Azure Developer,Coursera; Microsoft Azure,2,Infosys Center,Artificial Intelligence / ML,9,1,Both (Hybrid),79,70,9.0,Placed,17.01,Internship Conversion,49,"Java, Communication, Problem Solving, System Design, React, Docker, Python, Machine Learning"
STU11883,23,Female,B.Tech,2024,IIT / NIT Group (Tier 1),Computer Science & Engineering,Coursera Machine Learning Specialization; AWS Certified Solutions Architect,Coursera; IBM,2,TCS Innovation Labs,Product & Business Analytics,2,1,Both (Hybrid),61,68,7.4,Placed,13.91,On-Campus / Off-Campus Placement,56,"Data Analysis, System Design, Tableau, React, AWS, SQL, Java, Kubernetes, Problem Solving"
STU11884,21,Female,MBA (Tech & Analytics),2025,Apex Institute of Technology (Tier 2),Electronics & Communication,Certified Information Systems Security Professional (CISSP); NPTEL Cloud Computing & Distributed Systems,Microsoft Azure; Meta,2,Infosys Center,Software Engineering,6,1,Both (Hybrid),63,64,8.3,Placed,14.22,On-Campus / Off-Campus Placement,54,"Tableau, React, Kubernetes, Docker, Data Analysis, Git, Java, Problem Solving"
STU11885,22,Female,MBA (Tech & Analytics),2026,IIT / NIT Group (Tier 1),Electronics & Communication,Microsoft Certified: Azure Developer,Coursera,1,InnovateTech Startup,Software Engineering,4,3,Both (Hybrid),100,58,10.0,Placed,17.96,On-Campus / Off-Campus Placement,5,"Docker, AWS, Python, Tableau, React, System Design, Machine Learning, Git, SQL, Kubernetes"
STU11886,21,Female,B.Tech,2026,BITS & Top National Inst (Tier 1),Electronics & Communication,Microsoft Certified: Azure Developer; Certified Information Systems Security Professional (CISSP); AWS Certified Solutions Architect,NPTEL; Coursera; AWS,5,InnovateTech Startup,Product & Business Analytics,3,1,Both (Hybrid),64,100,9.0,Placed,15.77,Internship Conversion,44,"Data Analysis, Git, Kubernetes, Tableau, AWS, Python, Problem Solving, Power BI, Machine Learning, SQL"
STU11887,21,Male,B.Tech,2024,State Tech University (Tier 2),Information Technology,Meta Front-End Developer Specialization; Certified Information Systems Security Professional (CISSP),NPTEL; Udemy,2,Amazon AWS,Cyber Security,3,2,Both (Hybrid),77,73,8.6,Placed,14.68,Internship Conversion,28,"Kubernetes, Tableau, System Design, Docker, React, Problem Solving, Data Analysis, Python, Communication, Java"
STU11888,23,Male,B.Tech,2024,Apex Institute of Technology (Tier 2),Data Science & Artificial Intelligence,Microsoft Certified: Azure Developer,Udemy,1,FinTech Solutions,Data Science & Analytics,4,3,Both (Hybrid),100,69,10.0,Placed,15.78,On-Campus / Off-Campus Placement,5,"Git, Data Analysis, Kubernetes, Docker, System Design, Java, SQL, Communication, Machine Learning, Problem Solving"
STU11889,25,Male,BCA,2025,State Tech University (Tier 2),Computer Science & Engineering,Docker & Kubernetes Developer Cert,IBM,1,TCS Innovation Labs,Cyber Security,9,1,Both (Hybrid),89,57,8.8,Placed,14.55,Direct PPO (Pre-Placement Offer),62,"AWS, Problem Solving, Machine Learning, Docker, Power BI, Git, Python, React"
STU11890,21,Male,B.Tech,2026,Apex Institute of Technology (Tier 2),Computer Science & Engineering,Meta Front-End Developer Specialization; Docker & Kubernetes Developer Cert,AWS; Meta,2,Infosys Center,Product & Business Analytics,2,1,Both (Hybrid),66,73,7.5,Placed,12.1,Internship Conversion,65,"Communication, Tableau, Data Analysis, Machine Learning, SQL, Java, Power BI, AWS"
STU11891,22,Female,M.Tech,2026,IIT / NIT Group (Tier 1),Electronics & Communication,IBM Data Science Professional; Docker & Kubernetes Developer Cert,Coursera; Google Cloud,2,None,None,0,0,Certification Only,34,86,5.4,Placed,8.38,On-Campus / Off-Campus Placement,121,"AWS, Communication, System Design, Git, Tableau, Python, Kubernetes"
STU11892,23,Female,MBA (Tech & Analytics),2024,BITS & Top National Inst (Tier 1),Computer Science & Engineering,None,None,0,FinTech Solutions,Product & Business Analytics,3,1,Internship Only,82,48,6.9,Placed,13.43,Internship Conversion,75,"Kubernetes, React, Data Analysis, Problem Solving, Java, Git"
STU11893,21,Male,B.Tech,2025,State Tech University (Tier 2),Information Technology,Certified Information Systems Security Professional (CISSP); Docker & Kubernetes Developer Cert; TensorFlow Developer Certificate,Udemy; NPTEL; Google Cloud,3,None,None,0,0,Certification Only,29,86,5.6,Placed,10.47,On-Campus / Off-Campus Placement,84,"Tableau, Communication, Problem Solving, SQL, Python, Git, AWS"
STU11894,22,Female,B.Tech,2024,State Tech University (Tier 2),Data Science & Artificial Intelligence,Docker & Kubernetes Developer Cert; Meta Front-End Developer Specialization,Coursera; AWS,2,DataMetrics Labs,Cloud & DevOps,2,1,Both (Hybrid),62,66,7.2,Placed,13.92,Internship Conversion,90,"Power BI, React, SQL, Java, Data Analysis, Communication, System Design, AWS"
STU11895,23,Female,M.Tech,2023,State Tech University (Tier 2),Data Science & Artificial Intelligence,TensorFlow Developer Certificate; IBM Data Science Professional,Udemy; Coursera,2,Google India,Data Science & Analytics,3,2,Both (Hybrid),80,75,9.5,Placed,15.48,Internship Conversion,18,"Data Analysis, Git, Docker, System Design, Problem Solving, Tableau, Power BI, Communication, React, AWS"
STU11896,22,Male,B.Sc (CS/IT),2023,IIT / NIT Group (Tier 1),Business Analytics,None,None,0,TCS Innovation Labs,Software Engineering,2,2,Internship Only,78,60,7.7,Placed,15.72,On-Campus / Off-Campus Placement,40,"Problem Solving, React, Docker, Kubernetes, Git, Communication, Tableau"
STU11897,21,Male,B.Tech,2024,City Engineering College (Tier 3),Computer Science & Engineering,TensorFlow Developer Certificate,Coursera,1,FinTech Solutions,Data Science & Analytics,2,1,Both (Hybrid),57,52,4.7,Placed,8.14,On-Campus / Off-Campus Placement,62,"Python, Machine Learning, Kubernetes, Power BI, AWS, System Design"
STU11898,22,Male,B.Tech,2024,Apex Institute of Technology (Tier 2),Electronics & Communication,AWS Certified Solutions Architect; Coursera Machine Learning Specialization; Meta Front-End Developer Specialization,Udemy; Coursera; AWS,4,FinTech Solutions,Cyber Security,3,2,Both (Hybrid),81,97,9.1,Placed,15.02,On-Campus / Off-Campus Placement,13,"React, AWS, Java, Problem Solving, Git, Machine Learning, Data Analysis, Python, System Design, Docker"
STU11899,23,Male,B.Tech,2023,BITS & Top National Inst (Tier 1),Computer Science & Engineering,Meta Front-End Developer Specialization; AWS Certified Solutions Architect; Microsoft Certified: Azure Developer,AWS; Google Cloud; NPTEL,3,DataMetrics Labs,Artificial Intelligence / ML,3,2,Both (Hybrid),83,92,9.9,Placed,17.11,On-Campus / Off-Campus Placement,35,"System Design, Communication, Docker, Java, React, SQL, AWS, Kubernetes, Problem Solving, Data Analysis"
STU11900,22,Male,B.Tech,2025,IIT / NIT Group (Tier 1),Computer Science & Engineering,Certified Information Systems Security Professional (CISSP),Meta,1,Microsoft Tech,Product & Business Analytics,3,1,Both (Hybrid),75,76,7.8,Placed,13.3,On-Campus / Off-Campus Placement,67,"Tableau, Python, AWS, Communication, Java, Power BI"
STU11901,21,Male,B.Tech,2024,Regional Tech Institute (Tier 3),Data Science & Artificial Intelligence,None,None,0,Amazon AWS,Software Engineering,6,1,Internship Only,62,36,6.9,Placed,11.46,Direct PPO (Pre-Placement Offer),53,"Tableau, Python, Machine Learning, Problem Solving, Communication"
STU11902,23,Male,B.Tech,2025,Apex Institute of Technology (Tier 2),Computer Science & Engineering,Meta Front-End Developer Specialization,Microsoft Azure,1,None,None,0,0,Certification Only,39,58,4.4,Placed,6.24,On-Campus / Off-Campus Placement,103,"System Design, Docker, SQL"
STU11903,21,Male,BCA,2024,State Tech University (Tier 2),Electronics & Communication,Microsoft Certified: Azure Developer,IBM,1,Microsoft Tech,Cloud & DevOps,3,1,Both (Hybrid),66,58,6.9,Placed,11.15,On-Campus / Off-Campus Placement,85,"Communication, Docker, Power BI, SQL, Data Analysis, System Design"
STU11904,23,Non-Binary,B.Tech,2023,Apex Institute of Technology (Tier 2),Data Science & Artificial Intelligence,AWS Certified Solutions Architect; Google Professional Data Engineer,NPTEL; Google Cloud,2,Amazon AWS,Cyber Security,9,1,Both (Hybrid),86,76,7.3,Placed,15.22,Direct PPO (Pre-Placement Offer),67,"Problem Solving, Kubernetes, Java, Python, Machine Learning, Git, AWS, Data Analysis, Power BI"
STU11905,21,Female,B.Tech,2024,Apex Institute of Technology (Tier 2),Computer Science & Engineering,IBM Data Science Professional; Meta Front-End Developer Specialization; Microsoft Certified: Azure Developer,Udemy; Meta; Google Cloud,4,Microsoft Tech,Product & Business Analytics,9,1,Both (Hybrid),85,92,9.9,Placed,16.17,Direct PPO (Pre-Placement Offer),8,"SQL, Python, Problem Solving, Power BI, Machine Learning, Kubernetes, Tableau, System Design, Java, Data Analysis"
STU11906,25,Female,B.Tech,2024,Apex Institute of Technology (Tier 2),Computer Science & Engineering,Meta Front-End Developer Specialization,NPTEL,1,InnovateTech Startup,Data Science & Analytics,3,2,Both (Hybrid),93,48,8.7,Placed,12.8,Internship Conversion,40,"Git, Java, React, Data Analysis, AWS, Power BI, Docker, Kubernetes, Python"
STU11907,22,Male,B.Sc (CS/IT),2025,State Tech University (Tier 2),Information Technology,None,None,0,None,None,0,0,Neither,40,47,4.1,Placed,7.71,On-Campus / Off-Campus Placement,135,"Power BI, Docker, Communication"
STU11908,22,Male,M.Tech,2023,State Tech University (Tier 2),Electronics & Communication,Docker & Kubernetes Developer Cert; Meta Front-End Developer Specialization; Certified Information Systems Security Professional (CISSP),NPTEL; Meta; Google Cloud,3,Microsoft Tech,Software Engineering,2,2,Both (Hybrid),68,73,9.5,Placed,12.38,On-Campus / Off-Campus Placement,40,"AWS, Kubernetes, Machine Learning, Git, Communication, Tableau, Problem Solving, Data Analysis, React, Docker"
STU11909,21,Female,B.Tech,2025,IIT / NIT Group (Tier 1),Data Science & Artificial Intelligence,None,None,0,TCS Innovation Labs,Cloud & DevOps,7,2,Internship Only,92,48,9.4,Placed,16.69,Direct PPO (Pre-Placement Offer),33,"Kubernetes, Docker, AWS, System Design, Power BI, Tableau, Java, Data Analysis, Problem Solving"
STU11910,22,Male,B.Tech,2023,Regional Tech Institute (Tier 3),Data Science & Artificial Intelligence,Coursera Machine Learning Specialization; Google Professional Data Engineer; Meta Front-End Developer Specialization,Microsoft Azure; Udemy; IBM,4,Infosys Center,Data Science & Analytics,19,3,Both (Hybrid),100,76,10.0,Placed,21.8,Direct PPO (Pre-Placement Offer),5,"Data Analysis, Power BI, System Design, Python, Tableau, Problem Solving, Git, React, Kubernetes, AWS"
STU11911,24,Male,MBA (Tech & Analytics),2025,Apex Institute of Technology (Tier 2),Electronics & Communication,Certified Information Systems Security Professional (CISSP); IBM Data Science Professional,AWS; Google Cloud,2,CyberGuard Analytics,Artificial Intelligence / ML,6,1,Both (Hybrid),61,54,8.1,Placed,14.57,Direct PPO (Pre-Placement Offer),56,"Power BI, SQL, Python, Data Analysis, Kubernetes, System Design, Tableau, Git, Java, Machine Learning"
STU11912,25,Female,B.Tech,2025,BITS & Top National Inst (Tier 1),Information Technology,Certified Information Systems Security Professional (CISSP); Microsoft Certified: Azure Developer; IBM Data Science Professional,Coursera; Google Cloud; IBM,4,None,None,0,0,Certification Only,51,100,5.9,Placed,13.74,On-Campus / Off-Campus Placement,78,"System Design, Java, Data Analysis, Machine Learning, AWS, Python, SQL, Power BI, Docker, Kubernetes"
STU11913,22,Female,B.Tech,2023,City Engineering College (Tier 3),Computer Science & Engineering,None,None,0,CyberGuard Analytics,Artificial Intelligence / ML,3,2,Internship Only,68,44,7.0,Placed,12.26,Internship Conversion,42,"Machine Learning, Python, React, Git, Power BI, Communication, AWS, Tableau, System Design"
STU11914,22,Male,B.Tech,2024,City Engineering College (Tier 3),Information Technology,None,None,0,TCS Innovation Labs,Cloud & DevOps,9,1,Internship Only,74,42,6.8,Placed,9.46,On-Campus / Off-Campus Placement,25,"Java, Kubernetes, Docker, Power BI"
STU11915,23,Male,B.Tech,2023,Regional Tech Institute (Tier 3),Information Technology,Google Professional Data Engineer,Meta,1,Deloitte Consulting,Software Engineering,7,2,Both (Hybrid),76,39,7.8,Placed,11.79,Direct PPO (Pre-Placement Offer),42,"SQL, Python, AWS, Power BI, System Design, Docker, Problem Solving, React, Git, Communication"
STU11916,24,Male,B.Tech,2025,City Engineering College (Tier 3),Information Technology,Google Professional Data Engineer,AWS,1,Deloitte Consulting,Artificial Intelligence / ML,3,3,Both (Hybrid),85,41,9.0,Placed,12.26,On-Campus / Off-Campus Placement,5,"Git, System Design, Java, Communication, React, Docker, Problem Solving, Python, Tableau, AWS"
STU11917,22,Male,M.Tech,2024,Regional Tech Institute (Tier 3),Information Technology,IBM Data Science Professional,Udemy,1,None,None,0,0,Certification Only,28,47,4.6,Placed,4.21,On-Campus / Off-Campus Placement,99,"Java, Machine Learning, React, Git"
STU11918,22,Male,BCA,2025,BITS & Top National Inst (Tier 1),Cyber Security,Google Professional Data Engineer; Coursera Machine Learning Specialization; TensorFlow Developer Certificate,Udemy; Coursera; Google Cloud,4,Deloitte Consulting,Cloud & DevOps,2,1,Both (Hybrid),66,100,7.8,Placed,14.0,On-Campus / Off-Campus Placement,72,"AWS, Python, Data Analysis, Machine Learning, Problem Solving, React, Communication, Kubernetes, Tableau, SQL"
STU11919,22,Male,B.Tech,2025,City Engineering College (Tier 3),Computer Science & Engineering,Microsoft Certified: Azure Developer; TensorFlow Developer Certificate; Google Professional Data Engineer,NPTEL; IBM; Google Cloud,3,None,None,0,0,Certification Only,38,81,5.1,Unplaced,0.0,Not Converted,-1,"Kubernetes, Tableau, Python, Power BI, AWS, Communication, SQL, Docker"
STU11920,23,Male,MBA (Tech & Analytics),2026,City Engineering College (Tier 3),Cyber Security,Meta Front-End Developer Specialization; Google Professional Data Engineer,Meta; Microsoft Azure,2,CyberGuard Analytics,Cyber Security,7,2,Both (Hybrid),76,57,8.2,Placed,13.34,Internship Conversion,31,"Git, SQL, Machine Learning, Tableau, Communication, Problem Solving, React, Data Analysis, System Design, Java"
STU11921,21,Female,B.Tech,2025,BITS & Top National Inst (Tier 1),Data Science & Artificial Intelligence,None,None,0,None,None,0,0,Neither,55,55,4.8,Placed,10.05,On-Campus / Off-Campus Placement,112,"Docker, AWS"
STU11922,22,Female,B.Tech,2025,IIT / NIT Group (Tier 1),Information Technology,Microsoft Certified: Azure Developer; NPTEL Cloud Computing & Distributed Systems,Coursera; Microsoft Azure,2,None,None,0,0,Certification Only,32,71,5.2,Placed,11.13,On-Campus / Off-Campus Placement,48,"Docker, AWS, Java, Data Analysis, Git"
STU11923,22,Female,BCA,2024,Regional Tech Institute (Tier 3),Computer Science & Engineering,Microsoft Certified: Azure Developer; AWS Certified Solutions Architect,Udemy; IBM,2,None,None,0,0,Certification Only,37,81,4.8,Unplaced,0.0,Not Converted,-1,"Data Analysis, AWS, Power BI, Tableau, Docker, Machine Learning, Git"
STU11924,23,Male,BCA,2026,State Tech University (Tier 2),Data Science & Artificial Intelligence,Microsoft Certified: Azure Developer,AWS,1,Google India,Software Engineering,7,2,Both (Hybrid),100,53,9.3,Placed,19.25,Direct PPO (Pre-Placement Offer),34,"React, Kubernetes, Machine Learning, SQL, Problem Solving, Python, Communication, Git, Java, AWS"
STU11925,21,Male,B.Tech,2025,City Engineering College (Tier 3),Electronics & Communication,Google Professional Data Engineer; NPTEL Cloud Computing & Distributed Systems; Microsoft Certified: Azure Developer,Microsoft Azure; Google Cloud; Meta,4,Amazon AWS,Cyber Security,3,1,Both (Hybrid),54,88,7.4,Placed,9.15,On-Campus / Off-Campus Placement,58,"System Design, Data Analysis, Python, Machine Learning, React, Communication, Problem Solving, Tableau, Java, Docker"
STU11926,22,Male,B.Tech,2024,IIT / NIT Group (Tier 1),Information Technology,None,None,0,Google India,Data Science & Analytics,3,1,Internship Only,66,55,6.9,Placed,14.62,On-Campus / Off-Campus Placement,55,"Git, SQL, Problem Solving, System Design"
STU11927,22,Male,BCA,2025,IIT / NIT Group (Tier 1),Computer Science & Engineering,Docker & Kubernetes Developer Cert,NPTEL,1,None,None,0,0,Certification Only,41,71,6.1,Unplaced,0.0,Not Converted,-1,"Docker, SQL, Kubernetes, Data Analysis"
STU11928,22,Male,BCA,2024,State Tech University (Tier 2),Data Science & Artificial Intelligence,None,None,0,FinTech Solutions,Artificial Intelligence / ML,3,1,Internship Only,74,41,5.9,Placed,12.25,On-Campus / Off-Campus Placement,97,"Communication, SQL, React, Kubernetes"
STU11929,21,Female,BCA,2025,BITS & Top National Inst (Tier 1),Computer Science & Engineering,NPTEL Cloud Computing & Distributed Systems; Google Professional Data Engineer; Coursera Machine Learning Specialization,Microsoft Azure; NPTEL; Meta,3,CyberGuard Analytics,Data Science & Analytics,15,2,Both (Hybrid),100,82,10.0,Placed,20.98,Direct PPO (Pre-Placement Offer),5,"Power BI, React, System Design, Machine Learning, AWS, Data Analysis, Git, Kubernetes, SQL, Java"
STU11930,22,Female,B.Tech,2025,Apex Institute of Technology (Tier 2),Cyber Security,Docker & Kubernetes Developer Cert; AWS Certified Solutions Architect,Microsoft Azure; Coursera,2,CyberGuard Analytics,Data Science & Analytics,3,1,Both (Hybrid),70,78,6.7,Placed,11.82,On-Campus / Off-Campus Placement,52,"Data Analysis, Java, Python, Problem Solving, System Design, Machine Learning, AWS, Kubernetes"
STU11931,22,Female,B.Tech,2023,Apex Institute of Technology (Tier 2),Business Analytics,Coursera Machine Learning Specialization,Coursera,1,Microsoft Tech,Product & Business Analytics,3,1,Both (Hybrid),69,58,7.0,Placed,11.57,Internship Conversion,70,"System Design, Data Analysis, Communication, Tableau, Power BI, React"
STU11932,22,Male,B.Tech,2025,IIT / NIT Group (Tier 1),Computer Science & Engineering,None,None,0,TCS Innovation Labs,Cyber Security,3,1,Internship Only,66,46,6.5,Placed,13.67,Internship Conversion,66,"Docker, Communication, React, Tableau"
STU11933,22,Female,B.Tech,2024,BITS & Top National Inst (Tier 1),Electronics & Communication,None,None,0,Microsoft Tech,Cloud & DevOps,4,3,Internship Only,100,47,10.0,Placed,16.95,On-Campus / Off-Campus Placement,28,"SQL, Data Analysis, Communication, Tableau, React, Power BI, Python, Problem Solving, Git, System Design"
STU11934,23,Male,MBA (Tech & Analytics),2024,State Tech University (Tier 2),Business Analytics,None,None,0,TCS Innovation Labs,Cloud & DevOps,2,1,Internship Only,66,41,5.8,Placed,11.65,Internship Conversion,46,"Java, Problem Solving, React, SQL, Tableau, Power BI"
STU11935,23,Male,B.Tech,2024,BITS & Top National Inst (Tier 1),Data Science & Artificial Intelligence,AWS Certified Solutions Architect,Coursera,1,CyberGuard Analytics,Cloud & DevOps,3,1,Both (Hybrid),69,73,6.4,Placed,12.2,On-Campus / Off-Campus Placement,66,"SQL, System Design, Power BI, Data Analysis, Python, Problem Solving, Machine Learning"
STU11936,22,Male,B.Tech,2025,Apex Institute of Technology (Tier 2),Information Technology,AWS Certified Solutions Architect,AWS,1,FinTech Solutions,Artificial Intelligence / ML,9,1,Both (Hybrid),74,60,8.5,Placed,14.72,On-Campus / Off-Campus Placement,40,"Docker, React, Tableau, Communication, System Design, Machine Learning, Data Analysis, SQL"
STU11937,23,Female,B.Sc (CS/IT),2024,State Tech University (Tier 2),Data Science & Artificial Intelligence,IBM Data Science Professional,Udemy,1,CyberGuard Analytics,Artificial Intelligence / ML,3,1,Both (Hybrid),68,62,6.9,Placed,11.49,On-Campus / Off-Campus Placement,75,"Java, Problem Solving, React, Machine Learning, System Design, Git"
STU11938,22,Non-Binary,B.Tech,2023,IIT / NIT Group (Tier 1),Information Technology,Meta Front-End Developer Specialization; NPTEL Cloud Computing & Distributed Systems; Coursera Machine Learning Specialization,Coursera; IBM; NPTEL,3,Amazon AWS,Product & Business Analytics,7,2,Both (Hybrid),100,77,10.0,Placed,20.09,On-Campus / Off-Campus Placement,5,"Data Analysis, Java, Docker, Tableau, AWS, Git, Kubernetes, Power BI, System Design, Problem Solving"
STU11939,21,Male,B.Tech,2025,State Tech University (Tier 2),Computer Science & Engineering,Microsoft Certified: Azure Developer; AWS Certified Solutions Architect,Meta; NPTEL,2,Microsoft Tech,Cyber Security,2,1,Both (Hybrid),46,60,7.4,Placed,10.04,Internship Conversion,85,"Python, Problem Solving, Tableau, Kubernetes, Git, Docker, Machine Learning, AWS"
STU11940,21,Female,B.Sc (CS/IT),2023,IIT / NIT Group (Tier 1),Computer Science & Engineering,NPTEL Cloud Computing & Distributed Systems; Google Professional Data Engineer,IBM; Microsoft Azure,2,Microsoft Tech,Data Science & Analytics,2,2,Both (Hybrid),90,86,9.2,Placed,16.37,On-Campus / Off-Campus Placement,6,"Git, SQL, Kubernetes, Tableau, Data Analysis, Communication, System Design, React, Java, Python"
STU11941,22,Female,M.Tech,2023,BITS & Top National Inst (Tier 1),Data Science & Artificial Intelligence,None,None,0,TCS Innovation Labs,Software Engineering,3,1,Internship Only,75,59,7.1,Placed,15.23,Internship Conversion,85,"Power BI, Git, Machine Learning, AWS"
STU11942,23,Male,BCA,2024,BITS & Top National Inst (Tier 1),Computer Science & Engineering,Docker & Kubernetes Developer Cert,NPTEL,1,Infosys Center,Artificial Intelligence / ML,3,1,Both (Hybrid),63,79,7.4,Placed,11.48,On-Campus / Off-Campus Placement,80,"Machine Learning, Docker, Problem Solving, Communication, Power BI, Python, Git"
STU11943,23,Male,B.Tech,2024,City Engineering College (Tier 3),Electronics & Communication,Meta Front-End Developer Specialization,NPTEL,1,TCS Innovation Labs,Product & Business Analytics,11,2,Both (Hybrid),100,51,10.0,Placed,14.3,Direct PPO (Pre-Placement Offer),26,"Data Analysis, Git, AWS, System Design, Problem Solving, Java, Python, Machine Learning, Docker"
STU11944,23,Male,BCA,2024,Regional Tech Institute (Tier 3),Computer Science & Engineering,None,None,0,Google India,Cyber Security,3,1,Internship Only,55,25,6.0,Placed,7.55,Internship Conversion,79,"AWS, Git, Communication, Power BI, Kubernetes, Java"
STU11945,22,Non-Binary,B.Sc (CS/IT),2023,City Engineering College (Tier 3),Data Science & Artificial Intelligence,None,None,0,DataMetrics Labs,Cloud & DevOps,2,1,Internship Only,58,37,5.1,Placed,5.8,On-Campus / Off-Campus Placement,54,"Tableau, Data Analysis, SQL, Docker"
STU11946,22,Male,B.Tech,2026,State Tech University (Tier 2),Business Analytics,TensorFlow Developer Certificate; Docker & Kubernetes Developer Cert; Coursera Machine Learning Specialization,Udemy; Google Cloud; Microsoft Azure,3,Infosys Center,Product & Business Analytics,14,3,Both (Hybrid),100,73,10.0,Placed,20.59,On-Campus / Off-Campus Placement,5,"Machine Learning, Data Analysis, Power BI, AWS, Python, Docker, Kubernetes, Tableau, System Design, React"
STU11947,21,Female,B.Tech,2025,State Tech University (Tier 2),Data Science & Artificial Intelligence,NPTEL Cloud Computing & Distributed Systems; TensorFlow Developer Certificate; Google Professional Data Engineer,NPTEL; Google Cloud; IBM,4,Infosys Center,Software Engineering,3,2,Both (Hybrid),90,100,9.6,Placed,15.69,On-Campus / Off-Campus Placement,29,"Tableau, Data Analysis, Communication, Kubernetes, AWS, System Design, Python, Problem Solving, Power BI, Machine Learning"
STU11948,22,Male,M.Tech,2024,State Tech University (Tier 2),Data Science & Artificial Intelligence,None,None,0,InnovateTech Startup,Product & Business Analytics,3,2,Internship Only,71,37,8.8,Placed,13.24,On-Campus / Off-Campus Placement,34,"Problem Solving, Data Analysis, Docker, System Design, SQL, Python, Tableau, Kubernetes, React"
STU11949,22,Female,B.Tech,2024,Apex Institute of Technology (Tier 2),Cyber Security,Meta Front-End Developer Specialization,AWS,1,Infosys Center,Data Science & Analytics,2,1,Both (Hybrid),60,65,7.2,Placed,12.5,On-Campus / Off-Campus Placement,81,"Docker, Communication, Problem Solving, Data Analysis, System Design, Java, Git, Tableau"
STU11950,21,Male,B.Sc (CS/IT),2024,Regional Tech Institute (Tier 3),Business Analytics,NPTEL Cloud Computing & Distributed Systems; Docker & Kubernetes Developer Cert; AWS Certified Solutions Architect,AWS; IBM; Meta,4,TCS Innovation Labs,Data Science & Analytics,2,1,Both (Hybrid),61,82,7.3,Placed,8.81,On-Campus / Off-Campus Placement,38,"React, Data Analysis, SQL, Tableau, System Design, Python, Docker, Communication, Kubernetes, Power BI"
STU11951,21,Female,B.Tech,2025,BITS & Top National Inst (Tier 1),Computer Science & Engineering,None,None,0,Google India,Data Science & Analytics,3,3,Internship Only,94,62,10.0,Placed,16.11,Internship Conversion,26,"System Design, Java, React, Machine Learning, Power BI, Git, AWS, Docker, Python, Kubernetes"
STU11952,22,Female,B.Tech,2023,IIT / NIT Group (Tier 1),Data Science & Artificial Intelligence,Certified Information Systems Security Professional (CISSP); Docker & Kubernetes Developer Cert,AWS; Meta,2,None,None,0,0,Certification Only,48,87,5.8,Placed,12.87,On-Campus / Off-Campus Placement,97,"Java, Git, SQL, AWS, Machine Learning"
STU11953,23,Female,B.Tech,2023,Apex Institute of Technology (Tier 2),Cyber Security,AWS Certified Solutions Architect; NPTEL Cloud Computing & Distributed Systems; Coursera Machine Learning Specialization,Google Cloud; Microsoft Azure; AWS,5,Infosys Center,Cyber Security,2,2,Both (Hybrid),86,100,10.0,Placed,16.46,On-Campus / Off-Campus Placement,5,"Power BI, AWS, Data Analysis, Python, Docker, Communication, Machine Learning, React, System Design, Java"
STU11954,25,Female,B.Sc (CS/IT),2026,City Engineering College (Tier 3),Data Science & Artificial Intelligence,AWS Certified Solutions Architect; Meta Front-End Developer Specialization; Docker & Kubernetes Developer Cert,Meta; Google Cloud; IBM,5,Amazon AWS,Cyber Security,19,3,Both (Hybrid),100,89,10.0,Placed,22.92,On-Campus / Off-Campus Placement,5,"System Design, SQL, Docker, Tableau, React, Problem Solving, AWS, Machine Learning, Data Analysis, Git"
STU11955,24,Male,B.Tech,2024,City Engineering College (Tier 3),Data Science & Artificial Intelligence,Docker & Kubernetes Developer Cert,Meta,1,Google India,Product & Business Analytics,3,2,Both (Hybrid),88,55,7.3,Placed,11.54,Internship Conversion,33,"AWS, Docker, Tableau, Git, Python, Kubernetes, Java, React, Power BI, Problem Solving"
STU11956,22,Female,BCA,2024,Apex Institute of Technology (Tier 2),Computer Science & Engineering,None,None,0,None,None,0,0,Neither,34,41,4.4,Unplaced,0.0,Not Converted,-1,"AWS, SQL"
STU11957,22,Male,BCA,2026,Regional Tech Institute (Tier 3),Computer Science & Engineering,Docker & Kubernetes Developer Cert,NPTEL,1,CyberGuard Analytics,Artificial Intelligence / ML,2,2,Both (Hybrid),67,46,7.7,Placed,10.89,On-Campus / Off-Campus Placement,41,"Git, SQL, Machine Learning, AWS, Python, Communication, Docker, Java, Kubernetes"
STU11958,22,Male,B.Sc (CS/IT),2025,State Tech University (Tier 2),Information Technology,IBM Data Science Professional; Google Professional Data Engineer; Coursera Machine Learning Specialization,Meta; Udemy; IBM,3,CyberGuard Analytics,Product & Business Analytics,7,2,Both (Hybrid),90,79,9.5,Placed,15.91,Internship Conversion,5,"Git, Docker, Data Analysis, SQL, Machine Learning, AWS, Tableau, Kubernetes, Communication, Power BI"
STU11959,23,Female,MBA (Tech & Analytics),2024,City Engineering College (Tier 3),Electronics & Communication,Coursera Machine Learning Specialization; AWS Certified Solutions Architect; Google Professional Data Engineer,Meta; NPTEL; Microsoft Azure,4,InnovateTech Startup,Cloud & DevOps,3,2,Both (Hybrid),78,97,9.4,Placed,12.51,Internship Conversion,40,"Git, React, Data Analysis, Problem Solving, System Design, AWS, Communication, Machine Learning, Kubernetes, Tableau"
STU11960,21,Male,BCA,2025,Regional Tech Institute (Tier 3),Cyber Security,AWS Certified Solutions Architect; Docker & Kubernetes Developer Cert,Udemy; Microsoft Azure,2,Infosys Center,Software Engineering,3,2,Both (Hybrid),74,68,7.3,Placed,11.7,On-Campus / Off-Campus Placement,47,"React, Git, Docker, System Design, Kubernetes, SQL, Java, Tableau, Problem Solving, AWS"
STU11961,22,Male,B.Tech,2023,City Engineering College (Tier 3),Electronics & Communication,AWS Certified Solutions Architect; TensorFlow Developer Certificate; Meta Front-End Developer Specialization,Meta; Udemy; IBM,3,Google India,Artificial Intelligence / ML,6,1,Both (Hybrid),59,75,6.8,Placed,7.61,Direct PPO (Pre-Placement Offer),56,"SQL, Machine Learning, React, Power BI, Tableau, System Design, Problem Solving, Communication, Kubernetes, Java"
STU11962,23,Non-Binary,MBA (Tech & Analytics),2025,State Tech University (Tier 2),Computer Science & Engineering,Microsoft Certified: Azure Developer; TensorFlow Developer Certificate,IBM; Coursera,2,Deloitte Consulting,Product & Business Analytics,9,1,Both (Hybrid),74,70,8.9,Placed,14.7,Direct PPO (Pre-Placement Offer),35,"System Design, Problem Solving, React, Machine Learning, Communication, Tableau, SQL, Power BI"
STU11963,22,Male,BCA,2024,BITS & Top National Inst (Tier 1),Computer Science & Engineering,TensorFlow Developer Certificate; Meta Front-End Developer Specialization,IBM; Microsoft Azure,2,TCS Innovation Labs,Software Engineering,2,1,Both (Hybrid),54,76,8.4,Placed,13.94,On-Campus / Off-Campus Placement,62,"Python, AWS, Tableau, System Design, React, Docker, Power BI, Data Analysis, Communication"
STU11964,22,Female,B.Tech,2025,State Tech University (Tier 2),Cyber Security,Microsoft Certified: Azure Developer; TensorFlow Developer Certificate; NPTEL Cloud Computing & Distributed Systems,NPTEL; Coursera; Google Cloud,3,None,None,0,0,Certification Only,34,82,5.6,Placed,10.12,On-Campus / Off-Campus Placement,78,"Docker, Kubernetes, Communication, Machine Learning, Problem Solving, Java, Tableau, Data Analysis"
STU11965,22,Male,B.Tech,2026,State Tech University (Tier 2),Computer Science & Engineering,NPTEL Cloud Computing & Distributed Systems; AWS Certified Solutions Architect,Google Cloud; Coursera,2,Amazon AWS,Product & Business Analytics,11,2,Both (Hybrid),100,79,10.0,Placed,18.34,On-Campus / Off-Campus Placement,7,"Power BI, Tableau, SQL, Python, Problem Solving, System Design, Java, Docker, Data Analysis, Kubernetes"
STU11966,21,Male,B.Sc (CS/IT),2026,City Engineering College (Tier 3),Computer Science & Engineering,Certified Information Systems Security Professional (CISSP); AWS Certified Solutions Architect,Microsoft Azure; Meta,2,FinTech Solutions,Artificial Intelligence / ML,3,1,Both (Hybrid),50,54,6.1,Placed,9.69,On-Campus / Off-Campus Placement,51,"Python, Communication, Machine Learning, Problem Solving, Git, Java, Docker, AWS, Data Analysis"
STU11967,22,Male,B.Tech,2026,IIT / NIT Group (Tier 1),Business Analytics,Microsoft Certified: Azure Developer,Microsoft Azure,1,InnovateTech Startup,Cyber Security,9,1,Both (Hybrid),86,91,8.6,Placed,16.56,Internship Conversion,42,"Java, AWS, Git, Tableau, Python, Data Analysis"
STU11968,22,Female,BCA,2025,State Tech University (Tier 2),Data Science & Artificial Intelligence,IBM Data Science Professional; Coursera Machine Learning Specialization,IBM; NPTEL,2,None,None,0,0,Certification Only,31,76,5.4,Placed,8.18,On-Campus / Off-Campus Placement,90,"System Design, Power BI, Tableau, Kubernetes, React, AWS"
STU11969,21,Female,B.Tech,2024,Apex Institute of Technology (Tier 2),Computer Science & Engineering,Coursera Machine Learning Specialization,Microsoft Azure,1,None,None,0,0,Certification Only,38,54,4.3,Placed,5.87,On-Campus / Off-Campus Placement,107,"Problem Solving, Power BI, Tableau"
STU11970,21,Female,B.Tech,2024,IIT / NIT Group (Tier 1),Business Analytics,IBM Data Science Professional,IBM,1,TCS Innovation Labs,Cyber Security,2,1,Both (Hybrid),67,75,7.4,Placed,14.3,On-Campus / Off-Campus Placement,88,"System Design, Git, SQL, Machine Learning, Data Analysis, Python, AWS, Kubernetes"
STU11971,23,Non-Binary,BCA,2025,State Tech University (Tier 2),Cyber Security,Coursera Machine Learning Specialization; IBM Data Science Professional; Docker & Kubernetes Developer Cert,Coursera; NPTEL; Meta,3,CyberGuard Analytics,Artificial Intelligence / ML,2,2,Both (Hybrid),81,65,8.9,Placed,14.05,Internship Conversion,35,"Kubernetes, React, Git, AWS, Problem Solving, Machine Learning, Data Analysis, Power BI, Tableau, SQL"
STU11972,22,Male,B.Tech,2026,State Tech University (Tier 2),Computer Science & Engineering,IBM Data Science Professional; Microsoft Certified: Azure Developer,NPTEL; Udemy,2,FinTech Solutions,Artificial Intelligence / ML,3,1,Both (Hybrid),58,74,6.6,Placed,12.17,On-Campus / Off-Campus Placement,55,"React, Power BI, SQL, Data Analysis, AWS, Machine Learning, Java, Tableau, System Design"
STU11973,22,Male,B.Tech,2024,Apex Institute of Technology (Tier 2),Electronics & Communication,TensorFlow Developer Certificate; Google Professional Data Engineer; Meta Front-End Developer Specialization,AWS; Udemy; NPTEL,4,CyberGuard Analytics,Cloud & DevOps,7,2,Both (Hybrid),83,100,10.0,Placed,16.29,Direct PPO (Pre-Placement Offer),5,"SQL, Problem Solving, React, Git, Power BI, Kubernetes, Python, Machine Learning, AWS, Communication"
STU11974,22,Female,BCA,2026,BITS & Top National Inst (Tier 1),Data Science & Artificial Intelligence,None,None,0,InnovateTech Startup,Cloud & DevOps,9,1,Internship Only,88,53,8.4,Placed,17.75,Direct PPO (Pre-Placement Offer),66,"Machine Learning, Python, System Design, Data Analysis, AWS"
STU11975,24,Male,B.Tech,2025,City Engineering College (Tier 3),Data Science & Artificial Intelligence,Microsoft Certified: Azure Developer; NPTEL Cloud Computing & Distributed Systems,IBM; Udemy,2,Google India,Software Engineering,11,2,Both (Hybrid),100,57,10.0,Placed,14.53,On-Campus / Off-Campus Placement,5,"Problem Solving, Data Analysis, Kubernetes, Power BI, Docker, React, Python, AWS, Java, Git"
STU11976,22,Male,B.Sc (CS/IT),2026,State Tech University (Tier 2),Business Analytics,Microsoft Certified: Azure Developer,NPTEL,1,DataMetrics Labs,Cyber Security,2,1,Both (Hybrid),61,64,7.5,Placed,11.72,Internship Conversion,101,"React, Java, System Design, Communication, Power BI, Git, SQL"
STU11977,22,Male,B.Sc (CS/IT),2026,City Engineering College (Tier 3),Cyber Security,Google Professional Data Engineer; TensorFlow Developer Certificate; AWS Certified Solutions Architect,Udemy; Coursera; Google Cloud,4,None,None,0,0,Certification Only,32,95,4.8,Placed,6.85,On-Campus / Off-Campus Placement,86,"Power BI, SQL, Java, Problem Solving, Git, Machine Learning, Python, AWS, Docker"
STU11978,24,Female,B.Sc (CS/IT),2024,State Tech University (Tier 2),Computer Science & Engineering,None,None,0,TCS Innovation Labs,Cloud & DevOps,9,1,Internship Only,78,53,7.9,Placed,14.27,Direct PPO (Pre-Placement Offer),58,"Communication, Tableau, Git, Java"
STU11979,23,Female,B.Tech,2023,State Tech University (Tier 2),Computer Science & Engineering,NPTEL Cloud Computing & Distributed Systems; IBM Data Science Professional,AWS; Coursera,2,None,None,0,0,Certification Only,40,62,4.8,Placed,8.15,On-Campus / Off-Campus Placement,108,"SQL, Communication, AWS, Java, Git, Problem Solving"
STU11980,21,Male,B.Tech,2023,BITS & Top National Inst (Tier 1),Computer Science & Engineering,Meta Front-End Developer Specialization; Certified Information Systems Security Professional (CISSP); TensorFlow Developer Certificate,Udemy; IBM; Google Cloud,3,DataMetrics Labs,Cloud & DevOps,3,3,Both (Hybrid),100,94,10.0,Placed,19.25,On-Campus / Off-Campus Placement,5,"Communication, Power BI, Kubernetes, Git, Java, Python, Problem Solving, Machine Learning, System Design, Tableau"
STU11981,23,Male,BCA,2024,IIT / NIT Group (Tier 1),Data Science & Artificial Intelligence,Microsoft Certified: Azure Developer,Meta,1,Amazon AWS,Data Science & Analytics,3,3,Both (Hybrid),100,68,10.0,Placed,18.31,Internship Conversion,26,"SQL, Python, Machine Learning, Java, Git, Kubernetes, Problem Solving, Data Analysis, Docker, React"
STU11982,22,Female,MBA (Tech & Analytics),2025,State Tech University (Tier 2),Computer Science & Engineering,Coursera Machine Learning Specialization; Meta Front-End Developer Specialization; AWS Certified Solutions Architect,IBM; NPTEL; Google Cloud,4,Infosys Center,Cloud & DevOps,7,2,Both (Hybrid),100,100,10.0,Placed,18.77,Direct PPO (Pre-Placement Offer),5,"System Design, Tableau, Machine Learning, Kubernetes, React, Communication, Problem Solving, AWS, Python, SQL"
STU11983,22,Female,B.Sc (CS/IT),2025,IIT / NIT Group (Tier 1),Data Science & Artificial Intelligence,NPTEL Cloud Computing & Distributed Systems; Google Professional Data Engineer; TensorFlow Developer Certificate,AWS; Udemy; NPTEL,3,TCS Innovation Labs,Cyber Security,9,1,Both (Hybrid),89,100,10.0,Placed,18.23,Direct PPO (Pre-Placement Offer),29,"Git, Tableau, Machine Learning, Power BI, System Design, Communication, AWS, React, SQL, Problem Solving"
STU11984,21,Male,B.Sc (CS/IT),2026,State Tech University (Tier 2),Computer Science & Engineering,Docker & Kubernetes Developer Cert,NPTEL,1,Amazon AWS,Cyber Security,3,1,Both (Hybrid),64,64,6.7,Placed,12.33,On-Campus / Off-Campus Placement,62,"Communication, Docker, Python, Git, React, Machine Learning, Problem Solving"
STU11985,21,Female,B.Tech,2025,Apex Institute of Technology (Tier 2),Data Science & Artificial Intelligence,None,None,0,FinTech Solutions,Product & Business Analytics,2,2,Internship Only,84,30,7.3,Placed,12.58,On-Campus / Off-Campus Placement,30,"Machine Learning, Python, Problem Solving, Power BI, SQL, AWS, Tableau, System Design, Kubernetes"
STU11986,23,Male,B.Tech,2023,State Tech University (Tier 2),Computer Science & Engineering,IBM Data Science Professional,Coursera,1,CyberGuard Analytics,Artificial Intelligence / ML,2,1,Both (Hybrid),69,54,5.8,Placed,11.87,On-Campus / Off-Campus Placement,101,"Tableau, Problem Solving, Data Analysis, Machine Learning, Java, SQL, Kubernetes, Power BI"
STU11987,22,Male,B.Tech,2023,BITS & Top National Inst (Tier 1),Electronics & Communication,IBM Data Science Professional,Meta,1,CyberGuard Analytics,Artificial Intelligence / ML,4,3,Both (Hybrid),100,69,10.0,Placed,18.91,On-Campus / Off-Campus Placement,5,"Docker, Git, Communication, Power BI, SQL, React, System Design, Data Analysis, Tableau, AWS"
STU11988,22,Female,B.Tech,2023,Apex Institute of Technology (Tier 2),Computer Science & Engineering,TensorFlow Developer Certificate; Google Professional Data Engineer; Meta Front-End Developer Specialization,Coursera; NPTEL; AWS,3,DataMetrics Labs,Cyber Security,2,1,Both (Hybrid),58,77,7.6,Placed,10.85,On-Campus / Off-Campus Placement,54,"Git, Communication, AWS, Kubernetes, Problem Solving, React, Docker, SQL, Java, Data Analysis"
STU11989,23,Female,B.Tech,2024,Regional Tech Institute (Tier 3),Computer Science & Engineering,Microsoft Certified: Azure Developer; Docker & Kubernetes Developer Cert; Certified Information Systems Security Professional (CISSP),Udemy; Google Cloud; AWS,4,Amazon AWS,Product & Business Analytics,3,1,Both (Hybrid),59,81,7.4,Placed,11.12,On-Campus / Off-Campus Placement,39,"System Design, Java, Tableau, Kubernetes, Docker, SQL, Problem Solving, Machine Learning, Data Analysis, Python"
STU11990,23,Male,MBA (Tech & Analytics),2025,IIT / NIT Group (Tier 1),Business Analytics,None,None,0,Google India,Cloud & DevOps,4,3,Internship Only,100,59,10.0,Placed,15.98,Internship Conversion,28,"Problem Solving, Power BI, SQL, Python, Machine Learning, AWS, Git, Kubernetes, Communication, Data Analysis"
STU11991,21,Female,B.Tech,2023,BITS & Top National Inst (Tier 1),Information Technology,TensorFlow Developer Certificate,NPTEL,1,InnovateTech Startup,Cloud & DevOps,4,3,Both (Hybrid),100,56,10.0,Placed,17.13,On-Campus / Off-Campus Placement,5,"Data Analysis, Tableau, Git, Machine Learning, System Design, Power BI, Problem Solving, Java, SQL, Kubernetes"
STU11992,22,Female,B.Tech,2024,Regional Tech Institute (Tier 3),Computer Science & Engineering,AWS Certified Solutions Architect; Certified Information Systems Security Professional (CISSP),Google Cloud; Udemy,2,Deloitte Consulting,Data Science & Analytics,3,2,Both (Hybrid),71,59,9.2,Placed,9.7,Internship Conversion,39,"Docker, System Design, Tableau, Communication, AWS, Kubernetes, SQL, Machine Learning, Git, Power BI"
STU11993,21,Female,B.Tech,2023,IIT / NIT Group (Tier 1),Computer Science & Engineering,None,None,0,CyberGuard Analytics,Artificial Intelligence / ML,3,1,Internship Only,68,51,7.3,Placed,12.8,On-Campus / Off-Campus Placement,80,"System Design, Tableau, Python, Problem Solving"
STU11994,23,Female,M.Tech,2025,Regional Tech Institute (Tier 3),Information Technology,Coursera Machine Learning Specialization,Microsoft Azure,1,Infosys Center,Product & Business Analytics,7,2,Both (Hybrid),74,52,9.1,Placed,12.39,Direct PPO (Pre-Placement Offer),33,"AWS, System Design, Communication, Python, Java, Git, Power BI, SQL, Docker"
STU11995,23,Female,BCA,2024,IIT / NIT Group (Tier 1),Data Science & Artificial Intelligence,AWS Certified Solutions Architect,IBM,1,DataMetrics Labs,Product & Business Analytics,2,1,Both (Hybrid),64,83,7.4,Placed,13.95,Internship Conversion,70,"Docker, AWS, React, Git, Communication, Problem Solving, Data Analysis, Java"
STU11996,25,Male,BCA,2024,City Engineering College (Tier 3),Electronics & Communication,TensorFlow Developer Certificate; Coursera Machine Learning Specialization,IBM; Udemy,2,InnovateTech Startup,Software Engineering,3,1,Both (Hybrid),57,68,5.9,Placed,9.26,On-Campus / Off-Campus Placement,71,"System Design, AWS, Docker, Kubernetes, Data Analysis, Machine Learning, Tableau, Git"
STU11997,21,Male,M.Tech,2024,State Tech University (Tier 2),Data Science & Artificial Intelligence,TensorFlow Developer Certificate; NPTEL Cloud Computing & Distributed Systems,Google Cloud; Microsoft Azure,2,FinTech Solutions,Cyber Security,2,1,Both (Hybrid),69,50,7.0,Placed,10.75,On-Campus / Off-Campus Placement,62,"Problem Solving, Git, Java, Machine Learning, Docker, Data Analysis, Python, React"
STU11998,21,Male,B.Tech,2026,Regional Tech Institute (Tier 3),Computer Science & Engineering,NPTEL Cloud Computing & Distributed Systems; Meta Front-End Developer Specialization,Udemy; Meta,2,TCS Innovation Labs,Artificial Intelligence / ML,7,2,Both (Hybrid),91,63,8.6,Placed,14.24,On-Campus / Off-Campus Placement,40,"Data Analysis, Git, Power BI, Problem Solving, React, SQL, Communication, Docker, Tableau, Machine Learning"
STU11999,22,Male,BCA,2024,State Tech University (Tier 2),Data Science & Artificial Intelligence,None,None,0,None,None,0,0,Neither,41,43,5.0,Placed,7.12,On-Campus / Off-Campus Placement,130,"Problem Solving, AWS"
STU12000,22,Female,B.Tech,2025,Apex Institute of Technology (Tier 2),Information Technology,TensorFlow Developer Certificate; AWS Certified Solutions Architect; IBM Data Science Professional,AWS; Meta; Microsoft Azure,3,InnovateTech Startup,Data Science & Analytics,6,1,Both (Hybrid),70,88,7.7,Placed,14.17,Direct PPO (Pre-Placement Offer),79,"AWS, Communication, Machine Learning, Tableau, Python, SQL, System Design, Power BI, Java, Problem Solving"
STU12001,21,Male,B.Tech,2025,IIT / NIT Group (Tier 1),Business Analytics,Google Professional Data Engineer; NPTEL Cloud Computing & Distributed Systems,NPTEL; AWS,2,DataMetrics Labs,Artificial Intelligence / ML,9,1,Both (Hybrid),91,74,9.6,Placed,16.63,Direct PPO (Pre-Placement Offer),30,"Tableau, Data Analysis, System Design, React, Communication, Java, Git, Docker, Kubernetes"
STU12002,24,Male,B.Sc (CS/IT),2025,BITS & Top National Inst (Tier 1),Computer Science & Engineering,Google Professional Data Engineer; AWS Certified Solutions Architect; Certified Information Systems Security Professional (CISSP),AWS; IBM; Microsoft Azure,3,Deloitte Consulting,Cyber Security,6,1,Both (Hybrid),77,88,8.6,Placed,15.75,Internship Conversion,22,"React, Power BI, Tableau, AWS, SQL, Java, Problem Solving, Git, Communication, Docker"
STU12003,21,Male,B.Sc (CS/IT),2026,Apex Institute of Technology (Tier 2),Data Science & Artificial Intelligence,Google Professional Data Engineer,Microsoft Azure,1,None,None,0,0,Certification Only,32,51,4.7,Unplaced,0.0,Not Converted,-1,"Tableau, Git, Communication, Problem Solving, SQL"
STU12004,22,Male,B.Tech,2024,State Tech University (Tier 2),Computer Science & Engineering,TensorFlow Developer Certificate; Microsoft Certified: Azure Developer; Coursera Machine Learning Specialization,NPTEL; IBM; Microsoft Azure,3,None,None,0,0,Certification Only,29,94,5.4,Placed,8.73,On-Campus / Off-Campus Placement,81,"Kubernetes, Tableau, SQL, React, Docker, Power BI, Git, Machine Learning, AWS"
STU12005,23,Male,B.Tech,2024,Regional Tech Institute (Tier 3),Data Science & Artificial Intelligence,Microsoft Certified: Azure Developer; Google Professional Data Engineer; AWS Certified Solutions Architect,Google Cloud; Udemy; IBM,3,Amazon AWS,Artificial Intelligence / ML,3,2,Both (Hybrid),68,79,9.8,Placed,9.96,On-Campus / Off-Campus Placement,5,"Python, Power BI, Java, System Design, SQL, Communication, React, Problem Solving, Git, Tableau"
STU12006,22,Female,BCA,2023,State Tech University (Tier 2),Business Analytics,Microsoft Certified: Azure Developer,NPTEL,1,CyberGuard Analytics,Cloud & DevOps,9,1,Both (Hybrid),76,60,8.8,Placed,15.81,Direct PPO (Pre-Placement Offer),42,"Docker, Tableau, Kubernetes, Java, Communication, React"
STU12007,23,Male,B.Tech,2025,City Engineering College (Tier 3),Data Science & Artificial Intelligence,Microsoft Certified: Azure Developer,NPTEL,1,Deloitte Consulting,Data Science & Analytics,15,2,Both (Hybrid),95,51,10.0,Placed,17.43,Direct PPO (Pre-Placement Offer),5,"Data Analysis, Tableau, Problem Solving, Machine Learning, AWS, Power BI, Docker, Git, React, System Design"
STU12008,21,Female,B.Tech,2024,State Tech University (Tier 2),Business Analytics,Meta Front-End Developer Specialization; Certified Information Systems Security Professional (CISSP); Coursera Machine Learning Specialization,Udemy; Meta; Google Cloud,4,TCS Innovation Labs,Artificial Intelligence / ML,12,1,Both (Hybrid),86,88,10.0,Placed,19.13,Internship Conversion,29,"Problem Solving, React, Tableau, Docker, Data Analysis, Python, SQL, Kubernetes, Communication, Java"
STU12009,22,Female,B.Tech,2023,Regional Tech Institute (Tier 3),Information Technology,Certified Information Systems Security Professional (CISSP); TensorFlow Developer Certificate,NPTEL; IBM,2,None,None,0,0,Certification Only,35,77,4.7,Placed,4.44,On-Campus / Off-Campus Placement,103,"Communication, Python, Docker, Tableau, Problem Solving"
STU12010,21,Male,B.Tech,2025,Regional Tech Institute (Tier 3),Business Analytics,IBM Data Science Professional; AWS Certified Solutions Architect; TensorFlow Developer Certificate,NPTEL; AWS; Meta,4,Google India,Product & Business Analytics,2,1,Both (Hybrid),43,96,6.5,Placed,9.69,On-Campus / Off-Campus Placement,63,"Machine Learning, Communication, System Design, Power BI, Java, Git, Docker, React, SQL, Data Analysis"
STU12011,21,Male,B.Sc (CS/IT),2025,State Tech University (Tier 2),Electronics & Communication,Meta Front-End Developer Specialization; Google Professional Data Engineer; IBM Data Science Professional,Google Cloud; Udemy; IBM,3,None,None,0,0,Certification Only,44,86,6.3,Placed,9.68,On-Campus / Off-Campus Placement,100,"Communication, AWS, Machine Learning, Data Analysis, Java, SQL, Problem Solving, System Design"
STU12012,24,Male,B.Tech,2023,City Engineering College (Tier 3),Computer Science & Engineering,Google Professional Data Engineer; Meta Front-End Developer Specialization,Google Cloud; Udemy,2,None,None,0,0,Certification Only,32,61,3.1,Unplaced,0.0,Not Converted,-1,"Git, System Design, SQL, Machine Learning, Tableau, Python"
STU12013,21,Female,B.Tech,2025,City Engineering College (Tier 3),Computer Science & Engineering,None,None,0,None,None,0,0,Neither,26,27,3.0,Placed,4.82,On-Campus / Off-Campus Placement,120,"Communication, Java"
STU12014,22,Female,BCA,2025,BITS & Top National Inst (Tier 1),Data Science & Artificial Intelligence,Docker & Kubernetes Developer Cert,AWS,1,Microsoft Tech,Cyber Security,3,1,Both (Hybrid),78,67,7.1,Placed,15.68,Internship Conversion,77,"SQL, Kubernetes, React, System Design, Docker, Java, Git"
STU12015,22,Male,M.Tech,2023,Apex Institute of Technology (Tier 2),Computer Science & Engineering,Docker & Kubernetes Developer Cert; Meta Front-End Developer Specialization; Microsoft Certified: Azure Developer,Udemy; AWS; IBM,4,Microsoft Tech,Product & Business Analytics,7,2,Both (Hybrid),84,100,10.0,Placed,16.84,Direct PPO (Pre-Placement Offer),5,"Communication, Python, Git, Problem Solving, Docker, AWS, System Design, Java, Tableau, Data Analysis"
STU12016,22,Female,B.Tech,2024,IIT / NIT Group (Tier 1),Data Science & Artificial Intelligence,IBM Data Science Professional,Meta,1,InnovateTech Startup,Software Engineering,11,2,Both (Hybrid),100,58,10.0,Placed,19.45,Direct PPO (Pre-Placement Offer),6,"AWS, Docker, Power BI, Problem Solving, System Design, Communication, Data Analysis, React, SQL, Git"
STU12017,24,Female,B.Tech,2025,City Engineering College (Tier 3),Data Science & Artificial Intelligence,None,None,0,TCS Innovation Labs,Artificial Intelligence / ML,4,3,Internship Only,100,43,8.2,Placed,12.37,On-Campus / Off-Campus Placement,5,"Git, Data Analysis, Python, AWS, Problem Solving, Kubernetes, Communication, React, Machine Learning, Tableau"
STU12018,21,Male,B.Tech,2025,BITS & Top National Inst (Tier 1),Cyber Security,AWS Certified Solutions Architect; TensorFlow Developer Certificate,Microsoft Azure; NPTEL,2,TCS Innovation Labs,Artificial Intelligence / ML,3,2,Both (Hybrid),84,70,8.9,Placed,17.1,On-Campus / Off-Campus Placement,5,"Power BI, Problem Solving, Kubernetes, System Design, AWS, Java, Machine Learning, Data Analysis, Python, Communication"
STU12019,23,Male,B.Sc (CS/IT),2024,IIT / NIT Group (Tier 1),Data Science & Artificial Intelligence,Microsoft Certified: Azure Developer; Certified Information Systems Security Professional (CISSP),Microsoft Azure; Meta,2,None,None,0,0,Certification Only,43,78,4.7,Placed,10.7,On-Campus / Off-Campus Placement,123,"Kubernetes, Problem Solving, Communication, Docker, Data Analysis, Git"
STU12020,25,Female,BCA,2024,State Tech University (Tier 2),Electronics & Communication,IBM Data Science Professional,Udemy,1,Infosys Center,Artificial Intelligence / ML,2,1,Both (Hybrid),60,45,6.5,Placed,8.98,Internship Conversion,71,"SQL, Python, Java, System Design, Data Analysis, React, Machine Learning, Tableau"
STU12021,22,Female,B.Sc (CS/IT),2025,Apex Institute of Technology (Tier 2),Business Analytics,Meta Front-End Developer Specialization,IBM,1,None,None,0,0,Certification Only,39,67,4.5,Unplaced,0.0,Not Converted,-1,"System Design, React, Power BI"
STU12022,24,Female,MBA (Tech & Analytics),2026,City Engineering College (Tier 3),Business Analytics,TensorFlow Developer Certificate,Google Cloud,1,CyberGuard Analytics,Artificial Intelligence / ML,3,2,Both (Hybrid),75,49,7.7,Placed,10.06,On-Campus / Off-Campus Placement,51,"Data Analysis, Kubernetes, Communication, Java, Docker, Problem Solving, SQL, React, AWS"
STU12023,21,Female,B.Sc (CS/IT),2025,Regional Tech Institute (Tier 3),Computer Science & Engineering,None,None,0,None,None,0,0,Neither,36,35,3.5,Unplaced,0.0,Not Converted,-1,"Python, React"
STU12024,22,Female,BCA,2023,State Tech University (Tier 2),Data Science & Artificial Intelligence,Microsoft Certified: Azure Developer; Google Professional Data Engineer; NPTEL Cloud Computing & Distributed Systems,Meta; AWS; Microsoft Azure,3,None,None,0,0,Certification Only,39,84,5.5,Placed,7.98,On-Campus / Off-Campus Placement,109,"Communication, Docker, SQL, Machine Learning, Python, Power BI, AWS, Data Analysis"
STU12025,22,Male,B.Tech,2024,IIT / NIT Group (Tier 1),Computer Science & Engineering,AWS Certified Solutions Architect,Coursera,1,None,None,0,0,Certification Only,46,62,4.8,Unplaced,0.0,Not Converted,-1,"Python, Git, Kubernetes, Java"
STU12026,23,Female,B.Tech,2026,Apex Institute of Technology (Tier 2),Data Science & Artificial Intelligence,TensorFlow Developer Certificate; Certified Information Systems Security Professional (CISSP); Meta Front-End Developer Specialization,Microsoft Azure; IBM; Coursera,3,FinTech Solutions,Product & Business Analytics,14,3,Both (Hybrid),100,91,10.0,Placed,20.23,Direct PPO (Pre-Placement Offer),5,"Machine Learning, System Design, Docker, React, Data Analysis, Tableau, SQL, Git, AWS, Problem Solving"
STU12027,25,Female,MBA (Tech & Analytics),2023,Apex Institute of Technology (Tier 2),Data Science & Artificial Intelligence,Docker & Kubernetes Developer Cert; Google Professional Data Engineer; AWS Certified Solutions Architect,Google Cloud; Meta; AWS,3,DataMetrics Labs,Cyber Security,2,2,Both (Hybrid),88,83,9.0,Placed,13.15,Internship Conversion,26,"Problem Solving, Machine Learning, Java, Communication, Power BI, AWS, Data Analysis, SQL, Python, System Design"
STU12028,22,Female,B.Tech,2026,State Tech University (Tier 2),Electronics & Communication,Certified Information Systems Security Professional (CISSP); Docker & Kubernetes Developer Cert,NPTEL; IBM,2,Amazon AWS,Cyber Security,6,1,Both (Hybrid),75,63,8.0,Placed,13.43,Direct PPO (Pre-Placement Offer),36,"Data Analysis, Tableau, Git, Python, Kubernetes, Machine Learning, Docker, Power BI"
STU12029,23,Male,B.Tech,2026,State Tech University (Tier 2),Data Science & Artificial Intelligence,Coursera Machine Learning Specialization,Coursera,1,CyberGuard Analytics,Cyber Security,3,1,Both (Hybrid),58,55,6.2,Placed,9.31,Internship Conversion,60,"React, Communication, Machine Learning, System Design, SQL, Tableau, Power BI, Git"
STU12030,21,Male,BCA,2023,State Tech University (Tier 2),Data Science & Artificial Intelligence,TensorFlow Developer Certificate; AWS Certified Solutions Architect,Google Cloud; Microsoft Azure,2,None,None,0,0,Certification Only,38,64,4.5,Placed,7.04,On-Campus / Off-Campus Placement,132,"Machine Learning, Tableau, SQL, System Design, Kubernetes, Docker, Communication"
STU12031,22,Male,B.Tech,2026,State Tech University (Tier 2),Cyber Security,NPTEL Cloud Computing & Distributed Systems,NPTEL,1,None,None,0,0,Certification Only,39,58,4.9,Unplaced,0.0,Not Converted,-1,"AWS, SQL, Data Analysis, Git, Kubernetes"
STU12032,22,Male,BCA,2024,Apex Institute of Technology (Tier 2),Computer Science & Engineering,Microsoft Certified: Azure Developer,NPTEL,1,Google India,Data Science & Analytics,3,1,Both (Hybrid),56,54,7.7,Placed,9.05,On-Campus / Off-Campus Placement,73,"Problem Solving, Python, System Design, Data Analysis, Git, Docker, SQL, Kubernetes"
STU12033,25,Male,BCA,2025,State Tech University (Tier 2),Data Science & Artificial Intelligence,Certified Information Systems Security Professional (CISSP); Microsoft Certified: Azure Developer; IBM Data Science Professional,Google Cloud; NPTEL; IBM,3,Microsoft Tech,Data Science & Analytics,9,1,Both (Hybrid),73,87,8.7,Placed,16.24,Direct PPO (Pre-Placement Offer),45,"Tableau, Machine Learning, SQL, Communication, Kubernetes, Data Analysis, System Design, Problem Solving, AWS, React"
STU12034,22,Female,B.Tech,2024,City Engineering College (Tier 3),Electronics & Communication,AWS Certified Solutions Architect,NPTEL,1,Amazon AWS,Product & Business Analytics,2,1,Both (Hybrid),49,44,5.8,Placed,8.8,Internship Conversion,91,"SQL, System Design, Tableau, Power BI, Python, Problem Solving, Java, Docker"
STU12035,22,Female,B.Sc (CS/IT),2024,State Tech University (Tier 2),Computer Science & Engineering,Meta Front-End Developer Specialization; NPTEL Cloud Computing & Distributed Systems; AWS Certified Solutions Architect,Udemy; Meta; Coursera,3,Microsoft Tech,Cloud & DevOps,2,1,Both (Hybrid),64,94,7.5,Placed,13.54,Internship Conversion,56,"Kubernetes, Power BI, Docker, System Design, Communication, SQL, Machine Learning, Data Analysis, Python, React"
STU12036,21,Male,B.Tech,2025,BITS & Top National Inst (Tier 1),Information Technology,None,None,0,FinTech Solutions,Data Science & Analytics,14,3,Internship Only,100,38,10.0,Placed,21.33,Direct PPO (Pre-Placement Offer),5,"Kubernetes, Git, Machine Learning, Tableau, Power BI, SQL, Python, System Design, Problem Solving, Docker"
STU12037,21,Female,B.Tech,2025,City Engineering College (Tier 3),Computer Science & Engineering,None,None,0,DataMetrics Labs,Data Science & Analytics,3,1,Internship Only,60,38,6.3,Placed,7.98,On-Campus / Off-Campus Placement,79,"AWS, Docker, System Design, Problem Solving"
STU12038,21,Male,BCA,2023,Apex Institute of Technology (Tier 2),Electronics & Communication,Google Professional Data Engineer; Docker & Kubernetes Developer Cert; IBM Data Science Professional,Coursera; AWS; IBM,5,Google India,Artificial Intelligence / ML,9,3,Both (Hybrid),100,100,10.0,Placed,21.15,Direct PPO (Pre-Placement Offer),5,"Machine Learning, Tableau, Git, Communication, Java, Docker, Data Analysis, Kubernetes, SQL, AWS"
STU12039,22,Male,BCA,2025,BITS & Top National Inst (Tier 1),Computer Science & Engineering,Google Professional Data Engineer; TensorFlow Developer Certificate,AWS; IBM,2,FinTech Solutions,Cloud & DevOps,2,2,Both (Hybrid),85,72,9.1,Placed,16.48,Internship Conversion,46,"Machine Learning, Kubernetes, SQL, Git, React, Power BI, AWS, Communication, Python, Data Analysis"
STU12040,24,Male,B.Sc (CS/IT),2023,Apex Institute of Technology (Tier 2),Computer Science & Engineering,NPTEL Cloud Computing & Distributed Systems; Meta Front-End Developer Specialization,NPTEL; Google Cloud,2,Google India,Data Science & Analytics,7,2,Both (Hybrid),98,73,9.7,Placed,15.24,On-Campus / Off-Campus Placement,16,"Power BI, System Design, Communication, React, Problem Solving, Git, Docker, Java, AWS, Tableau"
STU12041,22,Male,B.Tech,2024,State Tech University (Tier 2),Data Science & Artificial Intelligence,TensorFlow Developer Certificate; AWS Certified Solutions Architect,NPTEL; IBM,2,DataMetrics Labs,Product & Business Analytics,2,2,Both (Hybrid),83,78,8.5,Placed,13.63,Internship Conversion,43,"AWS, Power BI, Tableau, Communication, SQL, Git, Data Analysis, System Design, Java, Problem Solving"
STU12042,22,Male,BCA,2024,City Engineering College (Tier 3),Computer Science & Engineering,AWS Certified Solutions Architect,IBM,1,Google India,Product & Business Analytics,3,1,Both (Hybrid),58,54,5.8,Placed,7.71,Internship Conversion,58,"System Design, Java, Docker, Machine Learning, AWS, SQL, Python, Git"
STU12043,21,Male,B.Tech,2024,State Tech University (Tier 2),Computer Science & Engineering,Certified Information Systems Security Professional (CISSP); AWS Certified Solutions Architect,AWS; IBM,2,TCS Innovation Labs,Artificial Intelligence / ML,2,1,Both (Hybrid),56,73,7.5,Placed,12.65,On-Campus / Off-Campus Placement,75,"Tableau, Machine Learning, Communication, Power BI, Data Analysis, Java, Docker, AWS, Problem Solving"
STU12044,24,Male,MBA (Tech & Analytics),2024,Apex Institute of Technology (Tier 2),Data Science & Artificial Intelligence,None,None,0,FinTech Solutions,Software Engineering,3,1,Internship Only,64,41,6.0,Placed,11.26,Internship Conversion,62,"Machine Learning, Data Analysis, System Design, Python"
STU12045,23,Female,B.Tech,2023,IIT / NIT Group (Tier 1),Data Science & Artificial Intelligence,Meta Front-End Developer Specialization; Docker & Kubernetes Developer Cert,IBM; AWS,2,Amazon AWS,Cloud & DevOps,2,1,Both (Hybrid),65,69,7.6,Placed,14.45,Internship Conversion,58,"Problem Solving, Power BI, SQL, Tableau, Communication, Git, Machine Learning, Docker, Data Analysis"
STU12046,21,Male,B.Sc (CS/IT),2023,State Tech University (Tier 2),Data Science & Artificial Intelligence,IBM Data Science Professional; Docker & Kubernetes Developer Cert,Udemy; Microsoft Azure,2,None,None,0,0,Certification Only,48,68,5.2,Unplaced,0.0,Not Converted,-1,"Machine Learning, AWS, Communication, Tableau, Problem Solving, Kubernetes"
STU12047,23,Female,B.Tech,2023,Regional Tech Institute (Tier 3),Data Science & Artificial Intelligence,AWS Certified Solutions Architect; Coursera Machine Learning Specialization; Docker & Kubernetes Developer Cert,Udemy; Coursera; Microsoft Azure,4,InnovateTech Startup,Product & Business Analytics,2,1,Both (Hybrid),49,94,7.1,Placed,11.15,On-Campus / Off-Campus Placement,59,"Machine Learning, Data Analysis, React, AWS, System Design, Power BI, Kubernetes, Docker, Problem Solving, Git"
STU12048,22,Female,B.Tech,2024,City Engineering College (Tier 3),Data Science & Artificial Intelligence,Docker & Kubernetes Developer Cert; Google Professional Data Engineer,AWS; Udemy,2,None,None,0,0,Certification Only,31,57,4.4,Placed,6.12,On-Campus / Off-Campus Placement,98,"System Design, Docker, Kubernetes, AWS, Tableau"
STU12049,21,Female,B.Tech,2026,BITS & Top National Inst (Tier 1),Information Technology,None,None,0,TCS Innovation Labs,Software Engineering,6,1,Internship Only,82,46,7.5,Placed,16.1,Direct PPO (Pre-Placement Offer),51,"SQL, Machine Learning, React, Data Analysis, Tableau"
STU12050,22,Female,M.Tech,2023,State Tech University (Tier 2),Computer Science & Engineering,Coursera Machine Learning Specialization; Docker & Kubernetes Developer Cert,Coursera; IBM,2,Microsoft Tech,Artificial Intelligence / ML,11,2,Both (Hybrid),98,71,10.0,Placed,19.08,Internship Conversion,5,"React, SQL, Data Analysis, System Design, Kubernetes, Machine Learning, Git, Java, Docker, AWS"
STU12051,22,Male,BCA,2026,State Tech University (Tier 2),Computer Science & Engineering,None,None,0,TCS Innovation Labs,Cyber Security,2,2,Internship Only,79,49,7.3,Placed,10.9,Internship Conversion,51,"Machine Learning, Docker, Problem Solving, Java, Git, Communication, Tableau"
STU12052,21,Male,M.Tech,2025,Apex Institute of Technology (Tier 2),Electronics & Communication,Coursera Machine Learning Specialization,Meta,1,Infosys Center,Artificial Intelligence / ML,2,1,Both (Hybrid),77,67,6.5,Placed,10.8,On-Campus / Off-Campus Placement,68,"AWS, System Design, Power BI, SQL, React, Docker, Communication"
STU12053,24,Female,B.Tech,2025,Apex Institute of Technology (Tier 2),Electronics & Communication,None,None,0,InnovateTech Startup,Artificial Intelligence / ML,6,1,Internship Only,85,45,7.0,Placed,12.14,Direct PPO (Pre-Placement Offer),67,"Machine Learning, Python, SQL, React"
STU12054,23,Male,B.Tech,2025,Apex Institute of Technology (Tier 2),Computer Science & Engineering,TensorFlow Developer Certificate; AWS Certified Solutions Architect,Meta; IBM,2,None,None,0,0,Certification Only,34,72,4.9,Placed,9.04,On-Campus / Off-Campus Placement,109,"System Design, Git, SQL, Kubernetes, Communication, Machine Learning, Problem Solving"
STU12055,23,Female,B.Tech,2025,State Tech University (Tier 2),Data Science & Artificial Intelligence,None,None,0,Amazon AWS,Data Science & Analytics,12,1,Internship Only,86,49,8.5,Placed,14.77,Direct PPO (Pre-Placement Offer),26,"Docker, Data Analysis, Tableau, React"
STU12056,22,Female,B.Sc (CS/IT),2023,City Engineering College (Tier 3),Data Science & Artificial Intelligence,Certified Information Systems Security Professional (CISSP),Udemy,1,InnovateTech Startup,Cyber Security,3,1,Both (Hybrid),55,50,6.8,Placed,9.48,On-Campus / Off-Campus Placement,77,"Tableau, AWS, Git, Data Analysis, SQL, System Design, Communication, React"
STU12057,22,Female,B.Tech,2025,State Tech University (Tier 2),Data Science & Artificial Intelligence,Coursera Machine Learning Specialization; NPTEL Cloud Computing & Distributed Systems; IBM Data Science Professional,Google Cloud; IBM; Meta,4,Amazon AWS,Product & Business Analytics,3,3,Both (Hybrid),93,100,10.0,Placed,17.36,Internship Conversion,5,"Python, Kubernetes, System Design, Data Analysis, SQL, Problem Solving, Communication, Java, Git, Machine Learning"
STU12058,23,Female,M.Tech,2025,BITS & Top National Inst (Tier 1),Information Technology,Docker & Kubernetes Developer Cert; NPTEL Cloud Computing & Distributed Systems,Meta; AWS,2,None,None,0,0,Certification Only,41,77,5.0,Placed,11.0,On-Campus / Off-Campus Placement,80,"Docker, Kubernetes, Machine Learning, Python, SQL"
STU12059,22,Non-Binary,M.Tech,2025,Apex Institute of Technology (Tier 2),Computer Science & Engineering,None,None,0,CyberGuard Analytics,Software Engineering,3,1,Internship Only,59,39,6.4,Placed,10.13,On-Campus / Off-Campus Placement,63,"Tableau, Kubernetes, Docker, Communication, Git"
STU12060,21,Female,MBA (Tech & Analytics),2025,Regional Tech Institute (Tier 3),Information Technology,Certified Information Systems Security Professional (CISSP),IBM,1,Infosys Center,Data Science & Analytics,3,2,Both (Hybrid),72,43,8.0,Placed,11.14,Internship Conversion,37,"Git, Data Analysis, Java, Tableau, Kubernetes, Machine Learning, Problem Solving, SQL, System Design"
STU12061,22,Male,BCA,2023,Apex Institute of Technology (Tier 2),Computer Science & Engineering,Microsoft Certified: Azure Developer; Google Professional Data Engineer,NPTEL; Google Cloud,2,None,None,0,0,Certification Only,40,76,4.7,Placed,7.66,On-Campus / Off-Campus Placement,93,"Kubernetes, Tableau, React, Git, Communication"
STU12062,23,Female,BCA,2025,Apex Institute of Technology (Tier 2),Data Science & Artificial Intelligence,Certified Information Systems Security Professional (CISSP); Google Professional Data Engineer; Microsoft Certified: Azure Developer,Udemy; Google Cloud; AWS,3,Infosys Center,Artificial Intelligence / ML,4,3,Both (Hybrid),100,83,10.0,Placed,17.24,Internship Conversion,5,"Problem Solving, Git, Data Analysis, SQL, Tableau, System Design, Power BI, Communication, Machine Learning, AWS"
STU12063,22,Male,B.Sc (CS/IT),2025,Apex Institute of Technology (Tier 2),Electronics & Communication,None,None,0,Infosys Center,Data Science & Analytics,3,1,Internship Only,64,57,7.7,Placed,11.07,On-Campus / Off-Campus Placement,93,"AWS, React, Problem Solving, Machine Learning"
STU12064,21,Male,B.Tech,2024,Regional Tech Institute (Tier 3),Data Science & Artificial Intelligence,Coursera Machine Learning Specialization; Google Professional Data Engineer; NPTEL Cloud Computing & Distributed Systems,NPTEL; Google Cloud; AWS,3,Google India,Artificial Intelligence / ML,9,3,Both (Hybrid),100,86,10.0,Placed,15.81,Direct PPO (Pre-Placement Offer),5,"Power BI, Problem Solving, Python, Docker, Tableau, Git, Communication, SQL, Kubernetes, React"
STU12065,23,Female,BCA,2024,State Tech University (Tier 2),Computer Science & Engineering,Meta Front-End Developer Specialization; Microsoft Certified: Azure Developer,Meta; Coursera,2,Deloitte Consulting,Software Engineering,3,1,Both (Hybrid),59,78,6.9,Placed,13.0,Internship Conversion,35,"React, Tableau, Machine Learning, Communication, Docker, SQL, Data Analysis, Java"
STU12066,21,Male,B.Tech,2025,State Tech University (Tier 2),Cyber Security,IBM Data Science Professional; Microsoft Certified: Azure Developer,NPTEL; IBM,2,None,None,0,0,Certification Only,32,69,4.8,Unplaced,0.0,Not Converted,-1,"Data Analysis, Problem Solving, SQL, Docker, Tableau"
STU12067,22,Male,B.Tech,2026,Regional Tech Institute (Tier 3),Business Analytics,Google Professional Data Engineer; AWS Certified Solutions Architect; Coursera Machine Learning Specialization,NPTEL; Udemy; Microsoft Azure,4,InnovateTech Startup,Data Science & Analytics,2,1,Both (Hybrid),40,91,7.4,Placed,11.15,Internship Conversion,44,"Machine Learning, Tableau, Data Analysis, Kubernetes, SQL, Git, Communication, Power BI, Python, Problem Solving"
STU12068,21,Male,B.Tech,2024,City Engineering College (Tier 3),Electronics & Communication,TensorFlow Developer Certificate; Meta Front-End Developer Specialization,AWS; Coursera,2,None,None,0,0,Certification Only,20,68,4.3,Unplaced,0.0,Not Converted,-1,"React, System Design, Python, Kubernetes, Power BI, Problem Solving, Data Analysis"
STU12069,22,Female,B.Tech,2025,State Tech University (Tier 2),Data Science & Artificial Intelligence,NPTEL Cloud Computing & Distributed Systems; Coursera Machine Learning Specialization; Microsoft Certified: Azure Developer,Google Cloud; NPTEL; Microsoft Azure,3,Deloitte Consulting,Software Engineering,3,1,Both (Hybrid),72,75,7.7,Unplaced,0.0,Not Converted,-1,"Machine Learning, Communication, SQL, System Design, Kubernetes, Java, Git, Problem Solving, Power BI, Docker"
STU12070,23,Male,B.Tech,2024,State Tech University (Tier 2),Computer Science & Engineering,IBM Data Science Professional,Coursera,1,FinTech Solutions,Cloud & DevOps,3,3,Both (Hybrid),89,60,9.4,Placed,15.43,On-Campus / Off-Campus Placement,19,"Data Analysis, System Design, SQL, Power BI, Python, Docker, Kubernetes, Machine Learning, React, Communication"
STU12071,22,Female,B.Tech,2023,State Tech University (Tier 2),Business Analytics,Coursera Machine Learning Specialization; Certified Information Systems Security Professional (CISSP),NPTEL; Coursera,2,Deloitte Consulting,Data Science & Analytics,3,2,Both (Hybrid),86,65,8.8,Placed,13.32,On-Campus / Off-Campus Placement,27,"Kubernetes, Python, Java, Git, SQL, AWS, Communication, Data Analysis, System Design, Docker"
STU12072,21,Male,BCA,2023,BITS & Top National Inst (Tier 1),Data Science & Artificial Intelligence,IBM Data Science Professional; Docker & Kubernetes Developer Cert,NPTEL; Microsoft Azure,2,FinTech Solutions,Product & Business Analytics,3,1,Both (Hybrid),80,81,9.1,Placed,13.19,Internship Conversion,58,"Power BI, React, Machine Learning, Tableau, Data Analysis, System Design, Problem Solving, AWS, Git, Java"
STU12073,24,Female,B.Tech,2023,Regional Tech Institute (Tier 3),Electronics & Communication,Microsoft Certified: Azure Developer,Meta,1,DataMetrics Labs,Software Engineering,2,1,Both (Hybrid),59,44,6.5,Placed,8.97,Internship Conversion,90,"Git, Kubernetes, Python, Problem Solving, Data Analysis, React, SQL"
STU12074,24,Female,BCA,2024,State Tech University (Tier 2),Computer Science & Engineering,Docker & Kubernetes Developer Cert; Microsoft Certified: Azure Developer,Meta; IBM,2,Microsoft Tech,Cloud & DevOps,2,1,Both (Hybrid),63,76,6.2,Placed,11.34,On-Campus / Off-Campus Placement,76,"Kubernetes, Java, React, Power BI, Problem Solving, Tableau, System Design, Machine Learning"
STU12075,24,Male,B.Tech,2024,City Engineering College (Tier 3),Computer Science & Engineering,AWS Certified Solutions Architect,AWS,1,None,None,0,0,Certification Only,35,41,3.9,Unplaced,0.0,Not Converted,-1,"React, System Design, Power BI, Data Analysis"
STU12076,21,Male,BCA,2025,BITS & Top National Inst (Tier 1),Cyber Security,None,None,0,None,None,0,0,Neither,46,55,4.3,Unplaced,0.0,Not Converted,-1,"Docker, Java"
STU12077,22,Male,BCA,2025,State Tech University (Tier 2),Data Science & Artificial Intelligence,Docker & Kubernetes Developer Cert,Meta,1,None,None,0,0,Certification Only,42,53,4.7,Placed,6.92,On-Campus / Off-Campus Placement,88,"Machine Learning, Power BI, Java, Python, Kubernetes"
STU12078,25,Non-Binary,BCA,2023,IIT / NIT Group (Tier 1),Computer Science & Engineering,Certified Information Systems Security Professional (CISSP); IBM Data Science Professional,Microsoft Azure; AWS,2,Microsoft Tech,Product & Business Analytics,3,1,Both (Hybrid),77,79,8.2,Placed,13.96,On-Campus / Off-Campus Placement,76,"Docker, Power BI, Data Analysis, Kubernetes, Machine Learning, System Design, Python, AWS, Tableau, SQL"
STU12079,23,Female,B.Sc (CS/IT),2024,Apex Institute of Technology (Tier 2),Computer Science & Engineering,AWS Certified Solutions Architect; Docker & Kubernetes Developer Cert; Microsoft Certified: Azure Developer,Coursera; IBM; NPTEL,4,FinTech Solutions,Data Science & Analytics,3,1,Both (Hybrid),63,86,6.6,Placed,13.67,On-Campus / Off-Campus Placement,47,"React, Machine Learning, Power BI, Python, Git, Java, System Design, SQL, Tableau, AWS"
STU12080,21,Female,B.Tech,2024,Apex Institute of Technology (Tier 2),Data Science & Artificial Intelligence,Microsoft Certified: Azure Developer,Coursera,1,None,None,0,0,Certification Only,40,60,5.0,Unplaced,0.0,Not Converted,-1,"AWS, Communication, Docker"
STU12081,21,Male,B.Sc (CS/IT),2025,Apex Institute of Technology (Tier 2),Computer Science & Engineering,Meta Front-End Developer Specialization; IBM Data Science Professional,Google Cloud; Microsoft Azure,2,Infosys Center,Data Science & Analytics,9,3,Both (Hybrid),100,83,10.0,Placed,17.74,Direct PPO (Pre-Placement Offer),5,"Power BI, Kubernetes, Communication, Data Analysis, Python, Problem Solving, AWS, System Design, Java, Docker"
STU12082,22,Female,B.Tech,2023,IIT / NIT Group (Tier 1),Data Science & Artificial Intelligence,None,None,0,None,None,0,0,Neither,42,52,4.5,Unplaced,0.0,Not Converted,-1,"Problem Solving, Data Analysis"
STU12083,24,Female,B.Tech,2023,BITS & Top National Inst (Tier 1),Data Science & Artificial Intelligence,Meta Front-End Developer Specialization; Certified Information Systems Security Professional (CISSP); NPTEL Cloud Computing & Distributed Systems,Meta; Google Cloud; Microsoft Azure,4,None,None,0,0,Certification Only,45,95,6.7,Placed,13.11,On-Campus / Off-Campus Placement,66,"AWS, Tableau, Kubernetes, Communication, System Design, Python, Docker, Machine Learning, Power BI, Git"
STU12084,22,Female,BCA,2026,IIT / NIT Group (Tier 1),Electronics & Communication,AWS Certified Solutions Architect; Docker & Kubernetes Developer Cert,AWS; Udemy,2,DataMetrics Labs,Data Science & Analytics,3,2,Both (Hybrid),81,76,8.7,Placed,17.24,On-Campus / Off-Campus Placement,51,"System Design, Power BI, Java, SQL, Kubernetes, Problem Solving, Tableau, AWS, Python, React"
STU12085,22,Female,B.Tech,2025,State Tech University (Tier 2),Data Science & Artificial Intelligence,AWS Certified Solutions Architect; IBM Data Science Professional; Coursera Machine Learning Specialization,AWS; IBM; Meta,3,Deloitte Consulting,Product & Business Analytics,7,2,Both (Hybrid),89,76,10.0,Placed,16.68,Direct PPO (Pre-Placement Offer),5,"AWS, Python, Kubernetes, Tableau, SQL, Git, System Design, Java, Communication, Problem Solving"
STU12086,21,Male,BCA,2023,Apex Institute of Technology (Tier 2),Cyber Security,Certified Information Systems Security Professional (CISSP); TensorFlow Developer Certificate; NPTEL Cloud Computing & Distributed Systems,Udemy; IBM; Coursera,3,Infosys Center,Software Engineering,9,3,Both (Hybrid),100,87,10.0,Placed,20.37,Direct PPO (Pre-Placement Offer),5,"Tableau, Machine Learning, System Design, SQL, Power BI, Docker, AWS, Kubernetes, Git, Data Analysis"
STU12087,23,Male,BCA,2024,Apex Institute of Technology (Tier 2),Computer Science & Engineering,Google Professional Data Engineer,Udemy,1,CyberGuard Analytics,Product & Business Analytics,6,1,Both (Hybrid),74,66,8.2,Placed,14.01,Direct PPO (Pre-Placement Offer),33,"React, Machine Learning, AWS, Git, SQL, Docker, Python"
STU12088,23,Female,B.Tech,2024,Apex Institute of Technology (Tier 2),Data Science & Artificial Intelligence,IBM Data Science Professional; Certified Information Systems Security Professional (CISSP),Udemy; AWS,2,None,None,0,0,Certification Only,41,67,5.3,Placed,5.88,On-Campus / Off-Campus Placement,115,"React, Tableau, Power BI, SQL, Machine Learning"
STU12089,22,Female,B.Tech,2025,State Tech University (Tier 2),Computer Science & Engineering,AWS Certified Solutions Architect; IBM Data Science Professional; Coursera Machine Learning Specialization,Microsoft Azure; NPTEL; Meta,4,FinTech Solutions,Cyber Security,3,3,Both (Hybrid),95,99,10.0,Placed,19.18,Internship Conversion,5,"Java, Git, Tableau, Kubernetes, AWS, Data Analysis, React, Python, Docker, Power BI"
STU12090,23,Female,B.Tech,2025,State Tech University (Tier 2),Information Technology,None,None,0,TCS Innovation Labs,Cloud & DevOps,3,3,Internship Only,100,45,9.3,Placed,13.58,On-Campus / Off-Campus Placement,21,"System Design, Git, Data Analysis, Python, Tableau, Problem Solving, React, SQL, Kubernetes, Docker"
STU12091,25,Male,M.Tech,2023,BITS & Top National Inst (Tier 1),Cyber Security,TensorFlow Developer Certificate; NPTEL Cloud Computing & Distributed Systems,AWS; NPTEL,2,InnovateTech Startup,Software Engineering,9,3,Both (Hybrid),100,82,10.0,Placed,22.22,Direct PPO (Pre-Placement Offer),5,"Communication, Problem Solving, Java, Git, AWS, Power BI, SQL, Machine Learning, Data Analysis, System Design"
STU12092,21,Male,BCA,2025,BITS & Top National Inst (Tier 1),Electronics & Communication,Google Professional Data Engineer; AWS Certified Solutions Architect; Meta Front-End Developer Specialization,AWS; IBM; Microsoft Azure,4,Amazon AWS,Cloud & DevOps,2,2,Both (Hybrid),89,100,9.9,Placed,17.03,On-Campus / Off-Campus Placement,20,"Docker, Problem Solving, React, SQL, System Design, Java, AWS, Kubernetes, Python, Data Analysis"
STU12093,22,Male,B.Tech,2024,City Engineering College (Tier 3),Data Science & Artificial Intelligence,Microsoft Certified: Azure Developer,IBM,1,None,None,0,0,Certification Only,34,47,4.1,Placed,6.51,On-Campus / Off-Campus Placement,111,"Java, Tableau, Problem Solving"
STU12094,22,Male,B.Tech,2024,Apex Institute of Technology (Tier 2),Data Science & Artificial Intelligence,AWS Certified Solutions Architect; IBM Data Science Professional; Certified Information Systems Security Professional (CISSP),Udemy; AWS; NPTEL,3,Deloitte Consulting,Cyber Security,11,2,Both (Hybrid),100,81,10.0,Placed,17.76,Direct PPO (Pre-Placement Offer),5,"SQL, Problem Solving, Java, Machine Learning, Communication, Python, System Design, React, Docker, Git"
STU12095,23,Female,BCA,2024,BITS & Top National Inst (Tier 1),Electronics & Communication,TensorFlow Developer Certificate; IBM Data Science Professional; Coursera Machine Learning Specialization,Microsoft Azure; AWS; NPTEL,4,CyberGuard Analytics,Artificial Intelligence / ML,3,3,Both (Hybrid),100,100,10.0,Placed,21.29,Internship Conversion,5,"React, Power BI, Problem Solving, Python, Communication, Git, Machine Learning, Data Analysis, SQL, Docker"
STU12096,22,Female,B.Sc (CS/IT),2024,BITS & Top National Inst (Tier 1),Business Analytics,Microsoft Certified: Azure Developer; AWS Certified Solutions Architect,Udemy; Meta,2,Microsoft Tech,Artificial Intelligence / ML,2,1,Both (Hybrid),66,78,7.5,Placed,14.15,Internship Conversion,88,"Power BI, System Design, Data Analysis, Java, Git, Docker, Tableau, Kubernetes, Machine Learning"
STU12097,22,Male,B.Tech,2024,City Engineering College (Tier 3),Cyber Security,AWS Certified Solutions Architect,Google Cloud,1,Deloitte Consulting,Cloud & DevOps,2,2,Both (Hybrid),69,45,7.1,Placed,12.53,On-Campus / Off-Campus Placement,47,"Tableau, Machine Learning, AWS, System Design, Python, React, Kubernetes, SQL, Java, Communication"
STU12098,23,Male,B.Tech,2024,Apex Institute of Technology (Tier 2),Data Science & Artificial Intelligence,Certified Information Systems Security Professional (CISSP),NPTEL,1,Infosys Center,Cyber Security,7,2,Both (Hybrid),86,81,9.8,Placed,15.67,On-Campus / Off-Campus Placement,37,"Kubernetes, SQL, Communication, Tableau, Java, Problem Solving, System Design, Power BI, AWS"
STU12099,22,Male,M.Tech,2024,Apex Institute of Technology (Tier 2),Cyber Security,None,None,0,Deloitte Consulting,Cloud & DevOps,2,1,Internship Only,58,56,6.1,Unplaced,0.0,Not Converted,-1,"Docker, Data Analysis, Communication, AWS, Machine Learning, Problem Solving"
STU12100,24,Male,B.Tech,2023,State Tech University (Tier 2),Computer Science & Engineering,TensorFlow Developer Certificate; NPTEL Cloud Computing & Distributed Systems; Microsoft Certified: Azure Developer,IBM; NPTEL; Udemy,3,Infosys Center,Cyber Security,2,1,Both (Hybrid),67,90,7.1,Placed,11.18,Internship Conversion,52,"Machine Learning, Data Analysis, Git, Python, Kubernetes, Power BI, Tableau, Java, Problem Solving, System Design"
STU12101,22,Female,B.Tech,2025,State Tech University (Tier 2),Computer Science & Engineering,IBM Data Science Professional; TensorFlow Developer Certificate; Google Professional Data Engineer,AWS; Microsoft Azure; Coursera,3,InnovateTech Startup,Software Engineering,3,2,Both (Hybrid),87,90,9.5,Placed,15.63,On-Campus / Off-Campus Placement,39,"Python, System Design, SQL, Git, React, Java, Machine Learning, Docker, Communication, Tableau"
STU12102,21,Female,MBA (Tech & Analytics),2023,Regional Tech Institute (Tier 3),Computer Science & Engineering,Google Professional Data Engineer; AWS Certified Solutions Architect,Coursera; IBM,2,TCS Innovation Labs,Cloud & DevOps,12,1,Both (Hybrid),80,71,9.0,Placed,12.61,Direct PPO (Pre-Placement Offer),20,"SQL, Problem Solving, Git, Docker, Tableau, Data Analysis, Machine Learning, Kubernetes, Java"
STU12103,23,Male,BCA,2023,Apex Institute of Technology (Tier 2),Computer Science & Engineering,Docker & Kubernetes Developer Cert,AWS,1,FinTech Solutions,Software Engineering,3,1,Both (Hybrid),69,46,7.1,Placed,10.36,Internship Conversion,107,"Git, Communication, React, Problem Solving, SQL, Kubernetes, Tableau"
STU12104,23,Female,B.Tech,2025,State Tech University (Tier 2),Electronics & Communication,None,None,0,FinTech Solutions,Software Engineering,2,1,Internship Only,70,57,5.9,Placed,9.18,On-Campus / Off-Campus Placement,92,"Data Analysis, Java, SQL, Problem Solving, Power BI"
STU12105,22,Female,B.Tech,2025,City Engineering College (Tier 3),Electronics & Communication,Meta Front-End Developer Specialization; Coursera Machine Learning Specialization; IBM Data Science Professional,Meta; NPTEL; IBM,3,Google India,Software Engineering,2,1,Both (Hybrid),52,91,6.6,Placed,9.99,Internship Conversion,92,"Kubernetes, System Design, Docker, Tableau, Power BI, Problem Solving, AWS, Python, Data Analysis, Git"
STU12106,24,Female,B.Tech,2025,Apex Institute of Technology (Tier 2),Electronics & Communication,Meta Front-End Developer Specialization; TensorFlow Developer Certificate,Google Cloud; Meta,2,CyberGuard Analytics,Artificial Intelligence / ML,2,1,Both (Hybrid),64,56,6.6,Placed,9.0,On-Campus / Off-Campus Placement,56,"SQL, Machine Learning, Git, Communication, Docker, React, System Design, Tableau"
STU12107,24,Male,B.Tech,2024,State Tech University (Tier 2),Information Technology,Docker & Kubernetes Developer Cert; Certified Information Systems Security Professional (CISSP); IBM Data Science Professional,Microsoft Azure; Udemy; Meta,4,Amazon AWS,Product & Business Analytics,3,1,Both (Hybrid),77,87,8.4,Placed,13.29,On-Campus / Off-Campus Placement,43,"Kubernetes, Machine Learning, Docker, Git, Power BI, Java, Tableau, AWS, System Design, Data Analysis"
STU12108,22,Female,M.Tech,2024,State Tech University (Tier 2),Data Science & Artificial Intelligence,Coursera Machine Learning Specialization; Certified Information Systems Security Professional (CISSP),Coursera; Meta,2,None,None,0,0,Certification Only,29,69,4.9,Unplaced,0.0,Not Converted,-1,"Java, AWS, React, Communication, Tableau, Kubernetes"
STU12109,25,Male,B.Tech,2025,BITS & Top National Inst (Tier 1),Information Technology,Microsoft Certified: Azure Developer; Google Professional Data Engineer; AWS Certified Solutions Architect,Google Cloud; IBM; Coursera,3,InnovateTech Startup,Software Engineering,7,2,Both (Hybrid),96,87,10.0,Placed,18.54,Direct PPO (Pre-Placement Offer),7,"Communication, Problem Solving, Data Analysis, SQL, Kubernetes, Power BI, System Design, Tableau, Machine Learning, React"
STU12110,21,Male,B.Sc (CS/IT),2025,IIT / NIT Group (Tier 1),Data Science & Artificial Intelligence,Microsoft Certified: Azure Developer; Certified Information Systems Security Professional (CISSP),Coursera; NPTEL,2,DataMetrics Labs,Product & Business Analytics,3,3,Both (Hybrid),94,85,10.0,Placed,18.88,On-Campus / Off-Campus Placement,22,"Tableau, Data Analysis, Docker, Power BI, Java, Problem Solving, System Design, Machine Learning, AWS, React"
STU12111,21,Male,M.Tech,2024,Apex Institute of Technology (Tier 2),Electronics & Communication,Certified Information Systems Security Professional (CISSP); AWS Certified Solutions Architect,IBM; Microsoft Azure,2,None,None,0,0,Certification Only,45,63,4.6,Placed,5.32,On-Campus / Off-Campus Placement,93,"Tableau, Git, Machine Learning, React, Problem Solving, Communication"
STU12112,21,Male,B.Tech,2026,State Tech University (Tier 2),Information Technology,Meta Front-End Developer Specialization,Google Cloud,1,Google India,Data Science & Analytics,6,1,Both (Hybrid),77,56,7.6,Placed,10.78,Internship Conversion,70,"Python, Machine Learning, Kubernetes, SQL, Power BI, Problem Solving"
STU12113,24,Male,B.Tech,2023,City Engineering College (Tier 3),Information Technology,Coursera Machine Learning Specialization; Meta Front-End Developer Specialization; Google Professional Data Engineer,Udemy; Google Cloud; NPTEL,4,Amazon AWS,Cyber Security,3,1,Both (Hybrid),65,79,6.9,Placed,13.37,On-Campus / Off-Campus Placement,49,"System Design, Communication, Data Analysis, AWS, SQL, Kubernetes, React, Docker, Java, Problem Solving"
STU12114,23,Male,BCA,2026,Regional Tech Institute (Tier 3),Data Science & Artificial Intelligence,Docker & Kubernetes Developer Cert; Google Professional Data Engineer,Udemy; AWS,2,Amazon AWS,Artificial Intelligence / ML,12,1,Both (Hybrid),85,61,9.4,Placed,15.38,Internship Conversion,50,"Data Analysis, AWS, Python, Power BI, System Design, Machine Learning, React, Kubernetes"
STU12115,21,Male,M.Tech,2026,IIT / NIT Group (Tier 1),Business Analytics,Docker & Kubernetes Developer Cert,Coursera,1,DataMetrics Labs,Cyber Security,3,1,Both (Hybrid),69,65,7.4,Placed,14.49,On-Campus / Off-Campus Placement,49,"SQL, Docker, Machine Learning, AWS, Git, System Design, Python"
STU12116,22,Female,B.Sc (CS/IT),2025,State Tech University (Tier 2),Computer Science & Engineering,None,None,0,FinTech Solutions,Software Engineering,9,1,Internship Only,79,52,8.3,Placed,14.75,Internship Conversion,44,"AWS, Docker, Power BI, Kubernetes, Git"
STU12117,22,Female,B.Tech,2026,City Engineering College (Tier 3),Data Science & Artificial Intelligence,IBM Data Science Professional,Microsoft Azure,1,DataMetrics Labs,Data Science & Analytics,2,1,Both (Hybrid),45,46,6.2,Placed,6.55,Internship Conversion,68,"AWS, Tableau, Power BI, Python, System Design, Communication, React"
STU12118,21,Male,BCA,2025,Apex Institute of Technology (Tier 2),Electronics & Communication,Certified Information Systems Security Professional (CISSP); Coursera Machine Learning Specialization,Meta; Microsoft Azure,2,None,None,0,0,Certification Only,44,76,5.6,Unplaced,0.0,Not Converted,-1,"Kubernetes, React, Machine Learning, Data Analysis, Problem Solving, Communication"
STU12119,24,Female,BCA,2023,Apex Institute of Technology (Tier 2),Data Science & Artificial Intelligence,IBM Data Science Professional,Microsoft Azure,1,TCS Innovation Labs,Data Science & Analytics,6,1,Both (Hybrid),63,62,7.9,Placed,11.27,Direct PPO (Pre-Placement Offer),47,"Power BI, SQL, AWS, Tableau, Problem Solving, Docker, React, Java"
STU12120,23,Female,M.Tech,2024,State Tech University (Tier 2),Business Analytics,NPTEL Cloud Computing & Distributed Systems,Udemy,1,TCS Innovation Labs,Cyber Security,3,2,Both (Hybrid),67,56,7.6,Placed,15.05,On-Campus / Off-Campus Placement,33,"Data Analysis, Tableau, Machine Learning, Docker, SQL, Problem Solving, Communication, Python, Git"
STU12121,22,Female,B.Tech,2023,State Tech University (Tier 2),Computer Science & Engineering,Meta Front-End Developer Specialization; Docker & Kubernetes Developer Cert,AWS; Google Cloud,2,None,None,0,0,Certification Only,29,66,5.2,Placed,7.94,On-Campus / Off-Campus Placement,113,"Problem Solving, Docker, Machine Learning, Kubernetes, Git, Power BI"
STU12122,25,Male,BCA,2024,Apex Institute of Technology (Tier 2),Data Science & Artificial Intelligence,None,None,0,TCS Innovation Labs,Product & Business Analytics,2,1,Internship Only,65,54,5.6,Placed,9.59,On-Campus / Off-Campus Placement,81,"Python, Docker, Power BI, React, Kubernetes, SQL"
STU12123,22,Female,M.Tech,2025,Regional Tech Institute (Tier 3),Business Analytics,AWS Certified Solutions Architect; NPTEL Cloud Computing & Distributed Systems; Docker & Kubernetes Developer Cert,Udemy; AWS; Coursera,3,None,None,0,0,Certification Only,33,82,4.4,Placed,6.79,On-Campus / Off-Campus Placement,78,"Communication, Kubernetes, SQL, Machine Learning, React, Python, System Design, AWS"
STU12124,25,Female,B.Tech,2024,State Tech University (Tier 2),Data Science & Artificial Intelligence,Coursera Machine Learning Specialization,NPTEL,1,InnovateTech Startup,Data Science & Analytics,6,1,Both (Hybrid),70,52,7.6,Placed,12.57,Internship Conversion,44,"Communication, Machine Learning, Python, Java, Problem Solving, Data Analysis, Tableau"
STU12125,23,Female,B.Tech,2024,Regional Tech Institute (Tier 3),Data Science & Artificial Intelligence,AWS Certified Solutions Architect; Docker & Kubernetes Developer Cert,NPTEL; AWS,2,None,None,0,0,Certification Only,31,64,4.0,Unplaced,0.0,Not Converted,-1,"Python, Data Analysis, Communication, System Design, Kubernetes, Machine Learning, Tableau"
STU12126,22,Male,B.Tech,2025,State Tech University (Tier 2),Computer Science & Engineering,None,None,0,Amazon AWS,Cloud & DevOps,6,1,Internship Only,69,42,6.6,Placed,10.65,On-Campus / Off-Campus Placement,75,"System Design, Tableau, Problem Solving, Machine Learning"
STU12127,21,Male,B.Tech,2026,Regional Tech Institute (Tier 3),Computer Science & Engineering,Docker & Kubernetes Developer Cert,Google Cloud,1,CyberGuard Analytics,Cloud & DevOps,2,2,Both (Hybrid),77,47,6.4,Placed,9.97,Internship Conversion,12,"Git, Tableau, Docker, System Design, Data Analysis, Problem Solving, Kubernetes, AWS, Communication"
STU12128,24,Female,B.Tech,2023,Apex Institute of Technology (Tier 2),Information Technology,AWS Certified Solutions Architect,Coursera,1,FinTech Solutions,Cloud & DevOps,6,1,Both (Hybrid),69,64,8.0,Placed,10.94,Direct PPO (Pre-Placement Offer),54,"Problem Solving, Python, Tableau, Docker, Communication, SQL, AWS, Machine Learning"
STU12129,22,Male,MBA (Tech & Analytics),2024,State Tech University (Tier 2),Computer Science & Engineering,Meta Front-End Developer Specialization; Coursera Machine Learning Specialization; NPTEL Cloud Computing & Distributed Systems,Google Cloud; IBM; AWS,3,Infosys Center,Cloud & DevOps,3,2,Both (Hybrid),85,82,9.4,Placed,12.76,Internship Conversion,12,"Docker, Power BI, React, Problem Solving, Java, Machine Learning, Communication, SQL, Kubernetes, Python"
STU12130,21,Male,B.Tech,2023,Apex Institute of Technology (Tier 2),Business Analytics,AWS Certified Solutions Architect; TensorFlow Developer Certificate; IBM Data Science Professional,Coursera; IBM; AWS,3,Google India,Cyber Security,2,1,Both (Hybrid),64,82,6.8,Placed,14.2,On-Campus / Off-Campus Placement,41,"Power BI, Git, System Design, Docker, Kubernetes, Machine Learning, SQL, Communication, Python, AWS"
STU12131,21,Male,B.Tech,2025,State Tech University (Tier 2),Electronics & Communication,TensorFlow Developer Certificate,IBM,1,Microsoft Tech,Cloud & DevOps,3,3,Both (Hybrid),97,61,10.0,Placed,17.67,Internship Conversion,5,"Communication, Git, Problem Solving, Kubernetes, Python, AWS, SQL, Data Analysis, Power BI, Tableau"
STU12132,22,Female,BCA,2023,State Tech University (Tier 2),Computer Science & Engineering,Microsoft Certified: Azure Developer; TensorFlow Developer Certificate,NPTEL; IBM,2,Microsoft Tech,Product & Business Analytics,2,1,Both (Hybrid),56,71,7.0,Placed,10.61,On-Campus / Off-Campus Placement,35,"Java, Kubernetes, Data Analysis, Python, Docker, Tableau, Problem Solving, React"
STU12133,22,Female,B.Tech,2025,IIT / NIT Group (Tier 1),Information Technology,Certified Information Systems Security Professional (CISSP),AWS,1,None,None,0,0,Certification Only,39,61,5.2,Unplaced,0.0,Not Converted,-1,"Problem Solving, Machine Learning, Data Analysis, Git"
STU12134,23,Male,B.Tech,2024,IIT / NIT Group (Tier 1),Information Technology,Certified Information Systems Security Professional (CISSP); Google Professional Data Engineer; IBM Data Science Professional,Meta; Google Cloud; Coursera,5,TCS Innovation Labs,Cloud & DevOps,3,3,Both (Hybrid),100,100,10.0,Placed,22.07,Internship Conversion,5,"Java, Tableau, Problem Solving, React, Kubernetes, SQL, Python, Git, AWS, System Design"
STU12135,24,Female,B.Sc (CS/IT),2023,State Tech University (Tier 2),Computer Science & Engineering,Google Professional Data Engineer; AWS Certified Solutions Architect; Meta Front-End Developer Specialization,Google Cloud; AWS; Coursera,4,None,None,0,0,Certification Only,39,95,5.1,Unplaced,0.0,Not Converted,-1,"Python, Communication, System Design, Data Analysis, Kubernetes, SQL, Power BI, Tableau, React, Docker"
STU12136,21,Male,M.Tech,2026,Apex Institute of Technology (Tier 2),Computer Science & Engineering,Meta Front-End Developer Specialization; NPTEL Cloud Computing & Distributed Systems,NPTEL; Microsoft Azure,2,CyberGuard Analytics,Data Science & Analytics,4,3,Both (Hybrid),100,74,10.0,Placed,15.21,On-Campus / Off-Campus Placement,17,"Power BI, Communication, Python, AWS, Tableau, System Design, Git, React, Problem Solving, Docker"
STU12137,23,Female,BCA,2023,Apex Institute of Technology (Tier 2),Data Science & Artificial Intelligence,IBM Data Science Professional; Coursera Machine Learning Specialization,Microsoft Azure; NPTEL,2,FinTech Solutions,Data Science & Analytics,2,1,Both (Hybrid),63,80,6.1,Placed,13.62,On-Campus / Off-Campus Placement,38,"Java, Python, Docker, SQL, Git, Power BI, System Design, Communication, React, AWS"
STU12138,21,Female,BCA,2024,IIT / NIT Group (Tier 1),Information Technology,Docker & Kubernetes Developer Cert; Coursera Machine Learning Specialization; TensorFlow Developer Certificate,Udemy; Meta; AWS,3,None,None,0,0,Certification Only,42,89,5.4,Placed,13.31,On-Campus / Off-Campus Placement,93,"Python, SQL, Data Analysis, Docker, Power BI, Tableau, System Design, React"
STU12139,24,Female,B.Tech,2023,City Engineering College (Tier 3),Information Technology,TensorFlow Developer Certificate; Google Professional Data Engineer,Google Cloud; IBM,2,CyberGuard Analytics,Software Engineering,3,2,Both (Hybrid),77,73,7.5,Placed,12.71,On-Campus / Off-Campus Placement,26,"Docker, SQL, Kubernetes, Problem Solving, Git, Tableau, Machine Learning, Data Analysis, Java, Python"
STU12140,23,Female,MBA (Tech & Analytics),2024,Apex Institute of Technology (Tier 2),Data Science & Artificial Intelligence,Microsoft Certified: Azure Developer; NPTEL Cloud Computing & Distributed Systems,AWS; Coursera,2,None,None,0,0,Certification Only,32,62,5.8,Placed,8.55,On-Campus / Off-Campus Placement,92,"React, Machine Learning, Git, Data Analysis, AWS, Communication, Kubernetes"
STU12141,22,Male,B.Tech,2025,Regional Tech Institute (Tier 3),Electronics & Communication,Meta Front-End Developer Specialization; Google Professional Data Engineer; Certified Information Systems Security Professional (CISSP),IBM; NPTEL; Google Cloud,4,None,None,0,0,Certification Only,30,79,4.9,Placed,8.27,On-Campus / Off-Campus Placement,77,"Kubernetes, Data Analysis, Tableau, Git, Python, Java, Machine Learning, Docker, Problem Solving, Communication"
STU12142,23,Female,B.Sc (CS/IT),2024,Apex Institute of Technology (Tier 2),Electronics & Communication,NPTEL Cloud Computing & Distributed Systems; IBM Data Science Professional,IBM; Udemy,2,FinTech Solutions,Data Science & Analytics,12,1,Both (Hybrid),91,63,10.0,Placed,16.28,Internship Conversion,53,"SQL, Java, Tableau, Kubernetes, AWS, Python, React, Docker"
STU12143,22,Male,B.Tech,2023,BITS & Top National Inst (Tier 1),Information Technology,Meta Front-End Developer Specialization; Microsoft Certified: Azure Developer,Coursera; AWS,2,CyberGuard Analytics,Product & Business Analytics,15,2,Both (Hybrid),100,86,10.0,Placed,22.3,Direct PPO (Pre-Placement Offer),22,"React, AWS, SQL, Tableau, Python, Communication, Power BI, Problem Solving, Data Analysis, Machine Learning"
STU12144,22,Female,MBA (Tech & Analytics),2024,State Tech University (Tier 2),Electronics & Communication,AWS Certified Solutions Architect; IBM Data Science Professional; Certified Information Systems Security Professional (CISSP),Microsoft Azure; IBM; NPTEL,3,None,None,0,0,Certification Only,32,81,4.9,Unplaced,0.0,Not Converted,-1,"Kubernetes, Data Analysis, Java, Git, Machine Learning, AWS, Tableau"
STU12145,23,Female,B.Sc (CS/IT),2025,Apex Institute of Technology (Tier 2),Computer Science & Engineering,AWS Certified Solutions Architect; Meta Front-End Developer Specialization,Coursera; NPTEL,2,DataMetrics Labs,Data Science & Analytics,2,1,Both (Hybrid),62,87,6.4,Placed,11.37,On-Campus / Off-Campus Placement,61,"Git, React, Communication, Docker, Machine Learning, Tableau, Java, Data Analysis, SQL, Python"
STU12146,22,Female,B.Sc (CS/IT),2025,IIT / NIT Group (Tier 1),Business Analytics,Docker & Kubernetes Developer Cert; Certified Information Systems Security Professional (CISSP),IBM; NPTEL,2,DataMetrics Labs,Cloud & DevOps,7,2,Both (Hybrid),86,77,10.0,Placed,18.98,Internship Conversion,17,"Power BI, Communication, AWS, Problem Solving, Git, React, System Design, Kubernetes, Data Analysis, Tableau"
STU12147,22,Male,B.Tech,2025,IIT / NIT Group (Tier 1),Information Technology,IBM Data Science Professional,Coursera,1,None,None,0,0,Certification Only,35,65,5.3,Placed,10.38,On-Campus / Off-Campus Placement,118,"Data Analysis, React, Communication"
STU12148,22,Female,B.Tech,2025,BITS & Top National Inst (Tier 1),Electronics & Communication,Meta Front-End Developer Specialization,IBM,1,Google India,Data Science & Analytics,3,1,Both (Hybrid),69,65,7.0,Placed,13.97,On-Campus / Off-Campus Placement,55,"Kubernetes, AWS, Problem Solving, SQL, Java, Data Analysis, Communication, React"
STU12149,23,Male,BCA,2024,State Tech University (Tier 2),Data Science & Artificial Intelligence,None,None,0,InnovateTech Startup,Artificial Intelligence / ML,9,3,Internship Only,100,53,10.0,Placed,17.89,Internship Conversion,13,"System Design, Kubernetes, AWS, Java, Power BI, Communication, React, Docker, Tableau, Python"
STU12150,22,Male,B.Sc (CS/IT),2024,State Tech University (Tier 2),Computer Science & Engineering,NPTEL Cloud Computing & Distributed Systems; Microsoft Certified: Azure Developer,Meta; NPTEL,2,Infosys Center,Software Engineering,19,3,Both (Hybrid),100,76,10.0,Placed,22.86,On-Campus / Off-Campus Placement,5,"Data Analysis, Problem Solving, AWS, Python, Tableau, Git, System Design, Docker, SQL, Communication"
STU12151,21,Female,B.Tech,2023,State Tech University (Tier 2),Data Science & Artificial Intelligence,TensorFlow Developer Certificate,NPTEL,1,None,None,0,0,Certification Only,40,71,4.2,Placed,8.3,On-Campus / Off-Campus Placement,116,"Kubernetes, AWS, Communication"
STU12152,23,Male,MBA (Tech & Analytics),2024,BITS & Top National Inst (Tier 1),Data Science & Artificial Intelligence,AWS Certified Solutions Architect; Meta Front-End Developer Specialization; IBM Data Science Professional,Meta; Udemy; NPTEL,5,Deloitte Consulting,Artificial Intelligence / ML,2,2,Both (Hybrid),81,100,10.0,Placed,18.21,On-Campus / Off-Campus Placement,5,"Data Analysis, React, Communication, Tableau, Docker, Power BI, System Design, Problem Solving, AWS, Git"
STU12153,23,Female,M.Tech,2024,Apex Institute of Technology (Tier 2),Information Technology,TensorFlow Developer Certificate; Coursera Machine Learning Specialization,Udemy; IBM,2,Amazon AWS,Product & Business Analytics,7,2,Both (Hybrid),97,77,9.9,Placed,14.42,Direct PPO (Pre-Placement Offer),9,"Machine Learning, Power BI, Python, Docker, AWS, Java, Data Analysis, Communication, SQL, System Design"
STU12154,21,Male,B.Tech,2025,Apex Institute of Technology (Tier 2),Data Science & Artificial Intelligence,NPTEL Cloud Computing & Distributed Systems; Certified Information Systems Security Professional (CISSP); Microsoft Certified: Azure Developer,Udemy; AWS; NPTEL,3,Google India,Artificial Intelligence / ML,2,2,Both (Hybrid),77,75,9.4,Placed,14.61,On-Campus / Off-Campus Placement,42,"SQL, Kubernetes, Git, Python, Machine Learning, Docker, Data Analysis, Communication, AWS, Power BI"
STU12155,21,Male,B.Sc (CS/IT),2025,State Tech University (Tier 2),Electronics & Communication,Coursera Machine Learning Specialization,Google Cloud,1,TCS Innovation Labs,Cloud & DevOps,3,1,Both (Hybrid),72,51,6.2,Placed,10.36,On-Campus / Off-Campus Placement,51,"Power BI, Git, Java, Python, Machine Learning, Kubernetes, SQL, React"
STU12156,21,Female,BCA,2026,IIT / NIT Group (Tier 1),Information Technology,Meta Front-End Developer Specialization; AWS Certified Solutions Architect; TensorFlow Developer Certificate,Microsoft Azure; Meta; NPTEL,3,CyberGuard Analytics,Software Engineering,6,1,Both (Hybrid),80,100,8.0,Placed,16.08,Direct PPO (Pre-Placement Offer),58,"AWS, Power BI, Kubernetes, React, Python, Git, Communication, Tableau, Data Analysis, System Design"
STU12157,22,Female,B.Tech,2023,IIT / NIT Group (Tier 1),Information Technology,NPTEL Cloud Computing & Distributed Systems; Meta Front-End Developer Specialization,IBM; Google Cloud,2,None,None,0,0,Certification Only,43,83,4.7,Unplaced,0.0,Not Converted,-1,"Tableau, System Design, Python, Communication, Machine Learning, Problem Solving"
STU12158,22,Male,B.Tech,2025,State Tech University (Tier 2),Computer Science & Engineering,TensorFlow Developer Certificate; Certified Information Systems Security Professional (CISSP),NPTEL; Google Cloud,2,Amazon AWS,Data Science & Analytics,6,1,Both (Hybrid),71,73,8.6,Placed,13.49,Direct PPO (Pre-Placement Offer),52,"Communication, Machine Learning, Java, Kubernetes, React, Problem Solving, Docker, Python, Tableau, Data Analysis"
STU12159,23,Female,BCA,2025,BITS & Top National Inst (Tier 1),Cyber Security,Certified Information Systems Security Professional (CISSP),Meta,1,None,None,0,0,Certification Only,41,69,4.9,Placed,8.91,On-Campus / Off-Campus Placement,127,"React, AWS, Kubernetes, Docker, SQL"
STU12160,23,Male,B.Sc (CS/IT),2025,State Tech University (Tier 2),Electronics & Communication,IBM Data Science Professional; Microsoft Certified: Azure Developer,NPTEL; Coursera,2,Deloitte Consulting,Cyber Security,2,2,Both (Hybrid),83,63,8.5,Placed,12.69,On-Campus / Off-Campus Placement,29,"AWS, Tableau, Docker, SQL, React, Communication, Data Analysis, Python, Kubernetes, Machine Learning"
STU12161,22,Female,B.Tech,2024,Apex Institute of Technology (Tier 2),Electronics & Communication,Coursera Machine Learning Specialization; Meta Front-End Developer Specialization,Google Cloud; Microsoft Azure,2,None,None,0,0,Certification Only,42,78,5.3,Unplaced,0.0,Not Converted,-1,"Power BI, Tableau, Data Analysis, Git, Java, Communication"
STU12162,22,Male,BCA,2024,State Tech University (Tier 2),Computer Science & Engineering,Docker & Kubernetes Developer Cert; Meta Front-End Developer Specialization,IBM; Google Cloud,2,TCS Innovation Labs,Cloud & DevOps,3,2,Both (Hybrid),86,66,9.5,Placed,14.12,Internship Conversion,13,"Python, Git, System Design, Communication, Docker, Data Analysis, SQL, Java, React, Tableau"
STU12163,23,Female,BCA,2023,BITS & Top National Inst (Tier 1),Data Science & Artificial Intelligence,Docker & Kubernetes Developer Cert; Microsoft Certified: Azure Developer; AWS Certified Solutions Architect,Microsoft Azure; NPTEL; Meta,4,None,None,0,0,Certification Only,41,100,6.2,Placed,10.37,On-Campus / Off-Campus Placement,71,"Data Analysis, Docker, SQL, Communication, System Design, Tableau, React, Git, Python, Machine Learning"
STU12164,22,Female,B.Sc (CS/IT),2024,State Tech University (Tier 2),Computer Science & Engineering,AWS Certified Solutions Architect; Coursera Machine Learning Specialization; TensorFlow Developer Certificate,Microsoft Azure; AWS; Udemy,3,InnovateTech Startup,Cloud & DevOps,3,1,Both (Hybrid),53,92,7.9,Placed,13.97,On-Campus / Off-Campus Placement,53,"Power BI, Docker, Git, Problem Solving, AWS, Python, Machine Learning, Communication, Java, Tableau"
STU12165,25,Female,B.Tech,2025,Apex Institute of Technology (Tier 2),Data Science & Artificial Intelligence,AWS Certified Solutions Architect; Certified Information Systems Security Professional (CISSP); Meta Front-End Developer Specialization,Meta; AWS; Coursera,5,Microsoft Tech,Cyber Security,2,1,Both (Hybrid),62,100,7.7,Placed,13.15,On-Campus / Off-Campus Placement,29,"Kubernetes, Python, Machine Learning, React, Java, System Design, Communication, Power BI, Tableau, Docker"
STU12166,22,Male,M.Tech,2023,City Engineering College (Tier 3),Computer Science & Engineering,Meta Front-End Developer Specialization; Microsoft Certified: Azure Developer,Coursera; AWS,2,Infosys Center,Software Engineering,3,1,Both (Hybrid),47,54,6.9,Placed,8.85,Internship Conversion,74,"Java, SQL, Kubernetes, Machine Learning, System Design, Docker, Tableau, AWS, Communication, Problem Solving"
STU12167,21,Female,B.Tech,2024,Apex Institute of Technology (Tier 2),Data Science & Artificial Intelligence,IBM Data Science Professional; Google Professional Data Engineer; Coursera Machine Learning Specialization,Meta; NPTEL; Google Cloud,5,Infosys Center,Product & Business Analytics,6,1,Both (Hybrid),73,100,9.2,Placed,15.36,Direct PPO (Pre-Placement Offer),59,"Git, AWS, Power BI, Python, System Design, Data Analysis, Communication, Tableau, Machine Learning, Docker"
STU12168,23,Female,B.Tech,2025,Apex Institute of Technology (Tier 2),Information Technology,AWS Certified Solutions Architect; Google Professional Data Engineer; IBM Data Science Professional,Google Cloud; Udemy; IBM,3,Deloitte Consulting,Software Engineering,3,1,Both (Hybrid),68,78,7.3,Placed,13.8,On-Campus / Off-Campus Placement,53,"Kubernetes, Python, Java, Git, Problem Solving, Docker, Tableau, Power BI, Communication, React"
STU12169,22,Female,B.Tech,2025,State Tech University (Tier 2),Data Science & Artificial Intelligence,Meta Front-End Developer Specialization,NPTEL,1,None,None,0,0,Certification Only,32,53,4.9,Placed,8.31,On-Campus / Off-Campus Placement,94,"Tableau, Git, Kubernetes, Problem Solving, Machine Learning"
STU12170,23,Male,B.Tech,2024,State Tech University (Tier 2),Data Science & Artificial Intelligence,IBM Data Science Professional,Meta,1,None,None,0,0,Certification Only,34,50,4.4,Unplaced,0.0,Not Converted,-1,"SQL, Communication, Power BI, Java"
STU12171,21,Female,M.Tech,2025,City Engineering College (Tier 3),Business Analytics,Docker & Kubernetes Developer Cert,Microsoft Azure,1,CyberGuard Analytics,Cloud & DevOps,9,1,Both (Hybrid),72,56,7.9,Placed,13.57,Direct PPO (Pre-Placement Offer),42,"Java, Data Analysis, Git, System Design, Python, AWS, Docker"
STU12172,21,Female,B.Tech,2024,IIT / NIT Group (Tier 1),Computer Science & Engineering,None,None,0,None,None,0,0,Neither,40,57,5.1,Placed,9.02,On-Campus / Off-Campus Placement,100,"Git, Communication, Java"
STU12173,24,Male,B.Sc (CS/IT),2023,Regional Tech Institute (Tier 3),Electronics & Communication,None,None,0,None,None,0,0,Neither,33,34,3.7,Placed,5.35,On-Campus / Off-Campus Placement,111,"System Design, Git"
STU12174,21,Male,B.Tech,2024,Apex Institute of Technology (Tier 2),Computer Science & Engineering,None,None,0,None,None,0,0,Neither,34,51,4.4,Unplaced,0.0,Not Converted,-1,"Data Analysis, Java"
STU12175,23,Female,B.Tech,2025,Apex Institute of Technology (Tier 2),Computer Science & Engineering,Docker & Kubernetes Developer Cert; NPTEL Cloud Computing & Distributed Systems,Meta; Udemy,2,FinTech Solutions,Cloud & DevOps,2,2,Both (Hybrid),81,72,8.7,Placed,13.33,On-Campus / Off-Campus Placement,25,"Tableau, Power BI, React, Java, Python, Machine Learning, Docker, AWS, System Design, Communication"
STU12176,22,Male,MBA (Tech & Analytics),2026,IIT / NIT Group (Tier 1),Computer Science & Engineering,Docker & Kubernetes Developer Cert,Udemy,1,CyberGuard Analytics,Cyber Security,2,1,Both (Hybrid),68,65,7.7,Placed,15.44,On-Campus / Off-Campus Placement,59,"Power BI, Java, Python, Tableau, Kubernetes, Data Analysis, Machine Learning"
STU12177,22,Female,B.Sc (CS/IT),2023,Apex Institute of Technology (Tier 2),Electronics & Communication,IBM Data Science Professional,Meta,1,None,None,0,0,Certification Only,21,62,4.9,Placed,8.66,On-Campus / Off-Campus Placement,105,"Machine Learning, Python, React, Problem Solving"
STU12178,23,Female,B.Tech,2025,State Tech University (Tier 2),Data Science & Artificial Intelligence,Microsoft Certified: Azure Developer; Meta Front-End Developer Specialization; Docker & Kubernetes Developer Cert,Meta; Microsoft Azure; Udemy,3,None,None,0,0,Certification Only,44,85,6.1,Placed,10.21,On-Campus / Off-Campus Placement,113,"Java, Machine Learning, Data Analysis, AWS, React, Kubernetes, Problem Solving, Git"
STU12179,22,Female,BCA,2024,IIT / NIT Group (Tier 1),Business Analytics,Meta Front-End Developer Specialization; NPTEL Cloud Computing & Distributed Systems; Microsoft Certified: Azure Developer,Udemy; Google Cloud; IBM,3,CyberGuard Analytics,Product & Business Analytics,3,1,Both (Hybrid),66,86,7.9,Placed,12.71,On-Campus / Off-Campus Placement,76,"Problem Solving, SQL, React, Python, Data Analysis, AWS, Docker, Power BI, Git, Java"
STU12180,22,Male,B.Tech,2025,State Tech University (Tier 2),Data Science & Artificial Intelligence,Certified Information Systems Security Professional (CISSP); Meta Front-End Developer Specialization; NPTEL Cloud Computing & Distributed Systems,Coursera; NPTEL; Google Cloud,5,TCS Innovation Labs,Product & Business Analytics,6,1,Both (Hybrid),89,100,9.8,Placed,15.8,Direct PPO (Pre-Placement Offer),6,"Python, Data Analysis, System Design, AWS, React, Communication, Power BI, Machine Learning, Kubernetes, Tableau"
STU12181,21,Male,B.Tech,2023,City Engineering College (Tier 3),Computer Science & Engineering,Microsoft Certified: Azure Developer; IBM Data Science Professional,Microsoft Azure; IBM,2,InnovateTech Startup,Cloud & DevOps,3,2,Both (Hybrid),77,56,8.3,Placed,12.49,On-Campus / Off-Campus Placement,37,"Power BI, System Design, Kubernetes, AWS, Docker, Tableau, Problem Solving, Machine Learning, Data Analysis, Java"
STU12182,21,Female,B.Sc (CS/IT),2024,State Tech University (Tier 2),Information Technology,Certified Information Systems Security Professional (CISSP),IBM,1,TCS Innovation Labs,Data Science & Analytics,3,3,Both (Hybrid),97,43,9.7,Placed,16.72,On-Campus / Off-Campus Placement,5,"AWS, SQL, Java, Problem Solving, Git, Kubernetes, Communication, System Design, Data Analysis, Python"
STU12183,22,Male,B.Sc (CS/IT),2025,State Tech University (Tier 2),Computer Science & Engineering,TensorFlow Developer Certificate,Microsoft Azure,1,CyberGuard Analytics,Data Science & Analytics,3,1,Both (Hybrid),68,70,6.7,Placed,10.72,Internship Conversion,60,"Data Analysis, Python, React, Tableau, System Design, Docker"
STU12184,23,Female,B.Tech,2025,IIT / NIT Group (Tier 1),Electronics & Communication,IBM Data Science Professional,Google Cloud,1,DataMetrics Labs,Software Engineering,3,2,Both (Hybrid),95,62,8.8,Placed,16.65,Internship Conversion,46,"Docker, Python, System Design, Data Analysis, Kubernetes, SQL, Git, Power BI, Tableau, React"
STU12185,24,Male,M.Tech,2024,Apex Institute of Technology (Tier 2),Computer Science & Engineering,AWS Certified Solutions Architect,Udemy,1,Amazon AWS,Product & Business Analytics,3,1,Both (Hybrid),52,61,6.1,Placed,11.41,Internship Conversion,61,"Tableau, Communication, AWS, Problem Solving, Machine Learning, Java, Kubernetes"
STU12186,24,Male,BCA,2024,Apex Institute of Technology (Tier 2),Computer Science & Engineering,Certified Information Systems Security Professional (CISSP),Microsoft Azure,1,Google India,Artificial Intelligence / ML,3,1,Both (Hybrid),55,50,6.8,Placed,12.7,On-Campus / Off-Campus Placement,52,"React, Docker, Communication, SQL, Power BI, Git, System Design, Machine Learning"
STU12187,23,Male,B.Tech,2024,Apex Institute of Technology (Tier 2),Electronics & Communication,Google Professional Data Engineer; IBM Data Science Professional; Microsoft Certified: Azure Developer,NPTEL; IBM; AWS,5,None,None,0,0,Certification Only,36,100,6.4,Placed,10.04,On-Campus / Off-Campus Placement,62,"Python, Java, Tableau, Communication, Machine Learning, React, Kubernetes, Docker, Power BI, Data Analysis"
STU12188,23,Female,BCA,2024,State Tech University (Tier 2),Cyber Security,None,None,0,Microsoft Tech,Artificial Intelligence / ML,9,1,Internship Only,81,56,8.3,Placed,13.93,Internship Conversion,46,"Communication, React, Data Analysis, Power BI, Kubernetes"
STU12189,23,Non-Binary,BCA,2025,State Tech University (Tier 2),Data Science & Artificial Intelligence,None,None,0,InnovateTech Startup,Artificial Intelligence / ML,3,1,Internship Only,63,52,6.7,Placed,8.89,Internship Conversion,58,"React, System Design, Kubernetes, Machine Learning, Docker"
STU12190,22,Male,BCA,2026,Apex Institute of Technology (Tier 2),Electronics & Communication,None,None,0,CyberGuard Analytics,Data Science & Analytics,3,1,Internship Only,52,43,7.1,Placed,11.3,On-Campus / Off-Campus Placement,67,"Kubernetes, SQL, Machine Learning, Git"
STU12191,24,Male,B.Tech,2024,BITS & Top National Inst (Tier 1),Computer Science & Engineering,TensorFlow Developer Certificate; Certified Information Systems Security Professional (CISSP),AWS; IBM,2,None,None,0,0,Certification Only,46,87,6.0,Placed,9.98,On-Campus / Off-Campus Placement,109,"Java, Kubernetes, React, System Design, Docker, AWS, Power BI"
STU12192,23,Male,BCA,2024,Regional Tech Institute (Tier 3),Electronics & Communication,Coursera Machine Learning Specialization,NPTEL,1,CyberGuard Analytics,Data Science & Analytics,3,2,Both (Hybrid),75,48,7.7,Placed,11.46,Internship Conversion,43,"Data Analysis, Machine Learning, Kubernetes, AWS, Power BI, System Design, Git, Python, SQL"
STU12193,22,Female,B.Tech,2025,Apex Institute of Technology (Tier 2),Information Technology,Coursera Machine Learning Specialization,IBM,1,Google India,Artificial Intelligence / ML,3,2,Both (Hybrid),90,58,8.1,Placed,12.79,On-Campus / Off-Campus Placement,12,"React, Python, Java, Machine Learning, Tableau, Data Analysis, AWS, Kubernetes, Power BI, Problem Solving"
STU12194,21,Male,B.Sc (CS/IT),2024,State Tech University (Tier 2),Computer Science & Engineering,None,None,0,Microsoft Tech,Data Science & Analytics,2,1,Internship Only,56,42,5.7,Placed,9.81,Internship Conversion,98,"Python, Tableau, Java, Kubernetes, Machine Learning"
STU12195,22,Female,BCA,2025,State Tech University (Tier 2),Computer Science & Engineering,AWS Certified Solutions Architect,Coursera,1,None,None,0,0,Certification Only,47,52,4.3,Unplaced,0.0,Not Converted,-1,"Power BI, AWS, System Design"
STU12196,22,Male,B.Tech,2024,City Engineering College (Tier 3),Computer Science & Engineering,None,None,0,Deloitte Consulting,Artificial Intelligence / ML,2,1,Internship Only,59,26,6.0,Placed,8.95,On-Campus / Off-Campus Placement,81,"Power BI, Docker, Python, Kubernetes, Communication"
STU12197,24,Male,B.Sc (CS/IT),2025,BITS & Top National Inst (Tier 1),Data Science & Artificial Intelligence,Coursera Machine Learning Specialization; Microsoft Certified: Azure Developer,IBM; Udemy,2,FinTech Solutions,Cyber Security,9,3,Both (Hybrid),100,88,10.0,Placed,24.27,Direct PPO (Pre-Placement Offer),5,"Python, System Design, AWS, Tableau, Git, Data Analysis, Machine Learning, Communication, Power BI, Docker"
STU12198,22,Male,MBA (Tech & Analytics),2025,State Tech University (Tier 2),Computer Science & Engineering,None,None,0,CyberGuard Analytics,Data Science & Analytics,7,2,Internship Only,98,53,8.7,Placed,13.91,Internship Conversion,39,"Power BI, SQL, Machine Learning, Communication, Kubernetes, Python, Java"
STU12199,22,Non-Binary,MBA (Tech & Analytics),2025,Apex Institute of Technology (Tier 2),Information Technology,IBM Data Science Professional; Docker & Kubernetes Developer Cert; Microsoft Certified: Azure Developer,Meta; Google Cloud; Microsoft Azure,3,None,None,0,0,Certification Only,39,91,4.8,Placed,9.25,On-Campus / Off-Campus Placement,86,"Tableau, Data Analysis, Power BI, Java, Git, Docker, Python"
STU12200,25,Male,B.Tech,2025,State Tech University (Tier 2),Cyber Security,Docker & Kubernetes Developer Cert; Meta Front-End Developer Specialization,IBM; NPTEL,2,Amazon AWS,Cyber Security,9,1,Both (Hybrid),86,71,8.3,Placed,15.88,Internship Conversion,29,"Git, System Design, Communication, Data Analysis, Power BI, Problem Solving, Java, Kubernetes"
STU12201,21,Male,B.Tech,2024,Apex Institute of Technology (Tier 2),Computer Science & Engineering,Microsoft Certified: Azure Developer; Docker & Kubernetes Developer Cert,Meta; Microsoft Azure,2,Infosys Center,Cyber Security,9,3,Both (Hybrid),100,74,10.0,Placed,19.78,Direct PPO (Pre-Placement Offer),5,"System Design, Docker, Data Analysis, Python, Machine Learning, Java, Tableau, Kubernetes, React, SQL"
STU12202,22,Female,BCA,2025,BITS & Top National Inst (Tier 1),Data Science & Artificial Intelligence,TensorFlow Developer Certificate,Meta,1,Deloitte Consulting,Cyber Security,2,1,Both (Hybrid),59,63,7.4,Unplaced,0.0,Not Converted,-1,"SQL, Java, Data Analysis, Communication, Machine Learning, Tableau"
STU12203,21,Female,B.Tech,2025,Apex Institute of Technology (Tier 2),Data Science & Artificial Intelligence,TensorFlow Developer Certificate,Meta,1,None,None,0,0,Certification Only,55,71,4.8,Unplaced,0.0,Not Converted,-1,"Communication, SQL, Docker, Git"
STU12204,23,Male,MBA (Tech & Analytics),2024,IIT / NIT Group (Tier 1),Business Analytics,None,None,0,CyberGuard Analytics,Artificial Intelligence / ML,7,2,Internship Only,100,48,9.3,Placed,17.6,On-Campus / Off-Campus Placement,35,"Kubernetes, Problem Solving, AWS, Python, Tableau, Java, Machine Learning"
STU12205,24,Male,B.Tech,2023,IIT / NIT Group (Tier 1),Data Science & Artificial Intelligence,Coursera Machine Learning Specialization; IBM Data Science Professional,Microsoft Azure; Google Cloud,2,Amazon AWS,Product & Business Analytics,3,1,Both (Hybrid),63,82,7.6,Placed,15.7,Internship Conversion,83,"Power BI, Communication, Tableau, Java, AWS, Data Analysis, System Design, SQL, Kubernetes, Docker"
STU12206,22,Female,B.Tech,2023,City Engineering College (Tier 3),Data Science & Artificial Intelligence,Google Professional Data Engineer; Docker & Kubernetes Developer Cert,Microsoft Azure; NPTEL,2,CyberGuard Analytics,Software Engineering,12,1,Both (Hybrid),63,70,9.3,Placed,12.9,Direct PPO (Pre-Placement Offer),14,"Data Analysis, React, Kubernetes, Java, SQL, AWS, Communication, Machine Learning, Tableau"
STU12207,24,Male,B.Tech,2024,Apex Institute of Technology (Tier 2),Data Science & Artificial Intelligence,AWS Certified Solutions Architect,Coursera,1,DataMetrics Labs,Artificial Intelligence / ML,9,1,Both (Hybrid),79,64,8.1,Placed,14.26,On-Campus / Off-Campus Placement,58,"Communication, SQL, Machine Learning, Kubernetes, AWS, Problem Solving"
STU12208,22,Female,B.Tech,2024,State Tech University (Tier 2),Computer Science & Engineering,AWS Certified Solutions Architect; NPTEL Cloud Computing & Distributed Systems,Coursera; NPTEL,2,Google India,Cyber Security,11,2,Both (Hybrid),94,79,10.0,Placed,18.76,Direct PPO (Pre-Placement Offer),9,"Power BI, Tableau, React, Kubernetes, SQL, Python, Docker, AWS, Git, Machine Learning"
STU12209,24,Female,B.Sc (CS/IT),2025,BITS & Top National Inst (Tier 1),Computer Science & Engineering,NPTEL Cloud Computing & Distributed Systems; AWS Certified Solutions Architect; Certified Information Systems Security Professional (CISSP),IBM; Coursera; Microsoft Azure,3,None,None,0,0,Certification Only,44,99,6.1,Placed,9.64,On-Campus / Off-Campus Placement,99,"Git, Kubernetes, Problem Solving, Communication, Docker, Data Analysis, System Design, Power BI, Tableau"
STU12210,23,Male,B.Tech,2023,Apex Institute of Technology (Tier 2),Data Science & Artificial Intelligence,IBM Data Science Professional; TensorFlow Developer Certificate; Coursera Machine Learning Specialization,Google Cloud; AWS; Udemy,3,TCS Innovation Labs,Cloud & DevOps,2,1,Both (Hybrid),51,82,7.0,Placed,10.4,On-Campus / Off-Campus Placement,77,"Docker, React, Python, SQL, System Design, Tableau, Kubernetes, Problem Solving, Communication, Java"
STU12211,23,Male,B.Tech,2026,State Tech University (Tier 2),Computer Science & Engineering,None,None,0,Google India,Data Science & Analytics,3,2,Internship Only,83,57,7.5,Placed,12.46,Internship Conversion,63,"Data Analysis, Python, Kubernetes, Problem Solving, Power BI, Communication, Git, Java, Tableau"
STU12212,21,Male,B.Tech,2024,Regional Tech Institute (Tier 3),Data Science & Artificial Intelligence,TensorFlow Developer Certificate; AWS Certified Solutions Architect,AWS; NPTEL,2,FinTech Solutions,Cloud & DevOps,2,2,Both (Hybrid),64,65,7.9,Placed,12.8,Internship Conversion,39,"Data Analysis, React, Kubernetes, Communication, Tableau, Java, AWS, System Design, Power BI, Python"
STU12213,25,Female,BCA,2024,Regional Tech Institute (Tier 3),Computer Science & Engineering,None,None,0,None,None,0,0,Neither,25,45,3.3,Placed,4.97,On-Campus / Off-Campus Placement,129,"Tableau, Docker, Java"
STU12214,23,Male,B.Tech,2024,Apex Institute of Technology (Tier 2),Data Science & Artificial Intelligence,NPTEL Cloud Computing & Distributed Systems; Docker & Kubernetes Developer Cert,IBM; Coursera,2,CyberGuard Analytics,Cyber Security,3,1,Both (Hybrid),55,77,7.1,Placed,11.18,On-Campus / Off-Campus Placement,64,"Python, AWS, SQL, System Design, Docker, Problem Solving, React, Data Analysis"
STU12215,22,Male,BCA,2024,State Tech University (Tier 2),Computer Science & Engineering,Coursera Machine Learning Specialization,Google Cloud,1,None,None,0,0,Certification Only,36,67,5.0,Unplaced,0.0,Not Converted,-1,"SQL, Machine Learning, Power BI"
STU12216,23,Female,BCA,2024,State Tech University (Tier 2),Business Analytics,None,None,0,DataMetrics Labs,Artificial Intelligence / ML,12,1,Internship Only,92,52,8.6,Placed,13.08,Direct PPO (Pre-Placement Offer),48,"Data Analysis, Problem Solving, Communication, Java, Python"
STU12217,22,Non-Binary,B.Sc (CS/IT),2024,Apex Institute of Technology (Tier 2),Business Analytics,Coursera Machine Learning Specialization; Microsoft Certified: Azure Developer; Docker & Kubernetes Developer Cert,Google Cloud; NPTEL; Microsoft Azure,3,Amazon AWS,Data Science & Analytics,6,1,Both (Hybrid),65,82,8.3,Placed,14.48,Direct PPO (Pre-Placement Offer),35,"Tableau, Python, Kubernetes, Git, AWS, Java, Docker, SQL, Problem Solving, Power BI"
STU12218,24,Male,MBA (Tech & Analytics),2023,IIT / NIT Group (Tier 1),Computer Science & Engineering,TensorFlow Developer Certificate; AWS Certified Solutions Architect,Coursera; Meta,2,None,None,0,0,Certification Only,45,77,5.4,Placed,10.06,On-Campus / Off-Campus Placement,82,"Kubernetes, Python, AWS, Java, Data Analysis"
STU12219,21,Female,M.Tech,2025,State Tech University (Tier 2),Computer Science & Engineering,AWS Certified Solutions Architect,Google Cloud,1,InnovateTech Startup,Cloud & DevOps,3,1,Both (Hybrid),57,59,8.0,Placed,10.64,On-Campus / Off-Campus Placement,46,"Communication, Python, System Design, Kubernetes, Data Analysis, Git, AWS, Machine Learning"
STU12220,23,Male,MBA (Tech & Analytics),2025,IIT / NIT Group (Tier 1),Information Technology,None,None,0,Amazon AWS,Cyber Security,3,3,Internship Only,100,59,9.7,Placed,17.09,On-Campus / Off-Campus Placement,26,"Communication, Kubernetes, Tableau, Java, Machine Learning, SQL, Python, Data Analysis, Git, Power BI"
STU12221,22,Male,B.Tech,2024,IIT / NIT Group (Tier 1),Computer Science & Engineering,Meta Front-End Developer Specialization; IBM Data Science Professional,Udemy; NPTEL,2,InnovateTech Startup,Artificial Intelligence / ML,4,3,Both (Hybrid),100,83,10.0,Placed,19.59,Internship Conversion,8,"Docker, Python, Communication, Java, Git, Problem Solving, Kubernetes, Tableau, AWS, React"
STU12222,21,Male,B.Tech,2025,BITS & Top National Inst (Tier 1),Data Science & Artificial Intelligence,Google Professional Data Engineer; Coursera Machine Learning Specialization; NPTEL Cloud Computing & Distributed Systems,Coursera; Google Cloud; IBM,4,DataMetrics Labs,Data Science & Analytics,3,1,Both (Hybrid),62,100,8.5,Placed,14.63,On-Campus / Off-Campus Placement,73,"Python, Kubernetes, Tableau, React, Docker, Git, Java, SQL, Problem Solving, AWS"
STU12223,21,Male,B.Tech,2025,State Tech University (Tier 2),Computer Science & Engineering,Meta Front-End Developer Specialization; NPTEL Cloud Computing & Distributed Systems,IBM; Udemy,2,CyberGuard Analytics,Cloud & DevOps,6,1,Both (Hybrid),73,80,8.2,Placed,11.63,Direct PPO (Pre-Placement Offer),41,"System Design, Data Analysis, Power BI, Tableau, Problem Solving, Java, Git, AWS, React"
STU12224,21,Male,M.Tech,2023,Apex Institute of Technology (Tier 2),Business Analytics,AWS Certified Solutions Architect; Docker & Kubernetes Developer Cert; Coursera Machine Learning Specialization,NPTEL; AWS; Coursera,5,None,None,0,0,Certification Only,36,100,6.5,Placed,9.83,On-Campus / Off-Campus Placement,53,"SQL, Kubernetes, Tableau, Communication, Problem Solving, Data Analysis, Machine Learning, Power BI, Docker, System Design"
STU12225,22,Male,MBA (Tech & Analytics),2026,State Tech University (Tier 2),Electronics & Communication,None,None,0,None,None,0,0,Neither,41,43,4.2,Placed,7.15,On-Campus / Off-Campus Placement,96,"Tableau, Git, Problem Solving"
STU12226,22,Female,M.Tech,2025,State Tech University (Tier 2),Data Science & Artificial Intelligence,Meta Front-End Developer Specialization; Coursera Machine Learning Specialization,Microsoft Azure; AWS,2,Microsoft Tech,Cyber Security,3,2,Both (Hybrid),83,68,8.6,Placed,15.39,On-Campus / Off-Campus Placement,19,"Docker, Tableau, Power BI, Java, AWS, Kubernetes, Git, System Design, Communication, Data Analysis"
STU12227,22,Female,B.Tech,2024,IIT / NIT Group (Tier 1),Data Science & Artificial Intelligence,Certified Information Systems Security Professional (CISSP); NPTEL Cloud Computing & Distributed Systems; IBM Data Science Professional,Google Cloud; Meta; Udemy,3,Deloitte Consulting,Artificial Intelligence / ML,3,2,Both (Hybrid),87,89,9.6,Placed,16.96,On-Campus / Off-Campus Placement,5,"Data Analysis, SQL, Machine Learning, System Design, Tableau, Kubernetes, Docker, Python, AWS, React"
STU12228,22,Female,MBA (Tech & Analytics),2023,Apex Institute of Technology (Tier 2),Business Analytics,AWS Certified Solutions Architect; IBM Data Science Professional,NPTEL; Google Cloud,2,CyberGuard Analytics,Data Science & Analytics,2,2,Both (Hybrid),80,72,8.5,Placed,14.38,On-Campus / Off-Campus Placement,22,"SQL, Data Analysis, Communication, Tableau, Python, Docker, System Design, AWS, Java, Machine Learning"
STU12229,22,Male,B.Tech,2023,State Tech University (Tier 2),Business Analytics,None,None,0,CyberGuard Analytics,Artificial Intelligence / ML,3,3,Internship Only,98,39,9.8,Placed,15.59,Internship Conversion,10,"Problem Solving, Tableau, Python, Data Analysis, AWS, Docker, Java, Machine Learning, Git, Power BI"
STU12230,23,Male,B.Tech,2023,Apex Institute of Technology (Tier 2),Cyber Security,Microsoft Certified: Azure Developer; Certified Information Systems Security Professional (CISSP),IBM; AWS,2,Google India,Product & Business Analytics,9,3,Both (Hybrid),100,73,10.0,Placed,18.42,Internship Conversion,5,"Python, Tableau, Communication, Problem Solving, Kubernetes, Data Analysis, Docker, SQL, System Design, Git"
STU12231,21,Male,B.Tech,2025,Regional Tech Institute (Tier 3),Computer Science & Engineering,AWS Certified Solutions Architect; Coursera Machine Learning Specialization,NPTEL; Microsoft Azure,2,None,None,0,0,Certification Only,27,69,5.2,Unplaced,0.0,Not Converted,-1,"Tableau, Kubernetes, Java, SQL, Power BI"
STU12232,24,Female,B.Tech,2024,IIT / NIT Group (Tier 1),Computer Science & Engineering,Docker & Kubernetes Developer Cert; AWS Certified Solutions Architect,Meta; Microsoft Azure,2,InnovateTech Startup,Data Science & Analytics,4,3,Both (Hybrid),100,81,10.0,Placed,20.92,On-Campus / Off-Campus Placement,5,"Machine Learning, Java, Docker, React, Data Analysis, Git, Python, Problem Solving, Kubernetes, Communication"
STU12233,24,Female,BCA,2025,BITS & Top National Inst (Tier 1),Information Technology,Coursera Machine Learning Specialization; Microsoft Certified: Azure Developer; TensorFlow Developer Certificate,Google Cloud; Microsoft Azure; NPTEL,3,CyberGuard Analytics,Product & Business Analytics,2,1,Both (Hybrid),65,98,8.7,Placed,13.88,On-Campus / Off-Campus Placement,37,"Git, AWS, System Design, Kubernetes, Python, SQL, React, Problem Solving, Docker, Data Analysis"
STU12234,23,Male,B.Tech,2025,State Tech University (Tier 2),Data Science & Artificial Intelligence,TensorFlow Developer Certificate; Docker & Kubernetes Developer Cert; Microsoft Certified: Azure Developer,Coursera; Google Cloud; AWS,3,CyberGuard Analytics,Cloud & DevOps,2,2,Both (Hybrid),68,86,8.4,Placed,13.15,On-Campus / Off-Campus Placement,49,"Power BI, AWS, System Design, Tableau, Python, Kubernetes, Machine Learning, Git, SQL, Data Analysis"
STU12235,22,Male,B.Tech,2025,Regional Tech Institute (Tier 3),Computer Science & Engineering,Microsoft Certified: Azure Developer; Coursera Machine Learning Specialization,Coursera; Meta,2,Deloitte Consulting,Data Science & Analytics,3,1,Both (Hybrid),50,67,6.0,Placed,10.75,On-Campus / Off-Campus Placement,60,"Kubernetes, Tableau, Machine Learning, System Design, Python, Power BI, AWS, Java"
STU12236,24,Male,BCA,2025,Apex Institute of Technology (Tier 2),Computer Science & Engineering,IBM Data Science Professional,Google Cloud,1,Amazon AWS,Data Science & Analytics,3,1,Both (Hybrid),77,61,6.9,Placed,11.81,On-Campus / Off-Campus Placement,68,"Python, React, AWS, SQL, Communication, System Design, Problem Solving, Docker"
STU12237,21,Male,M.Tech,2023,City Engineering College (Tier 3),Business Analytics,Microsoft Certified: Azure Developer,Google Cloud,1,None,None,0,0,Certification Only,20,44,3.7,Placed,5.07,On-Campus / Off-Campus Placement,128,"Machine Learning, AWS, React, Data Analysis"
STU12238,21,Male,BCA,2024,State Tech University (Tier 2),Electronics & Communication,Coursera Machine Learning Specialization; TensorFlow Developer Certificate; AWS Certified Solutions Architect,Udemy; Google Cloud; Coursera,3,None,None,0,0,Certification Only,41,80,5.7,Placed,10.34,On-Campus / Off-Campus Placement,104,"Machine Learning, Docker, AWS, Java, Git, Data Analysis, Kubernetes"
STU12239,21,Female,B.Tech,2025,Regional Tech Institute (Tier 3),Data Science & Artificial Intelligence,Google Professional Data Engineer; AWS Certified Solutions Architect; Coursera Machine Learning Specialization,NPTEL; Coursera; Meta,4,Microsoft Tech,Artificial Intelligence / ML,2,2,Both (Hybrid),73,89,9.0,Placed,12.5,Internship Conversion,13,"Power BI, Kubernetes, Machine Learning, Tableau, Python, Git, Communication, Problem Solving, AWS, SQL"
STU12240,23,Female,B.Sc (CS/IT),2023,IIT / NIT Group (Tier 1),Business Analytics,None,None,0,FinTech Solutions,Product & Business Analytics,14,3,Internship Only,100,62,10.0,Placed,23.93,Direct PPO (Pre-Placement Offer),5,"Tableau, AWS, SQL, Kubernetes, Machine Learning, Problem Solving, React, Power BI, Git, Python"
STU12241,21,Male,M.Tech,2023,IIT / NIT Group (Tier 1),Data Science & Artificial Intelligence,Google Professional Data Engineer; Microsoft Certified: Azure Developer,IBM; Udemy,2,None,None,0,0,Certification Only,45,86,5.6,Unplaced,0.0,Not Converted,-1,"Java, AWS, Communication, Git, Machine Learning, Docker"
STU12242,22,Male,B.Tech,2026,City Engineering College (Tier 3),Electronics & Communication,Certified Information Systems Security Professional (CISSP),IBM,1,None,None,0,0,Certification Only,33,44,3.2,Unplaced,0.0,Not Converted,-1,"SQL, Communication, Kubernetes, AWS"
STU12243,25,Non-Binary,BCA,2025,Regional Tech Institute (Tier 3),Data Science & Artificial Intelligence,Certified Information Systems Security Professional (CISSP),Coursera,1,None,None,0,0,Certification Only,27,57,3.4,Unplaced,0.0,Not Converted,-1,"Git, System Design, Kubernetes, Java, Problem Solving"
STU12244,24,Male,B.Tech,2024,IIT / NIT Group (Tier 1),Computer Science & Engineering,AWS Certified Solutions Architect; Google Professional Data Engineer,IBM; Google Cloud,2,None,None,0,0,Certification Only,48,76,5.6,Placed,11.45,On-Campus / Off-Campus Placement,104,"Java, AWS, Docker, Git, Machine Learning"
STU12245,22,Male,B.Tech,2025,IIT / NIT Group (Tier 1),Data Science & Artificial Intelligence,TensorFlow Developer Certificate; Certified Information Systems Security Professional (CISSP),Meta; IBM,2,InnovateTech Startup,Software Engineering,6,1,Both (Hybrid),73,87,8.2,Placed,15.95,On-Campus / Off-Campus Placement,30,"Kubernetes, Python, Communication, Git, Problem Solving, Power BI, System Design, Data Analysis, Tableau, Machine Learning"
STU12246,21,Male,BCA,2025,IIT / NIT Group (Tier 1),Data Science & Artificial Intelligence,None,None,0,None,None,0,0,Neither,50,54,4.8,Placed,9.46,On-Campus / Off-Campus Placement,112,"React, Kubernetes, Problem Solving"
STU12247,23,Male,M.Tech,2024,IIT / NIT Group (Tier 1),Data Science & Artificial Intelligence,Microsoft Certified: Azure Developer; Certified Information Systems Security Professional (CISSP); AWS Certified Solutions Architect,IBM; Google Cloud; NPTEL,3,None,None,0,0,Certification Only,49,90,5.7,Placed,11.43,On-Campus / Off-Campus Placement,74,"System Design, Kubernetes, Java, Docker, Machine Learning, Python, Power BI"
STU12248,22,Male,B.Tech,2023,BITS & Top National Inst (Tier 1),Computer Science & Engineering,AWS Certified Solutions Architect; NPTEL Cloud Computing & Distributed Systems; Coursera Machine Learning Specialization,Udemy; Meta; Microsoft Azure,3,FinTech Solutions,Artificial Intelligence / ML,9,3,Both (Hybrid),100,82,10.0,Placed,25.05,Direct PPO (Pre-Placement Offer),5,"Java, Power BI, Machine Learning, SQL, Tableau, Data Analysis, Kubernetes, Python, AWS, React"
STU12249,21,Female,B.Sc (CS/IT),2026,Regional Tech Institute (Tier 3),Cyber Security,Google Professional Data Engineer; AWS Certified Solutions Architect; TensorFlow Developer Certificate,Coursera; AWS; Udemy,4,Amazon AWS,Data Science & Analytics,2,2,Both (Hybrid),64,88,8.9,Placed,12.23,Internship Conversion,18,"Git, Communication, Data Analysis, Machine Learning, Kubernetes, Tableau, Docker, Java, React, Python"
STU12250,21,Male,M.Tech,2024,Apex Institute of Technology (Tier 2),Computer Science & Engineering,None,None,0,CyberGuard Analytics,Cloud & DevOps,3,1,Internship Only,63,47,6.1,Placed,10.84,On-Campus / Off-Campus Placement,92,"Java, System Design, Tableau, React"
STU12251,24,Male,M.Tech,2023,Apex Institute of Technology (Tier 2),Computer Science & Engineering,Microsoft Certified: Azure Developer; Google Professional Data Engineer,Google Cloud; AWS,2,Infosys Center,Software Engineering,9,3,Both (Hybrid),100,73,10.0,Placed,19.67,Internship Conversion,5,"Kubernetes, Docker, Problem Solving, Python, Tableau, Java, Machine Learning, System Design, Data Analysis, Power BI"
STU12252,23,Female,B.Tech,2024,Apex Institute of Technology (Tier 2),Data Science & Artificial Intelligence,TensorFlow Developer Certificate,Google Cloud,1,Microsoft Tech,Artificial Intelligence / ML,3,1,Both (Hybrid),73,50,6.6,Placed,10.43,Internship Conversion,67,"React, SQL, Kubernetes, Java, Data Analysis, Git, Communication"
STU12253,23,Male,M.Tech,2025,State Tech University (Tier 2),Data Science & Artificial Intelligence,Docker & Kubernetes Developer Cert,Udemy,1,CyberGuard Analytics,Cloud & DevOps,7,2,Both (Hybrid),95,55,9.0,Placed,13.89,On-Campus / Off-Campus Placement,14,"Docker, Java, Python, Communication, Problem Solving, Tableau, Machine Learning, Power BI, Data Analysis, React"
STU12254,24,Female,B.Tech,2024,Apex Institute of Technology (Tier 2),Data Science & Artificial Intelligence,NPTEL Cloud Computing & Distributed Systems; AWS Certified Solutions Architect,Meta; IBM,2,InnovateTech Startup,Cloud & DevOps,9,1,Both (Hybrid),79,80,8.7,Placed,15.1,Direct PPO (Pre-Placement Offer),22,"System Design, React, Java, Communication, Power BI, Python, Data Analysis, Kubernetes, Problem Solving, Machine Learning"
STU12255,22,Female,BCA,2024,Apex Institute of Technology (Tier 2),Electronics & Communication,Coursera Machine Learning Specialization; Microsoft Certified: Azure Developer; Meta Front-End Developer Specialization,IBM; NPTEL; Udemy,3,None,None,0,0,Certification Only,41,84,5.6,Placed,8.84,On-Campus / Off-Campus Placement,113,"Kubernetes, Data Analysis, Git, Problem Solving, System Design, React, Python, Java"
STU12256,22,Male,B.Tech,2024,State Tech University (Tier 2),Data Science & Artificial Intelligence,None,None,0,Infosys Center,Cloud & DevOps,6,1,Internship Only,69,42,7.5,Placed,13.63,Internship Conversion,84,"System Design, Java, Git, Python, Data Analysis"
STU12257,22,Female,B.Tech,2026,Apex Institute of Technology (Tier 2),Information Technology,Docker & Kubernetes Developer Cert; TensorFlow Developer Certificate; Microsoft Certified: Azure Developer,Coursera; Udemy; Microsoft Azure,4,Google India,Cloud & DevOps,3,3,Both (Hybrid),91,100,10.0,Placed,16.93,Internship Conversion,5,"Data Analysis, Git, Machine Learning, Tableau, SQL, Docker, Communication, AWS, Java, Power BI"
STU12258,22,Male,B.Sc (CS/IT),2023,State Tech University (Tier 2),Information Technology,Meta Front-End Developer Specialization; Microsoft Certified: Azure Developer; AWS Certified Solutions Architect,Microsoft Azure; Coursera; Udemy,3,None,None,0,0,Certification Only,35,77,5.3,Placed,7.89,On-Campus / Off-Campus Placement,89,"Java, Power BI, Python, Data Analysis, Machine Learning, React, SQL"
STU12259,22,Non-Binary,B.Tech,2025,City Engineering College (Tier 3),Computer Science & Engineering,NPTEL Cloud Computing & Distributed Systems; Google Professional Data Engineer; IBM Data Science Professional,Google Cloud; AWS; Microsoft Azure,3,None,None,0,0,Certification Only,20,78,5.0,Unplaced,0.0,Not Converted,-1,"Machine Learning, Tableau, React, SQL, AWS, System Design, Data Analysis"
STU12260,23,Male,B.Tech,2026,Regional Tech Institute (Tier 3),Data Science & Artificial Intelligence,Microsoft Certified: Azure Developer; Certified Information Systems Security Professional (CISSP); AWS Certified Solutions Architect,Coursera; IBM; AWS,3,Microsoft Tech,Data Science & Analytics,4,3,Both (Hybrid),89,78,10.0,Placed,13.76,On-Campus / Off-Campus Placement,5,"Java, Data Analysis, Problem Solving, System Design, Power BI, Docker, Machine Learning, Tableau, AWS, React"
STU12261,22,Non-Binary,B.Tech,2023,State Tech University (Tier 2),Business Analytics,TensorFlow Developer Certificate,IBM,1,None,None,0,0,Certification Only,35,63,3.8,Unplaced,0.0,Not Converted,-1,"AWS, Data Analysis, Git"
STU12262,24,Female,BCA,2026,Apex Institute of Technology (Tier 2),Computer Science & Engineering,Meta Front-End Developer Specialization; NPTEL Cloud Computing & Distributed Systems; TensorFlow Developer Certificate,Google Cloud; NPTEL; Microsoft Azure,3,InnovateTech Startup,Software Engineering,3,1,Both (Hybrid),67,83,8.0,Placed,12.2,On-Campus / Off-Campus Placement,44,"Problem Solving, Power BI, Kubernetes, Data Analysis, SQL, Java, Docker, Machine Learning, Communication, React"
STU12263,22,Male,B.Tech,2026,IIT / NIT Group (Tier 1),Data Science & Artificial Intelligence,NPTEL Cloud Computing & Distributed Systems,IBM,1,CyberGuard Analytics,Cloud & DevOps,4,3,Both (Hybrid),96,55,10.0,Placed,18.28,On-Campus / Off-Campus Placement,5,"AWS, Java, Tableau, Python, Docker, Problem Solving, Git, Machine Learning, Power BI, Data Analysis"
STU12264,22,Female,B.Sc (CS/IT),2026,Apex Institute of Technology (Tier 2),Business Analytics,Docker & Kubernetes Developer Cert; TensorFlow Developer Certificate; Meta Front-End Developer Specialization,IBM; AWS; Meta,3,Infosys Center,Product & Business Analytics,4,3,Both (Hybrid),97,76,10.0,Placed,16.3,On-Campus / Off-Campus Placement,8,"Docker, Java, Python, Data Analysis, AWS, Communication, Machine Learning, Kubernetes, Tableau, System Design"
STU12265,22,Non-Binary,B.Tech,2024,State Tech University (Tier 2),Data Science & Artificial Intelligence,None,None,0,Infosys Center,Cloud & DevOps,4,3,Internship Only,98,48,10.0,Placed,16.53,Internship Conversion,5,"AWS, Problem Solving, React, Communication, Docker, Kubernetes, Data Analysis, Git, Machine Learning, Tableau"
STU12266,22,Female,B.Tech,2025,IIT / NIT Group (Tier 1),Data Science & Artificial Intelligence,NPTEL Cloud Computing & Distributed Systems,IBM,1,Infosys Center,Artificial Intelligence / ML,6,1,Both (Hybrid),91,54,7.6,Placed,14.88,Internship Conversion,83,"Docker, Data Analysis, AWS, Kubernetes, Problem Solving, Tableau"
STU12267,23,Male,B.Tech,2025,State Tech University (Tier 2),Cyber Security,NPTEL Cloud Computing & Distributed Systems; Coursera Machine Learning Specialization,Meta; Microsoft Azure,2,None,None,0,0,Certification Only,43,71,5.8,Placed,8.18,On-Campus / Off-Campus Placement,110,"Power BI, Tableau, Java, Git, Python, Kubernetes, AWS"
STU12268,21,Female,B.Tech,2026,Apex Institute of Technology (Tier 2),Computer Science & Engineering,Google Professional Data Engineer,Google Cloud,1,Amazon AWS,Product & Business Analytics,3,2,Both (Hybrid),88,55,8.5,Placed,13.94,On-Campus / Off-Campus Placement,41,"React, Java, Python, Git, AWS, Machine Learning, Problem Solving, Tableau, SQL, System Design"
STU12269,22,Male,B.Tech,2023,IIT / NIT Group (Tier 1),Computer Science & Engineering,Docker & Kubernetes Developer Cert,Meta,1,Amazon AWS,Software Engineering,3,2,Both (Hybrid),97,68,8.2,Placed,17.59,On-Campus / Off-Campus Placement,45,"Git, AWS, Communication, Tableau, SQL, Problem Solving, Docker, React, Java, Machine Learning"
STU12270,21,Male,B.Tech,2025,Regional Tech Institute (Tier 3),Electronics & Communication,TensorFlow Developer Certificate,Microsoft Azure,1,InnovateTech Startup,Data Science & Analytics,3,1,Both (Hybrid),52,54,5.4,Unplaced,0.0,Not Converted,-1,"Docker, Power BI, Problem Solving, Data Analysis, Communication, Tableau, System Design, Kubernetes"
STU12271,22,Male,MBA (Tech & Analytics),2024,IIT / NIT Group (Tier 1),Electronics & Communication,Meta Front-End Developer Specialization; Google Professional Data Engineer; AWS Certified Solutions Architect,Microsoft Azure; Udemy; NPTEL,3,Deloitte Consulting,Software Engineering,3,2,Both (Hybrid),84,99,9.9,Placed,15.47,Internship Conversion,46,"Docker, System Design, Power BI, Git, Communication, AWS, Problem Solving, Java, Python, Machine Learning"
STU12272,22,Male,BCA,2023,Regional Tech Institute (Tier 3),Data Science & Artificial Intelligence,Google Professional Data Engineer; Certified Information Systems Security Professional (CISSP),IBM; Google Cloud,2,DataMetrics Labs,Cloud & DevOps,9,3,Both (Hybrid),98,57,10.0,Placed,18.44,Internship Conversion,5,"Docker, Machine Learning, Git, Tableau, Communication, Java, Kubernetes, System Design, React, Python"
STU12273,23,Female,B.Tech,2024,Apex Institute of Technology (Tier 2),Data Science & Artificial Intelligence,IBM Data Science Professional,AWS,1,Google India,Cyber Security,11,2,Both (Hybrid),85,55,9.4,Placed,17.07,Direct PPO (Pre-Placement Offer),5,"React, Tableau, Kubernetes, Problem Solving, Java, Python, Communication, System Design, SQL, Git"
STU12274,25,Male,B.Tech,2025,State Tech University (Tier 2),Electronics & Communication,Microsoft Certified: Azure Developer,Coursera,1,None,None,0,0,Certification Only,31,54,5.1,Unplaced,0.0,Not Converted,-1,"System Design, Communication, SQL, Git, Power BI"
STU12275,22,Female,M.Tech,2024,State Tech University (Tier 2),Information Technology,AWS Certified Solutions Architect,AWS,1,None,None,0,0,Certification Only,35,69,3.9,Placed,9.78,On-Campus / Off-Campus Placement,96,"Tableau, Machine Learning, Java, System Design"
STU12276,23,Male,B.Tech,2025,Apex Institute of Technology (Tier 2),Computer Science & Engineering,Coursera Machine Learning Specialization; Meta Front-End Developer Specialization,Microsoft Azure; AWS,2,InnovateTech Startup,Cyber Security,2,1,Both (Hybrid),66,56,7.0,Placed,10.39,On-Campus / Off-Campus Placement,61,"Communication, Power BI, Tableau, React, Kubernetes, Machine Learning, System Design, AWS"
STU12277,22,Male,B.Tech,2026,Apex Institute of Technology (Tier 2),Computer Science & Engineering,AWS Certified Solutions Architect; Microsoft Certified: Azure Developer,Udemy; Coursera,2,Google India,Product & Business Analytics,2,1,Both (Hybrid),54,78,6.9,Placed,11.35,Internship Conversion,63,"Java, Tableau, SQL, Communication, Problem Solving, Power BI, Python, Git"
STU12278,22,Male,B.Sc (CS/IT),2024,Apex Institute of Technology (Tier 2),Data Science & Artificial Intelligence,None,None,0,None,None,0,0,Neither,39,54,4.7,Placed,7.03,On-Campus / Off-Campus Placement,119,"AWS, Tableau, SQL"
STU12279,21,Male,BCA,2025,State Tech University (Tier 2),Electronics & Communication,Docker & Kubernetes Developer Cert,AWS,1,Amazon AWS,Product & Business Analytics,12,1,Both (Hybrid),83,57,9.6,Placed,16.05,Direct PPO (Pre-Placement Offer),43,"Python, AWS, Docker, Problem Solving, Data Analysis, Power BI, Communication, Tableau"
STU12280,22,Male,BCA,2024,State Tech University (Tier 2),Business Analytics,AWS Certified Solutions Architect,AWS,1,DataMetrics Labs,Data Science & Analytics,7,2,Both (Hybrid),93,54,8.8,Placed,15.95,On-Campus / Off-Campus Placement,27,"Java, React, Power BI, Git, Data Analysis, System Design, Kubernetes, Docker, Communication, Tableau"
STU12281,22,Male,B.Tech,2024,Regional Tech Institute (Tier 3),Cyber Security,Coursera Machine Learning Specialization,Meta,1,Amazon AWS,Cyber Security,11,2,Both (Hybrid),100,51,10.0,Placed,12.61,Direct PPO (Pre-Placement Offer),29,"Tableau, Problem Solving, Kubernetes, AWS, Java, Power BI, Python, Docker, Git, Machine Learning"
STU12282,22,Female,B.Tech,2025,BITS & Top National Inst (Tier 1),Business Analytics,Coursera Machine Learning Specialization,Google Cloud,1,None,None,0,0,Certification Only,44,77,4.9,Placed,9.66,On-Campus / Off-Campus Placement,92,"Communication, Problem Solving, Kubernetes, Power BI"
STU12283,21,Male,BCA,2026,State Tech University (Tier 2),Data Science & Artificial Intelligence,IBM Data Science Professional; NPTEL Cloud Computing & Distributed Systems; AWS Certified Solutions Architect,Meta; Udemy; IBM,3,Deloitte Consulting,Software Engineering,3,1,Both (Hybrid),67,90,7.9,Placed,11.98,Internship Conversion,58,"SQL, Machine Learning, Docker, Communication, Data Analysis, Power BI, AWS, Tableau, System Design, Git"
STU12284,21,Male,B.Tech,2025,State Tech University (Tier 2),Data Science & Artificial Intelligence,NPTEL Cloud Computing & Distributed Systems,NPTEL,1,None,None,0,0,Certification Only,40,61,3.8,Placed,9.48,On-Campus / Off-Campus Placement,136,"Docker, Python, Java, Kubernetes, React"
STU12285,22,Male,BCA,2025,Apex Institute of Technology (Tier 2),Electronics & Communication,Google Professional Data Engineer; Certified Information Systems Security Professional (CISSP),AWS; Meta,2,InnovateTech Startup,Cloud & DevOps,3,1,Both (Hybrid),56,69,6.2,Placed,13.0,On-Campus / Off-Campus Placement,47,"Docker, Git, Java, AWS, Machine Learning, React, Tableau, Data Analysis, Communication, System Design"
STU12286,25,Female,BCA,2023,Apex Institute of Technology (Tier 2),Information Technology,Microsoft Certified: Azure Developer; AWS Certified Solutions Architect,Google Cloud; Udemy,2,DataMetrics Labs,Cyber Security,6,1,Both (Hybrid),70,64,8.1,Placed,12.87,Direct PPO (Pre-Placement Offer),25,"Kubernetes, Python, Java, Data Analysis, AWS, Docker, System Design, Problem Solving, Machine Learning"
STU12287,22,Female,B.Tech,2024,State Tech University (Tier 2),Data Science & Artificial Intelligence,TensorFlow Developer Certificate,AWS,1,DataMetrics Labs,Software Engineering,12,1,Both (Hybrid),86,68,9.6,Placed,16.11,Direct PPO (Pre-Placement Offer),46,"Data Analysis, Git, SQL, Problem Solving, Tableau, Power BI, Communication"
STU12288,22,Male,MBA (Tech & Analytics),2025,IIT / NIT Group (Tier 1),Computer Science & Engineering,Certified Information Systems Security Professional (CISSP); Coursera Machine Learning Specialization,Microsoft Azure; AWS,2,TCS Innovation Labs,Artificial Intelligence / ML,2,1,Both (Hybrid),68,77,7.8,Placed,14.6,Internship Conversion,48,"React, Docker, Tableau, Java, Power BI, Python, Communication, AWS, Data Analysis, SQL"
STU12289,21,Male,B.Sc (CS/IT),2023,IIT / NIT Group (Tier 1),Business Analytics,Coursera Machine Learning Specialization; Meta Front-End Developer Specialization,Microsoft Azure; AWS,2,None,None,0,0,Certification Only,46,85,5.2,Placed,10.36,On-Campus / Off-Campus Placement,96,"Data Analysis, SQL, Python, Communication, Kubernetes, React, Docker"
STU12290,22,Male,B.Sc (CS/IT),2024,State Tech University (Tier 2),Data Science & Artificial Intelligence,AWS Certified Solutions Architect,IBM,1,Microsoft Tech,Product & Business Analytics,2,2,Both (Hybrid),79,58,7.6,Placed,13.36,On-Campus / Off-Campus Placement,47,"Git, Problem Solving, Kubernetes, Machine Learning, Communication, SQL, Data Analysis, System Design, React, Python"
STU12291,22,Female,B.Tech,2025,State Tech University (Tier 2),Data Science & Artificial Intelligence,Coursera Machine Learning Specialization; Docker & Kubernetes Developer Cert; AWS Certified Solutions Architect,IBM; Udemy; Meta,3,None,None,0,0,Certification Only,35,89,4.4,Placed,9.86,On-Campus / Off-Campus Placement,94,"Python, Data Analysis, Git, Problem Solving, Kubernetes, System Design, SQL, Power BI"
STU12292,21,Male,B.Tech,2023,Regional Tech Institute (Tier 3),Information Technology,Certified Information Systems Security Professional (CISSP),IBM,1,Amazon AWS,Artificial Intelligence / ML,3,2,Both (Hybrid),73,41,8.2,Placed,12.41,Internship Conversion,54,"Machine Learning, Kubernetes, Git, System Design, Tableau, Java, Problem Solving, Docker, Data Analysis, AWS"
STU12293,22,Male,B.Tech,2024,State Tech University (Tier 2),Information Technology,IBM Data Science Professional; Google Professional Data Engineer; NPTEL Cloud Computing & Distributed Systems,Meta; NPTEL; Udemy,3,None,None,0,0,Certification Only,36,91,4.9,Placed,9.13,On-Campus / Off-Campus Placement,96,"Docker, SQL, Git, Machine Learning, Data Analysis, AWS, Kubernetes"
STU12294,21,Male,B.Tech,2025,State Tech University (Tier 2),Computer Science & Engineering,Google Professional Data Engineer; Certified Information Systems Security Professional (CISSP),AWS; IBM,2,None,None,0,0,Certification Only,34,68,5.1,Placed,8.17,On-Campus / Off-Campus Placement,118,"SQL, Communication, Problem Solving, AWS, Python"
STU12295,21,Male,MBA (Tech & Analytics),2025,City Engineering College (Tier 3),Electronics & Communication,Certified Information Systems Security Professional (CISSP); Meta Front-End Developer Specialization,NPTEL; Microsoft Azure,2,Infosys Center,Cloud & DevOps,2,1,Both (Hybrid),55,59,7.0,Placed,10.91,Internship Conversion,80,"SQL, Docker, AWS, Data Analysis, Git, Tableau, Power BI, Python"
STU12296,21,Male,B.Tech,2026,State Tech University (Tier 2),Computer Science & Engineering,Certified Information Systems Security Professional (CISSP); Microsoft Certified: Azure Developer; TensorFlow Developer Certificate,NPTEL; Udemy; Microsoft Azure,3,CyberGuard Analytics,Cloud & DevOps,3,2,Both (Hybrid),79,80,9.3,Placed,12.39,On-Campus / Off-Campus Placement,45,"Tableau, Docker, SQL, Java, Python, Git, React, Problem Solving, Machine Learning, Data Analysis"
STU12297,21,Female,B.Tech,2025,Apex Institute of Technology (Tier 2),Computer Science & Engineering,Coursera Machine Learning Specialization; TensorFlow Developer Certificate; AWS Certified Solutions Architect,Coursera; Google Cloud; Udemy,3,None,None,0,0,Certification Only,39,77,4.9,Placed,6.02,On-Campus / Off-Campus Placement,62,"Python, Power BI, Git, SQL, Docker, Machine Learning, Java"
STU12298,21,Male,B.Tech,2024,IIT / NIT Group (Tier 1),Data Science & Artificial Intelligence,Meta Front-End Developer Specialization; TensorFlow Developer Certificate,Coursera; AWS,2,Microsoft Tech,Artificial Intelligence / ML,9,3,Both (Hybrid),100,74,10.0,Placed,24.49,Direct PPO (Pre-Placement Offer),5,"Kubernetes, AWS, Data Analysis, Git, Machine Learning, Tableau, Python, React, SQL, Java"
STU12299,22,Female,BCA,2026,State Tech University (Tier 2),Information Technology,Docker & Kubernetes Developer Cert; Microsoft Certified: Azure Developer; IBM Data Science Professional,Google Cloud; Microsoft Azure; Meta,3,Microsoft Tech,Software Engineering,2,2,Both (Hybrid),84,87,7.9,Placed,13.99,On-Campus / Off-Campus Placement,25,"Kubernetes, Machine Learning, Power BI, Docker, Git, AWS, Communication, React, Data Analysis, System Design"
STU12300,23,Male,B.Tech,2025,Regional Tech Institute (Tier 3),Cyber Security,TensorFlow Developer Certificate,Meta,1,DataMetrics Labs,Product & Business Analytics,11,2,Both (Hybrid),95,56,10.0,Placed,15.11,Direct PPO (Pre-Placement Offer),5,"Docker, Problem Solving, React, Power BI, System Design, SQL, Machine Learning, Communication, Git, Tableau"
STU12301,22,Male,B.Tech,2024,Apex Institute of Technology (Tier 2),Electronics & Communication,NPTEL Cloud Computing & Distributed Systems; AWS Certified Solutions Architect,Google Cloud; Udemy,2,TCS Innovation Labs,Artificial Intelligence / ML,2,1,Both (Hybrid),57,65,7.5,Placed,13.24,On-Campus / Off-Campus Placement,70,"SQL, Git, System Design, Data Analysis, AWS, Power BI, Tableau, Python, Java, Kubernetes"
STU12302,22,Female,B.Tech,2023,State Tech University (Tier 2),Business Analytics,None,None,0,CyberGuard Analytics,Cloud & DevOps,9,3,Internship Only,100,53,10.0,Placed,16.41,Direct PPO (Pre-Placement Offer),5,"Java, Power BI, Docker, Communication, Git, SQL, System Design, Problem Solving, React, Data Analysis"
STU12303,22,Male,M.Tech,2025,Apex Institute of Technology (Tier 2),Computer Science & Engineering,None,None,0,Microsoft Tech,Cyber Security,6,1,Internship Only,73,37,8.0,Placed,12.22,On-Campus / Off-Campus Placement,67,"System Design, Machine Learning, SQL, Kubernetes"
STU12304,24,Female,B.Tech,2025,City Engineering College (Tier 3),Computer Science & Engineering,Coursera Machine Learning Specialization; Docker & Kubernetes Developer Cert; Google Professional Data Engineer,AWS; NPTEL; Google Cloud,3,Amazon AWS,Artificial Intelligence / ML,3,1,Both (Hybrid),65,81,7.0,Placed,8.57,On-Campus / Off-Campus Placement,66,"SQL, React, Power BI, Communication, Tableau, Problem Solving, Python, Git, Docker, Java"
STU12305,22,Female,M.Tech,2025,State Tech University (Tier 2),Data Science & Artificial Intelligence,None,None,0,Google India,Cloud & DevOps,2,1,Internship Only,57,41,6.3,Placed,10.03,On-Campus / Off-Campus Placement,90,"Data Analysis, Power BI, Python, SQL, Communication"
STU12306,21,Male,B.Sc (CS/IT),2025,State Tech University (Tier 2),Computer Science & Engineering,None,None,0,None,None,0,0,Neither,40,39,5.5,Placed,8.91,On-Campus / Off-Campus Placement,151,"Tableau, SQL"
STU12307,22,Female,B.Tech,2025,Regional Tech Institute (Tier 3),Electronics & Communication,TensorFlow Developer Certificate; AWS Certified Solutions Architect; NPTEL Cloud Computing & Distributed Systems,NPTEL; Coursera; IBM,3,Deloitte Consulting,Cloud & DevOps,9,1,Both (Hybrid),77,89,7.9,Placed,14.74,Direct PPO (Pre-Placement Offer),31,"Power BI, Git, Docker, React, Tableau, SQL, Communication, Kubernetes, Problem Solving, Data Analysis"
STU12308,21,Male,B.Sc (CS/IT),2026,BITS & Top National Inst (Tier 1),Information Technology,None,None,0,CyberGuard Analytics,Software Engineering,4,3,Internship Only,100,52,9.7,Placed,18.5,Internship Conversion,27,"Tableau, Java, Problem Solving, AWS, Communication, Docker, Data Analysis, System Design, SQL, Power BI"
STU12309,22,Female,B.Tech,2025,Apex Institute of Technology (Tier 2),Cyber Security,Microsoft Certified: Azure Developer,Meta,1,Infosys Center,Artificial Intelligence / ML,7,2,Both (Hybrid),89,69,9.5,Placed,14.33,On-Campus / Off-Campus Placement,5,"Machine Learning, React, System Design, Git, Docker, Data Analysis, SQL, Tableau, Power BI, Problem Solving"
STU12310,22,Male,MBA (Tech & Analytics),2023,Apex Institute of Technology (Tier 2),Computer Science & Engineering,Microsoft Certified: Azure Developer; Google Professional Data Engineer,Coursera; Udemy,2,Google India,Artificial Intelligence / ML,6,1,Both (Hybrid),59,71,8.2,Placed,13.75,Direct PPO (Pre-Placement Offer),63,"Docker, Java, Power BI, Tableau, SQL, Communication, AWS, Python, Kubernetes"
STU12311,24,Female,BCA,2025,Apex Institute of Technology (Tier 2),Data Science & Artificial Intelligence,NPTEL Cloud Computing & Distributed Systems; Certified Information Systems Security Professional (CISSP),Microsoft Azure; Google Cloud,2,Deloitte Consulting,Data Science & Analytics,3,1,Both (Hybrid),58,82,6.5,Placed,11.72,On-Campus / Off-Campus Placement,70,"React, Docker, Java, System Design, AWS, Communication, Machine Learning, Power BI"
STU12312,22,Male,B.Tech,2024,State Tech University (Tier 2),Data Science & Artificial Intelligence,Google Professional Data Engineer; TensorFlow Developer Certificate; Microsoft Certified: Azure Developer,Microsoft Azure; Coursera; AWS,3,CyberGuard Analytics,Software Engineering,2,2,Both (Hybrid),86,77,8.8,Placed,14.97,On-Campus / Off-Campus Placement,28,"Tableau, Docker, Data Analysis, Power BI, Problem Solving, Python, Machine Learning, React, System Design, Git"
STU12313,23,Male,B.Tech,2025,State Tech University (Tier 2),Computer Science & Engineering,NPTEL Cloud Computing & Distributed Systems; AWS Certified Solutions Architect,Udemy; AWS,2,Microsoft Tech,Software Engineering,2,1,Both (Hybrid),63,72,6.6,Placed,10.66,On-Campus / Off-Campus Placement,81,"Communication, Data Analysis, Tableau, System Design, Machine Learning, SQL, Docker, Git, React"
STU12314,25,Female,B.Tech,2026,Apex Institute of Technology (Tier 2),Data Science & Artificial Intelligence,Google Professional Data Engineer; TensorFlow Developer Certificate,AWS; Udemy,2,Deloitte Consulting,Cloud & DevOps,2,1,Both (Hybrid),57,79,7.1,Placed,8.98,On-Campus / Off-Campus Placement,42,"Git, Python, React, Problem Solving, AWS, SQL, Communication, Data Analysis, Power BI, Kubernetes"
STU12315,21,Female,MBA (Tech & Analytics),2025,BITS & Top National Inst (Tier 1),Data Science & Artificial Intelligence,NPTEL Cloud Computing & Distributed Systems; Docker & Kubernetes Developer Cert,Google Cloud; Microsoft Azure,2,InnovateTech Startup,Software Engineering,2,1,Both (Hybrid),73,73,7.6,Placed,13.81,On-Campus / Off-Campus Placement,58,"Machine Learning, System Design, Power BI, Communication, SQL, Java, Tableau, Data Analysis, AWS"
STU12316,22,Female,B.Tech,2025,State Tech University (Tier 2),Data Science & Artificial Intelligence,Certified Information Systems Security Professional (CISSP),Meta,1,None,None,0,0,Certification Only,43,58,4.7,Placed,7.08,On-Campus / Off-Campus Placement,105,"SQL, Communication, Power BI, Kubernetes, Python"
STU12317,22,Female,BCA,2024,BITS & Top National Inst (Tier 1),Data Science & Artificial Intelligence,TensorFlow Developer Certificate; Certified Information Systems Security Professional (CISSP),NPTEL; AWS,2,None,None,0,0,Certification Only,49,68,6.5,Placed,10.74,On-Campus / Off-Campus Placement,105,"SQL, Git, Docker, Data Analysis, Java, Problem Solving"
STU12318,22,Female,B.Tech,2024,IIT / NIT Group (Tier 1),Computer Science & Engineering,TensorFlow Developer Certificate; Coursera Machine Learning Specialization; Google Professional Data Engineer,AWS; Microsoft Azure; Coursera,3,FinTech Solutions,Product & Business Analytics,3,3,Both (Hybrid),100,99,10.0,Placed,19.26,On-Campus / Off-Campus Placement,5,"Git, Problem Solving, Kubernetes, Java, Python, System Design, React, Tableau, SQL, Data Analysis"
STU12319,22,Male,MBA (Tech & Analytics),2024,Regional Tech Institute (Tier 3),Data Science & Artificial Intelligence,NPTEL Cloud Computing & Distributed Systems,NPTEL,1,Deloitte Consulting,Cyber Security,14,3,Both (Hybrid),100,48,10.0,Placed,19.25,Internship Conversion,5,"Git, React, Kubernetes, Data Analysis, Python, SQL, AWS, Java, Tableau, System Design"
STU12320,24,Male,B.Tech,2025,State Tech University (Tier 2),Computer Science & Engineering,NPTEL Cloud Computing & Distributed Systems,Meta,1,Microsoft Tech,Software Engineering,2,1,Both (Hybrid),59,50,6.8,Placed,10.81,On-Campus / Off-Campus Placement,53,"Power BI, Tableau, AWS, Problem Solving, Communication, Java"
STU12321,23,Male,BCA,2025,Regional Tech Institute (Tier 3),Computer Science & Engineering,None,None,0,Amazon AWS,Product & Business Analytics,6,1,Internship Only,50,42,7.3,Placed,9.75,Internship Conversion,68,"Data Analysis, Java, Machine Learning, Kubernetes, Python"
STU12322,22,Male,B.Tech,2025,BITS & Top National Inst (Tier 1),Computer Science & Engineering,NPTEL Cloud Computing & Distributed Systems; Microsoft Certified: Azure Developer,Google Cloud; Microsoft Azure,2,Infosys Center,Software Engineering,15,2,Both (Hybrid),100,84,10.0,Placed,22.02,Direct PPO (Pre-Placement Offer),5,"Java, Machine Learning, Git, Python, Docker, Problem Solving, React, Kubernetes, AWS, Communication"
STU12323,22,Male,B.Sc (CS/IT),2023,Apex Institute of Technology (Tier 2),Computer Science & Engineering,None,None,0,Infosys Center,Artificial Intelligence / ML,7,2,Internship Only,93,52,8.5,Placed,14.85,On-Campus / Off-Campus Placement,24,"Power BI, Java, React, Git, System Design, Docker, Data Analysis, AWS"
STU12324,23,Female,B.Tech,2024,BITS & Top National Inst (Tier 1),Data Science & Artificial Intelligence,NPTEL Cloud Computing & Distributed Systems; TensorFlow Developer Certificate,NPTEL; IBM,2,None,None,0,0,Certification Only,40,66,5.1,Placed,11.07,On-Campus / Off-Campus Placement,83,"Power BI, Docker, React, SQL, AWS"
STU12325,25,Male,B.Tech,2025,Apex Institute of Technology (Tier 2),Computer Science & Engineering,AWS Certified Solutions Architect; IBM Data Science Professional; TensorFlow Developer Certificate,IBM; Udemy; AWS,3,DataMetrics Labs,Software Engineering,3,1,Both (Hybrid),58,98,7.4,Placed,13.36,Internship Conversion,73,"Java, System Design, Git, AWS, Problem Solving, Communication, SQL, Kubernetes, Machine Learning, Data Analysis"
STU12326,23,Female,B.Tech,2024,Apex Institute of Technology (Tier 2),Data Science & Artificial Intelligence,Certified Information Systems Security Professional (CISSP); Docker & Kubernetes Developer Cert,IBM; AWS,2,FinTech Solutions,Cyber Security,2,1,Both (Hybrid),62,65,6.6,Placed,10.34,Internship Conversion,52,"React, Java, Git, Problem Solving, Python, Machine Learning, Data Analysis, Tableau, Power BI, Docker"
STU12327,21,Male,B.Sc (CS/IT),2025,IIT / NIT Group (Tier 1),Information Technology,IBM Data Science Professional,AWS,1,Microsoft Tech,Cyber Security,3,3,Both (Hybrid),100,69,10.0,Placed,18.45,Internship Conversion,18,"Data Analysis, Tableau, Python, Git, System Design, React, Machine Learning, Java, Power BI, Docker"
STU12328,22,Male,B.Tech,2025,City Engineering College (Tier 3),Information Technology,IBM Data Science Professional; Coursera Machine Learning Specialization; Microsoft Certified: Azure Developer,Meta; IBM; NPTEL,3,CyberGuard Analytics,Product & Business Analytics,3,2,Both (Hybrid),66,71,8.2,Placed,12.01,On-Campus / Off-Campus Placement,19,"Kubernetes, Problem Solving, Communication, Power BI, Git, SQL, Data Analysis, Java, React, System Design"
STU12329,21,Male,BCA,2025,BITS & Top National Inst (Tier 1),Electronics & Communication,Coursera Machine Learning Specialization,Udemy,1,None,None,0,0,Certification Only,37,74,4.9,Placed,12.4,On-Campus / Off-Campus Placement,103,"Java, Python, AWS, System Design, Docker"
STU12330,22,Female,B.Tech,2024,Apex Institute of Technology (Tier 2),Data Science & Artificial Intelligence,IBM Data Science Professional; Coursera Machine Learning Specialization,Microsoft Azure; NPTEL,2,FinTech Solutions,Software Engineering,9,3,Both (Hybrid),100,62,10.0,Placed,18.28,Internship Conversion,5,"Docker, Git, Data Analysis, SQL, Python, Problem Solving, Machine Learning, Power BI, Kubernetes, System Design"
STU12331,21,Female,M.Tech,2026,Regional Tech Institute (Tier 3),Data Science & Artificial Intelligence,Google Professional Data Engineer; Certified Information Systems Security Professional (CISSP),IBM; AWS,2,TCS Innovation Labs,Cloud & DevOps,4,3,Both (Hybrid),84,55,9.6,Placed,16.76,On-Campus / Off-Campus Placement,5,"Problem Solving, Communication, AWS, SQL, React, Python, Docker, Java, Tableau, Power BI"
STU12332,22,Female,MBA (Tech & Analytics),2023,City Engineering College (Tier 3),Electronics & Communication,None,None,0,Amazon AWS,Cloud & DevOps,2,1,Internship Only,55,42,6.2,Placed,7.76,On-Campus / Off-Campus Placement,90,"Problem Solving, Communication, Tableau, Kubernetes"
STU12333,23,Male,BCA,2026,Regional Tech Institute (Tier 3),Data Science & Artificial Intelligence,Coursera Machine Learning Specialization; IBM Data Science Professional; Meta Front-End Developer Specialization,Udemy; Meta; Microsoft Azure,4,Amazon AWS,Data Science & Analytics,2,1,Both (Hybrid),61,100,6.2,Placed,11.12,On-Campus / Off-Campus Placement,57,"Machine Learning, Communication, Python, Problem Solving, Power BI, Git, Java, AWS, Data Analysis, System Design"
STU12334,21,Female,B.Tech,2023,State Tech University (Tier 2),Information Technology,TensorFlow Developer Certificate,AWS,1,Google India,Cloud & DevOps,2,2,Both (Hybrid),82,64,7.9,Placed,13.58,On-Campus / Off-Campus Placement,24,"Power BI, Docker, System Design, Machine Learning, SQL, React, Problem Solving, AWS, Python, Communication"
STU12335,22,Male,B.Tech,2023,IIT / NIT Group (Tier 1),Data Science & Artificial Intelligence,Google Professional Data Engineer; Meta Front-End Developer Specialization; Microsoft Certified: Azure Developer,NPTEL; Microsoft Azure; AWS,5,TCS Innovation Labs,Cloud & DevOps,3,2,Both (Hybrid),92,100,10.0,Placed,17.91,On-Campus / Off-Campus Placement,12,"Machine Learning, Python, System Design, Data Analysis, Problem Solving, Tableau, Java, SQL, Kubernetes, Git"
STU12336,22,Male,B.Tech,2026,BITS & Top National Inst (Tier 1),Data Science & Artificial Intelligence,None,None,0,Google India,Artificial Intelligence / ML,2,2,Internship Only,89,55,8.2,Placed,16.37,On-Campus / Off-Campus Placement,68,"Git, Java, Python, React, Machine Learning, Tableau, Data Analysis, System Design, Problem Solving"
STU12337,22,Male,B.Tech,2024,State Tech University (Tier 2),Electronics & Communication,Google Professional Data Engineer,Coursera,1,TCS Innovation Labs,Cloud & DevOps,2,1,Both (Hybrid),68,53,6.9,Placed,11.85,On-Campus / Off-Campus Placement,64,"AWS, Data Analysis, Docker, Kubernetes, Power BI, Python, Git, Tableau"
STU12338,21,Male,BCA,2025,Apex Institute of Technology (Tier 2),Computer Science & Engineering,None,None,0,Google India,Cloud & DevOps,4,3,Internship Only,94,43,9.5,Placed,17.38,Internship Conversion,9,"Communication, Power BI, System Design, Kubernetes, Python, SQL, Data Analysis, React, Java, Tableau"
STU12339,22,Male,BCA,2025,BITS & Top National Inst (Tier 1),Computer Science & Engineering,None,None,0,Deloitte Consulting,Artificial Intelligence / ML,2,1,Internship Only,67,50,7.1,Placed,12.1,On-Campus / Off-Campus Placement,71,"React, Docker, Java, Kubernetes"
STU12340,23,Female,MBA (Tech & Analytics),2026,Apex Institute of Technology (Tier 2),Computer Science & Engineering,Coursera Machine Learning Specialization; TensorFlow Developer Certificate,AWS; Coursera,2,None,None,0,0,Certification Only,31,77,5.2,Unplaced,0.0,Not Converted,-1,"SQL, Machine Learning, Communication, Kubernetes, Java, System Design"
STU12341,21,Female,B.Tech,2026,State Tech University (Tier 2),Data Science & Artificial Intelligence,NPTEL Cloud Computing & Distributed Systems; Coursera Machine Learning Specialization,NPTEL; Meta,2,None,None,0,0,Certification Only,34,72,5.0,Unplaced,0.0,Not Converted,-1,"SQL, Python, Docker, AWS, Data Analysis, System Design"
STU12342,21,Male,BCA,2024,State Tech University (Tier 2),Computer Science & Engineering,Meta Front-End Developer Specialization; Certified Information Systems Security Professional (CISSP); TensorFlow Developer Certificate,Meta; Google Cloud; IBM,3,None,None,0,0,Certification Only,45,89,5.2,Placed,8.19,On-Campus / Off-Campus Placement,82,"Communication, Docker, Problem Solving, Data Analysis, System Design, Python, SQL, Java"
STU12343,22,Male,B.Tech,2025,Apex Institute of Technology (Tier 2),Data Science & Artificial Intelligence,NPTEL Cloud Computing & Distributed Systems,Microsoft Azure,1,InnovateTech Startup,Cyber Security,3,1,Both (Hybrid),74,67,5.8,Placed,13.64,On-Campus / Off-Campus Placement,73,"Docker, Java, Tableau, Git, Communication, Machine Learning, AWS, Python"
STU12344,24,Male,BCA,2023,State Tech University (Tier 2),Electronics & Communication,IBM Data Science Professional,NPTEL,1,Deloitte Consulting,Product & Business Analytics,6,1,Both (Hybrid),77,56,6.9,Placed,13.52,Direct PPO (Pre-Placement Offer),79,"System Design, Docker, Communication, Git, Kubernetes, AWS, SQL, Problem Solving"
STU12345,23,Male,B.Tech,2024,City Engineering College (Tier 3),Electronics & Communication,Docker & Kubernetes Developer Cert; IBM Data Science Professional,Google Cloud; Meta,2,Infosys Center,Cyber Security,3,2,Both (Hybrid),76,56,7.6,Placed,10.08,On-Campus / Off-Campus Placement,32,"AWS, Machine Learning, Docker, System Design, Git, Tableau, Data Analysis, SQL, Kubernetes, Python"
STU12346,23,Female,B.Tech,2025,BITS & Top National Inst (Tier 1),Data Science & Artificial Intelligence,AWS Certified Solutions Architect,AWS,1,Deloitte Consulting,Product & Business Analytics,2,2,Both (Hybrid),85,81,7.9,Placed,17.28,Internship Conversion,57,"Kubernetes, Machine Learning, AWS, Tableau, Power BI, Problem Solving, React, System Design, SQL, Docker"
STU12347,22,Male,B.Tech,2024,Apex Institute of Technology (Tier 2),Cyber Security,TensorFlow Developer Certificate; Coursera Machine Learning Specialization,Udemy; Meta,2,InnovateTech Startup,Cloud & DevOps,3,2,Both (Hybrid),77,80,8.9,Placed,13.86,On-Campus / Off-Campus Placement,53,"System Design, SQL, Power BI, Kubernetes, Communication, Git, Problem Solving, Machine Learning, Data Analysis, Tableau"
STU12348,22,Female,B.Sc (CS/IT),2025,IIT / NIT Group (Tier 1),Data Science & Artificial Intelligence,Certified Information Systems Security Professional (CISSP); TensorFlow Developer Certificate,Meta; IBM,2,FinTech Solutions,Artificial Intelligence / ML,2,2,Both (Hybrid),90,80,8.5,Placed,17.82,Internship Conversion,30,"React, SQL, AWS, Docker, Problem Solving, Java, Data Analysis, Git, Communication, Power BI"
STU12349,21,Male,MBA (Tech & Analytics),2025,BITS & Top National Inst (Tier 1),Data Science & Artificial Intelligence,None,None,0,Microsoft Tech,Product & Business Analytics,2,1,Internship Only,81,59,7.0,Placed,12.85,On-Campus / Off-Campus Placement,75,"AWS, React, Kubernetes, Power BI, SQL"
STU12350,22,Non-Binary,B.Tech,2025,Apex Institute of Technology (Tier 2),Electronics & Communication,Microsoft Certified: Azure Developer; NPTEL Cloud Computing & Distributed Systems; Certified Information Systems Security Professional (CISSP),AWS; Microsoft Azure; Google Cloud,3,DataMetrics Labs,Product & Business Analytics,2,1,Both (Hybrid),64,74,7.4,Placed,12.32,Internship Conversion,78,"Problem Solving, Kubernetes, Power BI, Machine Learning, Python, React, Data Analysis, System Design, Docker, SQL"
STU12351,24,Male,B.Tech,2026,City Engineering College (Tier 3),Information Technology,AWS Certified Solutions Architect; Docker & Kubernetes Developer Cert,Udemy; AWS,2,InnovateTech Startup,Data Science & Analytics,2,1,Both (Hybrid),58,73,6.7,Placed,12.41,Internship Conversion,73,"Problem Solving, SQL, AWS, Communication, Tableau, Power BI, Docker, Data Analysis, Git, Kubernetes"
STU12352,22,Female,B.Tech,2023,State Tech University (Tier 2),Information Technology,Docker & Kubernetes Developer Cert; IBM Data Science Professional,NPTEL; IBM,2,None,None,0,0,Certification Only,34,65,6.3,Placed,10.23,On-Campus / Off-Campus Placement,103,"React, Power BI, Python, AWS, Problem Solving"
STU12353,24,Male,BCA,2025,State Tech University (Tier 2),Computer Science & Engineering,None,None,0,Amazon AWS,Software Engineering,3,3,Internship Only,100,46,9.4,Placed,12.96,Internship Conversion,24,"SQL, Power BI, System Design, Java, Docker, Problem Solving, Git, Python, Machine Learning, Kubernetes"
STU12354,23,Female,B.Tech,2026,State Tech University (Tier 2),Data Science & Artificial Intelligence,Docker & Kubernetes Developer Cert,NPTEL,1,TCS Innovation Labs,Data Science & Analytics,9,1,Both (Hybrid),77,50,7.8,Placed,14.99,Direct PPO (Pre-Placement Offer),52,"SQL, Problem Solving, Tableau, Data Analysis, Python, React"
STU12355,21,Male,B.Sc (CS/IT),2024,BITS & Top National Inst (Tier 1),Electronics & Communication,Google Professional Data Engineer,Meta,1,None,None,0,0,Certification Only,28,65,5.0,Placed,10.69,On-Campus / Off-Campus Placement,113,"SQL, React, Java"
STU12356,24,Male,MBA (Tech & Analytics),2023,City Engineering College (Tier 3),Data Science & Artificial Intelligence,NPTEL Cloud Computing & Distributed Systems,Microsoft Azure,1,None,None,0,0,Certification Only,20,58,3.3,Unplaced,0.0,Not Converted,-1,"System Design, Communication, React, Java, Python"
STU12357,21,Female,MBA (Tech & Analytics),2025,Apex Institute of Technology (Tier 2),Information Technology,AWS Certified Solutions Architect,IBM,1,Amazon AWS,Software Engineering,2,1,Both (Hybrid),61,60,6.4,Placed,12.57,Internship Conversion,66,"Machine Learning, Power BI, Python, Java, SQL, Data Analysis, Tableau, Communication"
STU12358,22,Female,B.Tech,2024,BITS & Top National Inst (Tier 1),Data Science & Artificial Intelligence,Certified Information Systems Security Professional (CISSP); Docker & Kubernetes Developer Cert; TensorFlow Developer Certificate,Udemy; IBM; Microsoft Azure,3,None,None,0,0,Certification Only,39,86,5.0,Placed,11.88,On-Campus / Off-Campus Placement,103,"Docker, React, Kubernetes, Problem Solving, Java, System Design, Machine Learning"
STU12359,21,Female,M.Tech,2023,State Tech University (Tier 2),Electronics & Communication,NPTEL Cloud Computing & Distributed Systems; Certified Information Systems Security Professional (CISSP),AWS; Google Cloud,2,DataMetrics Labs,Software Engineering,9,1,Both (Hybrid),74,69,8.8,Placed,14.36,Direct PPO (Pre-Placement Offer),47,"Tableau, Kubernetes, Java, Power BI, Problem Solving, Data Analysis, Git, SQL"
STU12360,21,Female,B.Sc (CS/IT),2025,Apex Institute of Technology (Tier 2),Computer Science & Engineering,Certified Information Systems Security Professional (CISSP); TensorFlow Developer Certificate,IBM; NPTEL,2,DataMetrics Labs,Cyber Security,3,2,Both (Hybrid),95,71,9.2,Placed,13.46,On-Campus / Off-Campus Placement,52,"Java, React, Python, Power BI, Data Analysis, Problem Solving, SQL, Git, Kubernetes, Docker"
STU12361,22,Female,B.Tech,2025,State Tech University (Tier 2),Data Science & Artificial Intelligence,Meta Front-End Developer Specialization,NPTEL,1,InnovateTech Startup,Software Engineering,4,3,Both (Hybrid),100,57,10.0,Placed,15.03,On-Campus / Off-Campus Placement,5,"React, Kubernetes, Git, SQL, System Design, Python, Docker, Data Analysis, AWS, Communication"
STU12362,22,Male,BCA,2026,Apex Institute of Technology (Tier 2),Computer Science & Engineering,IBM Data Science Professional; AWS Certified Solutions Architect; Coursera Machine Learning Specialization,Meta; Microsoft Azure; Coursera,4,DataMetrics Labs,Artificial Intelligence / ML,4,3,Both (Hybrid),100,94,10.0,Placed,15.77,On-Campus / Off-Campus Placement,6,"Machine Learning, SQL, AWS, Git, Power BI, Communication, Data Analysis, Tableau, Kubernetes, Docker"
STU12363,22,Male,B.Sc (CS/IT),2025,IIT / NIT Group (Tier 1),Information Technology,None,None,0,Google India,Product & Business Analytics,2,1,Internship Only,68,52,6.3,Placed,14.51,On-Campus / Off-Campus Placement,88,"Data Analysis, Kubernetes, Git, Power BI"
STU12364,22,Male,B.Tech,2025,Apex Institute of Technology (Tier 2),Information Technology,Google Professional Data Engineer; AWS Certified Solutions Architect; Certified Information Systems Security Professional (CISSP),IBM; Meta; NPTEL,3,TCS Innovation Labs,Data Science & Analytics,6,1,Both (Hybrid),72,80,8.3,Placed,11.81,Direct PPO (Pre-Placement Offer),38,"Tableau, System Design, Power BI, AWS, Docker, React, Python, SQL, Machine Learning, Java"
STU12365,21,Female,B.Tech,2023,BITS & Top National Inst (Tier 1),Computer Science & Engineering,IBM Data Science Professional; Google Professional Data Engineer; AWS Certified Solutions Architect,IBM; NPTEL; Udemy,4,InnovateTech Startup,Cloud & DevOps,9,3,Both (Hybrid),100,94,10.0,Placed,22.07,Direct PPO (Pre-Placement Offer),5,"Java, Data Analysis, Docker, Power BI, AWS, Communication, Problem Solving, Machine Learning, Git, React"
STU12366,21,Male,B.Tech,2024,City Engineering College (Tier 3),Information Technology,Meta Front-End Developer Specialization; Google Professional Data Engineer,Microsoft Azure; IBM,2,Google India,Artificial Intelligence / ML,15,2,Both (Hybrid),100,60,10.0,Placed,17.21,Internship Conversion,5,"Problem Solving, Data Analysis, Kubernetes, Communication, SQL, Python, Docker, Power BI, Machine Learning, Java"
STU12367,22,Male,BCA,2023,State Tech University (Tier 2),Data Science & Artificial Intelligence,Coursera Machine Learning Specialization; IBM Data Science Professional; AWS Certified Solutions Architect,Google Cloud; AWS; NPTEL,5,DataMetrics Labs,Software Engineering,2,1,Both (Hybrid),64,100,8.8,Placed,15.07,On-Campus / Off-Campus Placement,37,"Power BI, Docker, Git, AWS, Tableau, Kubernetes, System Design, Problem Solving, React, Python"
STU12368,22,Female,B.Tech,2026,State Tech University (Tier 2),Computer Science & Engineering,AWS Certified Solutions Architect; Google Professional Data Engineer,Microsoft Azure; Coursera,2,Amazon AWS,Software Engineering,15,2,Both (Hybrid),100,74,10.0,Placed,20.9,Direct PPO (Pre-Placement Offer),5,"Data Analysis, System Design, React, Java, Problem Solving, Communication, Power BI, Machine Learning, Kubernetes, Python"
STU12369,23,Female,M.Tech,2023,City Engineering College (Tier 3),Data Science & Artificial Intelligence,Google Professional Data Engineer,Microsoft Azure,1,Google India,Product & Business Analytics,2,1,Both (Hybrid),48,45,6.0,Placed,9.02,Internship Conversion,66,"Communication, Java, Data Analysis, SQL, Python, Kubernetes, Tableau"
STU12370,23,Male,BCA,2024,IIT / NIT Group (Tier 1),Computer Science & Engineering,Microsoft Certified: Azure Developer,Microsoft Azure,1,None,None,0,0,Certification Only,37,65,5.5,Unplaced,0.0,Not Converted,-1,"System Design, Java, Kubernetes, Machine Learning"
STU12371,23,Male,BCA,2025,State Tech University (Tier 2),Data Science & Artificial Intelligence,Docker & Kubernetes Developer Cert,IBM,1,Amazon AWS,Software Engineering,4,3,Both (Hybrid),97,67,10.0,Placed,17.06,On-Campus / Off-Campus Placement,5,"Machine Learning, Docker, Kubernetes, Data Analysis, Power BI, Tableau, Git, SQL, AWS, React"
STU12372,23,Male,B.Tech,2024,State Tech University (Tier 2),Data Science & Artificial Intelligence,None,None,0,Infosys Center,Software Engineering,12,1,Internship Only,94,49,7.9,Placed,15.92,Direct PPO (Pre-Placement Offer),30,"Data Analysis, Communication, Tableau, Java, Problem Solving"
STU12373,22,Male,BCA,2024,State Tech University (Tier 2),Information Technology,Docker & Kubernetes Developer Cert; IBM Data Science Professional,AWS; IBM,2,InnovateTech Startup,Cyber Security,15,2,Both (Hybrid),100,73,10.0,Placed,19.5,Direct PPO (Pre-Placement Offer),5,"Git, Kubernetes, Communication, Machine Learning, System Design, AWS, Problem Solving, Tableau, Power BI, React"
STU12374,23,Male,B.Tech,2025,City Engineering College (Tier 3),Electronics & Communication,Google Professional Data Engineer,Meta,1,TCS Innovation Labs,Product & Business Analytics,6,1,Both (Hybrid),65,63,7.3,Placed,9.01,On-Campus / Off-Campus Placement,62,"Python, AWS, Data Analysis, SQL, Problem Solving, Tableau, Power BI, Docker"
STU12375,22,Female,B.Tech,2023,Apex Institute of Technology (Tier 2),Information Technology,Certified Information Systems Security Professional (CISSP); Meta Front-End Developer Specialization; AWS Certified Solutions Architect,AWS; Microsoft Azure; NPTEL,3,None,None,0,0,Certification Only,40,85,5.5,Placed,9.81,On-Campus / Off-Campus Placement,120,"AWS, Python, Git, Data Analysis, React, Power BI, SQL"
STU12376,22,Female,BCA,2023,IIT / NIT Group (Tier 1),Computer Science & Engineering,TensorFlow Developer Certificate,Udemy,1,InnovateTech Startup,Data Science & Analytics,6,1,Both (Hybrid),77,82,8.2,Placed,12.48,Internship Conversion,56,"Communication, System Design, Machine Learning, Kubernetes, SQL, Problem Solving, React, Java"
STU12377,23,Female,B.Tech,2024,Apex Institute of Technology (Tier 2),Business Analytics,Certified Information Systems Security Professional (CISSP),AWS,1,None,None,0,0,Certification Only,43,56,4.6,Placed,7.57,On-Campus / Off-Campus Placement,111,"Problem Solving, Docker, Java, AWS, Communication"
STU12378,22,Male,BCA,2025,State Tech University (Tier 2),Information Technology,Docker & Kubernetes Developer Cert; AWS Certified Solutions Architect; TensorFlow Developer Certificate,IBM; Google Cloud; NPTEL,4,None,None,0,0,Certification Only,43,99,5.7,Placed,9.16,On-Campus / Off-Campus Placement,74,"Problem Solving, System Design, Git, Machine Learning, Power BI, Communication, Java, Python, React, Kubernetes"
STU12379,23,Female,B.Tech,2025,City Engineering College (Tier 3),Computer Science & Engineering,Google Professional Data Engineer,IBM,1,None,None,0,0,Certification Only,29,61,4.4,Placed,4.12,On-Campus / Off-Campus Placement,84,"Machine Learning, System Design, Problem Solving, AWS, Communication"
STU12380,23,Male,B.Tech,2024,State Tech University (Tier 2),Electronics & Communication,Coursera Machine Learning Specialization; AWS Certified Solutions Architect,Meta; Google Cloud,2,FinTech Solutions,Artificial Intelligence / ML,6,1,Both (Hybrid),71,76,8.7,Placed,12.47,Direct PPO (Pre-Placement Offer),60,"SQL, Docker, Python, Tableau, Machine Learning, React, Git, Problem Solving, Java"
STU12381,24,Male,B.Tech,2025,Apex Institute of Technology (Tier 2),Computer Science & Engineering,Meta Front-End Developer Specialization; Microsoft Certified: Azure Developer; NPTEL Cloud Computing & Distributed Systems,Meta; Google Cloud; IBM,3,Deloitte Consulting,Software Engineering,9,3,Both (Hybrid),100,93,10.0,Placed,19.24,Internship Conversion,5,"Python, React, Power BI, AWS, SQL, Machine Learning, Java, Problem Solving, Communication, Kubernetes"
STU12382,24,Female,MBA (Tech & Analytics),2024,State Tech University (Tier 2),Data Science & Artificial Intelligence,Google Professional Data Engineer,Meta,1,Infosys Center,Cloud & DevOps,3,2,Both (Hybrid),72,63,8.2,Placed,13.48,Internship Conversion,34,"Tableau, SQL, Python, Data Analysis, Communication, React, Problem Solving, Power BI, System Design"
STU12383,22,Male,BCA,2026,State Tech University (Tier 2),Data Science & Artificial Intelligence,TensorFlow Developer Certificate; Docker & Kubernetes Developer Cert,NPTEL; Udemy,2,None,None,0,0,Certification Only,32,76,4.9,Placed,9.59,On-Campus / Off-Campus Placement,123,"SQL, AWS, Problem Solving, Data Analysis, Kubernetes, React"
STU12384,22,Male,BCA,2023,State Tech University (Tier 2),Data Science & Artificial Intelligence,NPTEL Cloud Computing & Distributed Systems,Microsoft Azure,1,DataMetrics Labs,Product & Business Analytics,7,2,Both (Hybrid),81,60,9.1,Placed,15.03,Direct PPO (Pre-Placement Offer),57,"Power BI, Docker, Machine Learning, Kubernetes, Java, SQL, React, Problem Solving, Git, Tableau"
STU12385,22,Female,B.Tech,2025,BITS & Top National Inst (Tier 1),Business Analytics,Certified Information Systems Security Professional (CISSP); IBM Data Science Professional; TensorFlow Developer Certificate,AWS; Microsoft Azure; Meta,3,Google India,Software Engineering,2,1,Both (Hybrid),72,90,7.2,Placed,14.62,Internship Conversion,65,"SQL, Docker, System Design, React, Java, Tableau, Machine Learning, Power BI, Kubernetes, Git"
STU12386,22,Male,B.Tech,2026,Apex Institute of Technology (Tier 2),Data Science & Artificial Intelligence,Microsoft Certified: Azure Developer; Meta Front-End Developer Specialization,IBM; Udemy,2,Microsoft Tech,Product & Business Analytics,11,2,Both (Hybrid),96,73,10.0,Placed,18.82,Direct PPO (Pre-Placement Offer),8,"Machine Learning, Power BI, Kubernetes, Data Analysis, Python, Communication, SQL, React, Tableau, Docker"
STU12387,22,Female,MBA (Tech & Analytics),2025,State Tech University (Tier 2),Computer Science & Engineering,Docker & Kubernetes Developer Cert,IBM,1,None,None,0,0,Certification Only,39,58,4.9,Placed,10.22,On-Campus / Off-Campus Placement,101,"Docker, Kubernetes, Java"
STU12388,23,Male,B.Tech,2023,Regional Tech Institute (Tier 3),Business Analytics,AWS Certified Solutions Architect; Microsoft Certified: Azure Developer; Coursera Machine Learning Specialization,Meta; AWS; Google Cloud,3,TCS Innovation Labs,Software Engineering,6,1,Both (Hybrid),63,74,7.7,Placed,10.75,Direct PPO (Pre-Placement Offer),38,"Kubernetes, Tableau, Docker, Communication, Power BI, Python, AWS, System Design, React, Git"
STU12389,23,Female,B.Tech,2024,State Tech University (Tier 2),Business Analytics,IBM Data Science Professional,NPTEL,1,Infosys Center,Product & Business Analytics,3,2,Both (Hybrid),69,59,8.5,Placed,14.6,Internship Conversion,45,"AWS, Problem Solving, Python, Tableau, Data Analysis, Machine Learning, SQL, Power BI, Communication, Git"
STU12390,22,Male,BCA,2025,Apex Institute of Technology (Tier 2),Information Technology,Certified Information Systems Security Professional (CISSP); IBM Data Science Professional; Microsoft Certified: Azure Developer,Udemy; NPTEL; Meta,3,InnovateTech Startup,Artificial Intelligence / ML,3,1,Both (Hybrid),56,80,8.4,Placed,12.87,Internship Conversion,57,"Java, Machine Learning, Python, Docker, Problem Solving, Kubernetes, Communication, Power BI, SQL, Data Analysis"
STU12391,21,Male,B.Tech,2023,Regional Tech Institute (Tier 3),Data Science & Artificial Intelligence,Microsoft Certified: Azure Developer; Certified Information Systems Security Professional (CISSP); Meta Front-End Developer Specialization,NPTEL; Meta; Coursera,3,None,None,0,0,Certification Only,28,89,5.0,Placed,5.27,On-Campus / Off-Campus Placement,111,"Tableau, React, Git, Docker, System Design, Machine Learning, Kubernetes, Power BI"
STU12392,22,Female,B.Sc (CS/IT),2025,Apex Institute of Technology (Tier 2),Computer Science & Engineering,Coursera Machine Learning Specialization; NPTEL Cloud Computing & Distributed Systems; Google Professional Data Engineer,AWS; Google Cloud; Udemy,3,Google India,Artificial Intelligence / ML,3,1,Both (Hybrid),64,86,8.2,Placed,13.4,Internship Conversion,85,"Tableau, Docker, SQL, Machine Learning, Python, Data Analysis, Kubernetes, Power BI, AWS, Git"
STU12393,21,Male,BCA,2025,City Engineering College (Tier 3),Electronics & Communication,AWS Certified Solutions Architect; TensorFlow Developer Certificate; Certified Information Systems Security Professional (CISSP),Meta; NPTEL; IBM,3,None,None,0,0,Certification Only,41,83,4.9,Unplaced,0.0,Not Converted,-1,"Docker, Git, SQL, Problem Solving, React, Tableau, Kubernetes, Machine Learning"
STU12394,24,Male,B.Tech,2025,City Engineering College (Tier 3),Computer Science & Engineering,AWS Certified Solutions Architect,Microsoft Azure,1,Microsoft Tech,Software Engineering,7,2,Both (Hybrid),73,48,9.0,Placed,12.48,Direct PPO (Pre-Placement Offer),22,"Kubernetes, SQL, Java, Communication, Python, Power BI, Docker, Data Analysis, Problem Solving"
STU12395,22,Male,B.Tech,2023,State Tech University (Tier 2),Computer Science & Engineering,Coursera Machine Learning Specialization; Microsoft Certified: Azure Developer; Meta Front-End Developer Specialization,Coursera; AWS; Google Cloud,5,Deloitte Consulting,Software Engineering,4,3,Both (Hybrid),100,100,10.0,Placed,17.17,On-Campus / Off-Campus Placement,5,"Power BI, Data Analysis, SQL, React, AWS, Problem Solving, Tableau, Communication, Java, Machine Learning"
STU12396,21,Male,B.Tech,2025,Apex Institute of Technology (Tier 2),Data Science & Artificial Intelligence,TensorFlow Developer Certificate,IBM,1,Amazon AWS,Software Engineering,7,2,Both (Hybrid),85,60,10.0,Placed,14.98,On-Campus / Off-Campus Placement,14,"Power BI, SQL, Problem Solving, Data Analysis, Git, Docker, Java, System Design, AWS, Python"
STU12397,21,Male,M.Tech,2025,BITS & Top National Inst (Tier 1),Computer Science & Engineering,Docker & Kubernetes Developer Cert; AWS Certified Solutions Architect,IBM; Udemy,2,Amazon AWS,Product & Business Analytics,7,2,Both (Hybrid),99,67,10.0,Placed,19.31,Direct PPO (Pre-Placement Offer),5,"Data Analysis, Docker, Git, React, System Design, Machine Learning, AWS, Problem Solving, Java, Tableau"
STU12398,22,Male,BCA,2025,State Tech University (Tier 2),Computer Science & Engineering,None,None,0,FinTech Solutions,Artificial Intelligence / ML,3,2,Internship Only,75,48,9.4,Placed,12.34,On-Campus / Off-Campus Placement,62,"Communication, Docker, Tableau, Machine Learning, Problem Solving, Power BI, System Design, React, Git"
STU12399,22,Female,B.Tech,2023,BITS & Top National Inst (Tier 1),Data Science & Artificial Intelligence,IBM Data Science Professional; NPTEL Cloud Computing & Distributed Systems; Docker & Kubernetes Developer Cert,Coursera; Meta; Udemy,5,None,None,0,0,Certification Only,56,100,6.4,Placed,13.9,On-Campus / Off-Campus Placement,80,"Kubernetes, Java, Docker, Python, React, Data Analysis, System Design, SQL, Machine Learning, Power BI"
STU12400,22,Male,B.Tech,2023,Apex Institute of Technology (Tier 2),Computer Science & Engineering,NPTEL Cloud Computing & Distributed Systems; AWS Certified Solutions Architect,Coursera; AWS,2,None,None,0,0,Certification Only,36,75,4.8,Placed,7.62,On-Campus / Off-Campus Placement,96,"Machine Learning, Git, AWS, System Design, Tableau"
STU12401,21,Male,BCA,2024,State Tech University (Tier 2),Computer Science & Engineering,Certified Information Systems Security Professional (CISSP); AWS Certified Solutions Architect; TensorFlow Developer Certificate,NPTEL; Microsoft Azure; Coursera,3,DataMetrics Labs,Product & Business Analytics,9,1,Both (Hybrid),80,82,9.6,Placed,18.34,Internship Conversion,30,"Java, Kubernetes, AWS, Machine Learning, Power BI, Python, Docker, Communication, Data Analysis, System Design"
STU12402,22,Male,BCA,2023,State Tech University (Tier 2),Computer Science & Engineering,None,None,0,None,None,0,0,Neither,37,50,4.3,Placed,9.08,On-Campus / Off-Campus Placement,131,"SQL, Problem Solving"
STU12403,22,Male,B.Tech,2025,State Tech University (Tier 2),Computer Science & Engineering,Microsoft Certified: Azure Developer; Docker & Kubernetes Developer Cert; Google Professional Data Engineer,AWS; Google Cloud; Microsoft Azure,3,InnovateTech Startup,Product & Business Analytics,3,2,Both (Hybrid),68,82,9.4,Placed,14.9,On-Campus / Off-Campus Placement,51,"Power BI, Communication, Java, Machine Learning, SQL, Data Analysis, Tableau, Problem Solving, Git, Kubernetes"
STU12404,23,Female,B.Tech,2026,Regional Tech Institute (Tier 3),Information Technology,TensorFlow Developer Certificate; AWS Certified Solutions Architect; NPTEL Cloud Computing & Distributed Systems,IBM; Meta; Google Cloud,3,None,None,0,0,Certification Only,31,86,5.0,Placed,6.54,On-Campus / Off-Campus Placement,103,"Kubernetes, Docker, Java, Python, SQL, Tableau, Communication"
STU12405,22,Male,B.Tech,2024,IIT / NIT Group (Tier 1),Electronics & Communication,Coursera Machine Learning Specialization; Google Professional Data Engineer,AWS; Microsoft Azure,2,Microsoft Tech,Cloud & DevOps,3,1,Both (Hybrid),68,74,8.0,Placed,14.75,On-Campus / Off-Campus Placement,81,"Kubernetes, Docker, SQL, System Design, Tableau, Python, Power BI, Git, Java, Machine Learning"
STU12406,22,Female,BCA,2025,IIT / NIT Group (Tier 1),Data Science & Artificial Intelligence,AWS Certified Solutions Architect,NPTEL,1,DataMetrics Labs,Cloud & DevOps,12,1,Both (Hybrid),95,74,10.0,Placed,16.01,On-Campus / Off-Campus Placement,41,"Kubernetes, Python, Java, Data Analysis, System Design, React, Communication, Problem Solving"
STU12407,21,Male,MBA (Tech & Analytics),2023,BITS & Top National Inst (Tier 1),Data Science & Artificial Intelligence,TensorFlow Developer Certificate,Udemy,1,DataMetrics Labs,Data Science & Analytics,6,1,Both (Hybrid),77,67,7.9,Placed,15.22,Direct PPO (Pre-Placement Offer),91,"Machine Learning, Communication, System Design, Docker, AWS, React"
STU12408,25,Female,B.Tech,2023,Regional Tech Institute (Tier 3),Computer Science & Engineering,None,None,0,TCS Innovation Labs,Cyber Security,3,1,Internship Only,52,38,6.3,Placed,8.96,Internship Conversion,78,"Java, Python, Problem Solving, Git, SQL"
STU12409,22,Female,BCA,2023,Regional Tech Institute (Tier 3),Computer Science & Engineering,IBM Data Science Professional,NPTEL,1,DataMetrics Labs,Software Engineering,4,3,Both (Hybrid),91,44,9.4,Placed,15.9,On-Campus / Off-Campus Placement,11,"Data Analysis, Problem Solving, React, Tableau, Machine Learning, Kubernetes, Communication, SQL, Git, Docker"
STU12410,23,Female,B.Tech,2024,Apex Institute of Technology (Tier 2),Computer Science & Engineering,Coursera Machine Learning Specialization,Udemy,1,Google India,Cyber Security,2,1,Both (Hybrid),59,60,6.1,Placed,11.2,On-Campus / Off-Campus Placement,71,"Python, Tableau, Communication, Data Analysis, Machine Learning, Git"
STU12411,21,Female,B.Tech,2026,City Engineering College (Tier 3),Data Science & Artificial Intelligence,IBM Data Science Professional,IBM,1,FinTech Solutions,Cloud & DevOps,3,2,Both (Hybrid),62,59,7.4,Placed,11.0,Internship Conversion,37,"SQL, Data Analysis, Kubernetes, Power BI, Problem Solving, React, Python, AWS, Git, Tableau"
STU12412,22,Female,B.Tech,2023,BITS & Top National Inst (Tier 1),Information Technology,None,None,0,None,None,0,0,Neither,44,52,4.6,Placed,11.28,On-Campus / Off-Campus Placement,120,"Docker, SQL, AWS"
STU12413,21,Male,B.Sc (CS/IT),2025,Regional Tech Institute (Tier 3),Information Technology,Certified Information Systems Security Professional (CISSP),Google Cloud,1,None,None,0,0,Certification Only,29,60,3.5,Unplaced,0.0,Not Converted,-1,"AWS, Problem Solving, Tableau"
STU12414,22,Male,B.Tech,2024,BITS & Top National Inst (Tier 1),Data Science & Artificial Intelligence,None,None,0,None,None,0,0,Neither,59,60,4.4,Unplaced,0.0,Not Converted,-1,"Docker, Python, Power BI"
STU12415,25,Female,BCA,2026,IIT / NIT Group (Tier 1),Computer Science & Engineering,IBM Data Science Professional; Docker & Kubernetes Developer Cert; Certified Information Systems Security Professional (CISSP),Microsoft Azure; AWS; NPTEL,4,DataMetrics Labs,Product & Business Analytics,9,1,Both (Hybrid),79,97,10.0,Placed,17.32,Internship Conversion,19,"React, Python, Docker, Java, Data Analysis, Tableau, Kubernetes, SQL, Power BI, Problem Solving"
STU12416,22,Male,B.Tech,2023,IIT / NIT Group (Tier 1),Electronics & Communication,AWS Certified Solutions Architect; NPTEL Cloud Computing & Distributed Systems,AWS; NPTEL,2,CyberGuard Analytics,Cyber Security,3,1,Both (Hybrid),64,81,8.1,Placed,15.89,Internship Conversion,36,"System Design, AWS, Python, Java, Machine Learning, Docker, Data Analysis, Power BI"
STU12417,21,Male,B.Tech,2024,Apex Institute of Technology (Tier 2),Data Science & Artificial Intelligence,TensorFlow Developer Certificate,IBM,1,None,None,0,0,Certification Only,31,64,4.8,Placed,6.67,On-Campus / Off-Campus Placement,114,"Kubernetes, Machine Learning, Java"
STU12418,21,Female,B.Tech,2023,Apex Institute of Technology (Tier 2),Information Technology,Coursera Machine Learning Specialization; AWS Certified Solutions Architect,Google Cloud; Udemy,2,Infosys Center,Artificial Intelligence / ML,2,1,Both (Hybrid),61,71,7.5,Placed,12.16,On-Campus / Off-Campus Placement,55,"Kubernetes, Docker, Data Analysis, React, Machine Learning, AWS, Problem Solving, Communication, Python, Java"
STU12419,22,Male,B.Sc (CS/IT),2024,State Tech University (Tier 2),Data Science & Artificial Intelligence,Google Professional Data Engineer; Coursera Machine Learning Specialization,Microsoft Azure; IBM,2,None,None,0,0,Certification Only,44,68,5.0,Placed,8.02,On-Campus / Off-Campus Placement,99,"AWS, System Design, Data Analysis, Kubernetes, Machine Learning"
STU12420,21,Female,B.Tech,2024,Regional Tech Institute (Tier 3),Information Technology,Microsoft Certified: Azure Developer; AWS Certified Solutions Architect; Meta Front-End Developer Specialization,Coursera; Google Cloud; AWS,4,Infosys Center,Cyber Security,7,2,Both (Hybrid),79,90,9.7,Placed,15.52,On-Campus / Off-Campus Placement,5,"AWS, System Design, Problem Solving, Kubernetes, Machine Learning, Tableau, Power BI, SQL, Docker, Communication"
STU12421,21,Female,BCA,2026,State Tech University (Tier 2),Business Analytics,None,None,0,Amazon AWS,Cloud & DevOps,3,1,Internship Only,75,50,6.2,Placed,11.64,On-Campus / Off-Campus Placement,70,"Problem Solving, AWS, Kubernetes, SQL, Python"
STU12422,23,Female,B.Tech,2025,BITS & Top National Inst (Tier 1),Business Analytics,Meta Front-End Developer Specialization,IBM,1,CyberGuard Analytics,Artificial Intelligence / ML,3,2,Both (Hybrid),100,63,8.6,Placed,15.99,Internship Conversion,42,"Data Analysis, Communication, AWS, Kubernetes, Docker, SQL, Power BI, System Design, Tableau, React"
STU12423,22,Female,B.Tech,2025,State Tech University (Tier 2),Data Science & Artificial Intelligence,Google Professional Data Engineer; Microsoft Certified: Azure Developer; TensorFlow Developer Certificate,Udemy; Microsoft Azure; NPTEL,5,DataMetrics Labs,Data Science & Analytics,12,1,Both (Hybrid),86,95,9.5,Placed,18.69,Direct PPO (Pre-Placement Offer),5,"AWS, System Design, Git, Power BI, SQL, Python, Docker, Kubernetes, Java, Tableau"
STU12424,22,Male,B.Tech,2025,Apex Institute of Technology (Tier 2),Data Science & Artificial Intelligence,AWS Certified Solutions Architect,Coursera,1,Amazon AWS,Data Science & Analytics,9,1,Both (Hybrid),76,54,8.3,Placed,12.59,Direct PPO (Pre-Placement Offer),45,"Machine Learning, AWS, Tableau, Docker, Git, Communication, Java"
STU12425,24,Male,B.Tech,2023,City Engineering College (Tier 3),Computer Science & Engineering,None,None,0,InnovateTech Startup,Data Science & Analytics,6,1,Internship Only,58,35,6.1,Placed,8.6,Direct PPO (Pre-Placement Offer),83,"SQL, React, Java, Data Analysis"
STU12426,21,Male,B.Tech,2024,State Tech University (Tier 2),Business Analytics,None,None,0,None,None,0,0,Neither,52,49,4.3,Placed,6.99,On-Campus / Off-Campus Placement,129,"SQL, Problem Solving"
STU12427,25,Male,B.Tech,2026,Apex Institute of Technology (Tier 2),Data Science & Artificial Intelligence,None,None,0,Microsoft Tech,Cloud & DevOps,3,2,Internship Only,92,43,7.4,Placed,13.48,On-Campus / Off-Campus Placement,35,"Data Analysis, Git, Tableau, Java, Python, Docker, Power BI, Machine Learning, Communication"
STU12428,22,Female,BCA,2025,State Tech University (Tier 2),Computer Science & Engineering,NPTEL Cloud Computing & Distributed Systems; Microsoft Certified: Azure Developer; Coursera Machine Learning Specialization,NPTEL; Meta; Coursera,5,InnovateTech Startup,Software Engineering,6,1,Both (Hybrid),67,100,9.3,Placed,15.13,Direct PPO (Pre-Placement Offer),12,"Java, Git, React, Power BI, System Design, Communication, AWS, Python, SQL, Docker"
STU12429,24,Female,BCA,2026,Apex Institute of Technology (Tier 2),Data Science & Artificial Intelligence,NPTEL Cloud Computing & Distributed Systems,Coursera,1,Deloitte Consulting,Cyber Security,14,3,Both (Hybrid),100,61,10.0,Placed,18.98,Direct PPO (Pre-Placement Offer),5,"Python, React, Communication, Machine Learning, Git, System Design, AWS, Data Analysis, Docker, Power BI"
STU12430,22,Male,B.Tech,2025,Regional Tech Institute (Tier 3),Computer Science & Engineering,IBM Data Science Professional; Google Professional Data Engineer; Meta Front-End Developer Specialization,AWS; IBM; Google Cloud,4,CyberGuard Analytics,Cyber Security,4,3,Both (Hybrid),93,76,10.0,Placed,14.65,Internship Conversion,5,"SQL, Python, AWS, Git, Data Analysis, Communication, Problem Solving, System Design, Tableau, Machine Learning"
STU12431,23,Male,B.Tech,2023,IIT / NIT Group (Tier 1),Data Science & Artificial Intelligence,Docker & Kubernetes Developer Cert; AWS Certified Solutions Architect; Coursera Machine Learning Specialization,Udemy; IBM; Google Cloud,5,TCS Innovation Labs,Cloud & DevOps,2,2,Both (Hybrid),79,100,9.3,Placed,18.25,Internship Conversion,14,"Problem Solving, Git, System Design, Docker, React, Tableau, Kubernetes, Communication, Java, Power BI"
STU12432,25,Female,B.Tech,2024,City Engineering College (Tier 3),Data Science & Artificial Intelligence,Google Professional Data Engineer; AWS Certified Solutions Architect,AWS; IBM,2,InnovateTech Startup,Software Engineering,4,3,Both (Hybrid),89,68,10.0,Placed,14.29,Internship Conversion,5,"Docker, SQL, Communication, React, Kubernetes, Git, AWS, Problem Solving, Python, Machine Learning"
STU12433,22,Male,B.Tech,2023,Apex Institute of Technology (Tier 2),Computer Science & Engineering,None,None,0,Infosys Center,Cyber Security,2,1,Internship Only,62,46,6.5,Unplaced,0.0,Not Converted,-1,"System Design, AWS, Git, SQL, Java, React"
STU12434,25,Male,B.Tech,2024,State Tech University (Tier 2),Computer Science & Engineering,None,None,0,None,None,0,0,Neither,34,55,3.5,Unplaced,0.0,Not Converted,-1,"SQL, Git"
STU12435,22,Male,M.Tech,2023,Regional Tech Institute (Tier 3),Business Analytics,Meta Front-End Developer Specialization,Google Cloud,1,None,None,0,0,Certification Only,21,50,3.3,Unplaced,0.0,Not Converted,-1,"Java, Docker, Machine Learning, Data Analysis, Tableau"
STU12436,22,Female,B.Tech,2024,State Tech University (Tier 2),Electronics & Communication,Coursera Machine Learning Specialization,IBM,1,TCS Innovation Labs,Cyber Security,3,2,Both (Hybrid),89,51,7.4,Placed,14.65,Internship Conversion,38,"Data Analysis, System Design, Communication, React, Tableau, Docker, Kubernetes, Power BI, Java, Python"
STU12437,22,Female,B.Tech,2025,State Tech University (Tier 2),Electronics & Communication,AWS Certified Solutions Architect; Meta Front-End Developer Specialization,AWS; Microsoft Azure,2,None,None,0,0,Certification Only,36,65,5.2,Placed,7.96,On-Campus / Off-Campus Placement,112,"Git, System Design, Python, Data Analysis, AWS, Tableau, React"
STU12438,22,Female,B.Tech,2026,BITS & Top National Inst (Tier 1),Data Science & Artificial Intelligence,IBM Data Science Professional,NPTEL,1,None,None,0,0,Certification Only,43,55,4.4,Placed,10.2,On-Campus / Off-Campus Placement,109,"React, Problem Solving, Tableau, Power BI"
STU12439,21,Female,B.Tech,2025,BITS & Top National Inst (Tier 1),Electronics & Communication,IBM Data Science Professional; Coursera Machine Learning Specialization; Certified Information Systems Security Professional (CISSP),Coursera; Google Cloud; NPTEL,4,FinTech Solutions,Cyber Security,3,1,Both (Hybrid),82,100,8.6,Placed,17.01,On-Campus / Off-Campus Placement,47,"Git, Power BI, Kubernetes, Tableau, Data Analysis, Communication, Docker, System Design, Python, Machine Learning"
STU12440,22,Male,BCA,2026,City Engineering College (Tier 3),Data Science & Artificial Intelligence,Docker & Kubernetes Developer Cert; NPTEL Cloud Computing & Distributed Systems,AWS; IBM,2,Deloitte Consulting,Software Engineering,2,1,Both (Hybrid),41,63,7.0,Placed,9.17,Internship Conversion,84,"Machine Learning, AWS, Communication, Problem Solving, Power BI, React, Data Analysis, Git"
STU12441,22,Male,B.Tech,2023,Apex Institute of Technology (Tier 2),Computer Science & Engineering,Google Professional Data Engineer; TensorFlow Developer Certificate,IBM; AWS,2,FinTech Solutions,Cyber Security,9,1,Both (Hybrid),74,63,9.6,Placed,16.85,On-Campus / Off-Campus Placement,42,"Communication, AWS, React, Java, Power BI, Problem Solving, Tableau, Git, Python, System Design"
STU12442,23,Female,B.Tech,2023,City Engineering College (Tier 3),Computer Science & Engineering,Docker & Kubernetes Developer Cert; Microsoft Certified: Azure Developer; IBM Data Science Professional,AWS; Udemy; Meta,3,Amazon AWS,Data Science & Analytics,2,1,Both (Hybrid),46,73,6.9,Placed,9.82,Internship Conversion,66,"System Design, Kubernetes, Machine Learning, Docker, Java, SQL, Problem Solving, Python, Communication, React"
STU12443,23,Male,BCA,2025,BITS & Top National Inst (Tier 1),Computer Science & Engineering,None,None,0,DataMetrics Labs,Cyber Security,2,2,Internship Only,91,56,9.0,Placed,15.33,On-Campus / Off-Campus Placement,72,"SQL, Tableau, Docker, Python, Power BI, Git, AWS, React, Data Analysis"
STU12444,22,Female,B.Tech,2024,BITS & Top National Inst (Tier 1),Computer Science & Engineering,AWS Certified Solutions Architect,NPTEL,1,Infosys Center,Cloud & DevOps,3,1,Both (Hybrid),65,71,6.5,Placed,14.79,On-Campus / Off-Campus Placement,83,"SQL, Problem Solving, Tableau, Docker, Git, Data Analysis, Java"
STU12445,22,Female,B.Sc (CS/IT),2024,IIT / NIT Group (Tier 1),Cyber Security,None,None,0,Infosys Center,Product & Business Analytics,2,1,Internship Only,67,52,6.7,Placed,13.54,On-Campus / Off-Campus Placement,38,"Kubernetes, System Design, Java, AWS"
STU12446,22,Female,BCA,2024,State Tech University (Tier 2),Computer Science & Engineering,None,None,0,None,None,0,0,Neither,32,48,5.2,Placed,6.69,On-Campus / Off-Campus Placement,136,"Docker, SQL"
STU12447,21,Female,B.Tech,2024,Regional Tech Institute (Tier 3),Data Science & Artificial Intelligence,TensorFlow Developer Certificate; AWS Certified Solutions Architect,IBM; AWS,2,TCS Innovation Labs,Artificial Intelligence / ML,9,3,Both (Hybrid),100,80,10.0,Placed,15.54,Direct PPO (Pre-Placement Offer),5,"Tableau, Communication, Docker, Data Analysis, React, Problem Solving, Python, AWS, System Design, Java"
STU12448,21,Female,BCA,2025,Apex Institute of Technology (Tier 2),Data Science & Artificial Intelligence,Coursera Machine Learning Specialization,Coursera,1,TCS Innovation Labs,Cyber Security,9,1,Both (Hybrid),75,62,8.0,Placed,15.74,Internship Conversion,42,"Power BI, Machine Learning, Data Analysis, Docker, Problem Solving, React"
STU12449,22,Female,B.Tech,2024,State Tech University (Tier 2),Computer Science & Engineering,IBM Data Science Professional,NPTEL,1,FinTech Solutions,Cyber Security,12,1,Both (Hybrid),73,60,9.3,Placed,13.83,Direct PPO (Pre-Placement Offer),38,"Java, Docker, SQL, AWS, Data Analysis, System Design, Python, Problem Solving"
STU12450,22,Male,BCA,2025,City Engineering College (Tier 3),Data Science & Artificial Intelligence,IBM Data Science Professional; NPTEL Cloud Computing & Distributed Systems; Google Professional Data Engineer,Google Cloud; AWS; Udemy,5,DataMetrics Labs,Cyber Security,3,1,Both (Hybrid),53,93,6.4,Placed,12.29,On-Campus / Off-Campus Placement,40,"Python, Machine Learning, System Design, React, AWS, Java, Problem Solving, Docker, Data Analysis, Tableau"
STU12451,25,Male,B.Tech,2025,Apex Institute of Technology (Tier 2),Computer Science & Engineering,None,None,0,FinTech Solutions,Data Science & Analytics,3,1,Internship Only,57,49,7.0,Placed,11.11,On-Campus / Off-Campus Placement,74,"Communication, Tableau, Docker, Machine Learning"
STU12452,22,Male,B.Tech,2024,IIT / NIT Group (Tier 1),Electronics & Communication,NPTEL Cloud Computing & Distributed Systems; Coursera Machine Learning Specialization,Coursera; Meta,2,Deloitte Consulting,Cloud & DevOps,6,1,Both (Hybrid),86,91,8.7,Placed,14.83,Direct PPO (Pre-Placement Offer),45,"Git, Data Analysis, Tableau, Communication, Problem Solving, React, Power BI, Machine Learning, SQL"
STU12453,22,Female,BCA,2024,City Engineering College (Tier 3),Computer Science & Engineering,None,None,0,CyberGuard Analytics,Artificial Intelligence / ML,3,1,Internship Only,47,39,5.8,Placed,7.96,Internship Conversion,61,"Kubernetes, SQL, AWS, Java, Communication, Tableau"
STU12454,22,Male,M.Tech,2023,State Tech University (Tier 2),Data Science & Artificial Intelligence,Docker & Kubernetes Developer Cert,Google Cloud,1,None,None,0,0,Certification Only,30,61,4.1,Unplaced,0.0,Not Converted,-1,"Git, AWS, Python"
STU12455,21,Female,MBA (Tech & Analytics),2024,BITS & Top National Inst (Tier 1),Information Technology,Microsoft Certified: Azure Developer; Meta Front-End Developer Specialization,Udemy; Microsoft Azure,2,None,None,0,0,Certification Only,46,81,5.6,Placed,13.08,On-Campus / Off-Campus Placement,111,"Git, Java, System Design, SQL, Kubernetes, Communication, Power BI"
STU12456,22,Male,BCA,2025,BITS & Top National Inst (Tier 1),Business Analytics,AWS Certified Solutions Architect; NPTEL Cloud Computing & Distributed Systems; Docker & Kubernetes Developer Cert,NPTEL; Microsoft Azure; Meta,4,DataMetrics Labs,Data Science & Analytics,14,3,Both (Hybrid),100,100,10.0,Placed,24.54,Direct PPO (Pre-Placement Offer),5,"SQL, Problem Solving, Machine Learning, Kubernetes, Python, Power BI, System Design, Java, Communication, AWS"
STU12457,22,Female,B.Tech,2025,State Tech University (Tier 2),Electronics & Communication,Microsoft Certified: Azure Developer,Coursera,1,CyberGuard Analytics,Cyber Security,3,1,Both (Hybrid),76,58,7.0,Placed,10.92,Internship Conversion,60,"React, Docker, Machine Learning, Tableau, Communication, Problem Solving, Kubernetes"
STU12458,22,Male,B.Tech,2025,State Tech University (Tier 2),Information Technology,None,None,0,None,None,0,0,Neither,32,42,4.9,Placed,6.83,On-Campus / Off-Campus Placement,129,"Kubernetes, Data Analysis, System Design"
STU12459,22,Female,B.Tech,2024,State Tech University (Tier 2),Data Science & Artificial Intelligence,Coursera Machine Learning Specialization,IBM,1,FinTech Solutions,Product & Business Analytics,3,1,Both (Hybrid),58,63,6.5,Placed,11.88,On-Campus / Off-Campus Placement,91,"Git, React, Power BI, Machine Learning, Java, Python"
STU12460,25,Female,B.Tech,2025,BITS & Top National Inst (Tier 1),Data Science & Artificial Intelligence,None,None,0,None,None,0,0,Neither,42,51,4.5,Placed,10.23,On-Campus / Off-Campus Placement,119,"React, Tableau, Power BI"
STU12461,24,Male,B.Tech,2025,Apex Institute of Technology (Tier 2),Electronics & Communication,Docker & Kubernetes Developer Cert,Udemy,1,CyberGuard Analytics,Data Science & Analytics,2,1,Both (Hybrid),52,54,5.9,Placed,12.07,Internship Conversion,48,"Python, Git, Communication, AWS, System Design, Machine Learning, Data Analysis, Problem Solving"
STU12462,22,Male,M.Tech,2024,Regional Tech Institute (Tier 3),Business Analytics,Microsoft Certified: Azure Developer; Certified Information Systems Security Professional (CISSP),Coursera; Microsoft Azure,2,Amazon AWS,Software Engineering,7,2,Both (Hybrid),79,49,9.4,Placed,13.71,Direct PPO (Pre-Placement Offer),47,"System Design, React, Git, Kubernetes, Communication, Data Analysis, Docker, Tableau, SQL, Python"
STU12463,22,Female,B.Tech,2025,Apex Institute of Technology (Tier 2),Computer Science & Engineering,None,None,0,TCS Innovation Labs,Product & Business Analytics,2,2,Internship Only,79,56,6.8,Placed,12.94,Internship Conversion,55,"React, Python, System Design, Java, Docker, Git, Kubernetes, AWS"
STU12464,22,Male,B.Tech,2024,State Tech University (Tier 2),Data Science & Artificial Intelligence,AWS Certified Solutions Architect,Microsoft Azure,1,CyberGuard Analytics,Artificial Intelligence / ML,2,2,Both (Hybrid),81,50,7.8,Placed,13.58,On-Campus / Off-Campus Placement,42,"SQL, Docker, System Design, Git, Problem Solving, Communication, Java, Power BI, React, Kubernetes"
STU12465,21,Male,B.Tech,2025,BITS & Top National Inst (Tier 1),Electronics & Communication,Docker & Kubernetes Developer Cert; TensorFlow Developer Certificate,Coursera; Google Cloud,2,CyberGuard Analytics,Software Engineering,3,3,Both (Hybrid),100,83,10.0,Placed,19.53,On-Campus / Off-Campus Placement,5,"SQL, Communication, Python, Docker, Java, Git, Data Analysis, System Design, Tableau, Kubernetes"
STU12466,22,Female,B.Sc (CS/IT),2025,BITS & Top National Inst (Tier 1),Data Science & Artificial Intelligence,TensorFlow Developer Certificate,NPTEL,1,Amazon AWS,Cyber Security,9,3,Both (Hybrid),100,78,10.0,Placed,19.79,Direct PPO (Pre-Placement Offer),5,"Docker, Python, Tableau, System Design, AWS, Java, Problem Solving, Data Analysis, SQL, Git"
STU12467,21,Female,BCA,2023,BITS & Top National Inst (Tier 1),Computer Science & Engineering,None,None,0,Deloitte Consulting,Cloud & DevOps,9,1,Internship Only,86,47,8.4,Placed,16.82,Direct PPO (Pre-Placement Offer),8,"Communication, Data Analysis, Tableau, Power BI"
STU12468,22,Female,BCA,2025,Apex Institute of Technology (Tier 2),Data Science & Artificial Intelligence,IBM Data Science Professional; Certified Information Systems Security Professional (CISSP); AWS Certified Solutions Architect,Meta; IBM; NPTEL,5,CyberGuard Analytics,Software Engineering,4,3,Both (Hybrid),100,98,10.0,Placed,18.7,On-Campus / Off-Campus Placement,5,"Machine Learning, Data Analysis, Kubernetes, React, Python, Tableau, AWS, Problem Solving, Communication, System Design"
STU12469,22,Male,B.Tech,2023,Apex Institute of Technology (Tier 2),Information Technology,Coursera Machine Learning Specialization,NPTEL,1,InnovateTech Startup,Cloud & DevOps,3,1,Both (Hybrid),58,56,6.7,Placed,11.27,On-Campus / Off-Campus Placement,81,"Machine Learning, Python, Docker, AWS, React, Kubernetes, Git"
STU12470,21,Male,B.Sc (CS/IT),2023,Apex Institute of Technology (Tier 2),Cyber Security,TensorFlow Developer Certificate; NPTEL Cloud Computing & Distributed Systems; Docker & Kubernetes Developer Cert,NPTEL; Microsoft Azure; AWS,3,None,None,0,0,Certification Only,46,78,5.0,Placed,9.6,On-Campus / Off-Campus Placement,111,"AWS, Problem Solving, Python, System Design, Java, Git, Docker, Communication, Machine Learning"
STU12471,25,Female,B.Tech,2026,Apex Institute of Technology (Tier 2),Data Science & Artificial Intelligence,Microsoft Certified: Azure Developer,AWS,1,Infosys Center,Cyber Security,2,2,Both (Hybrid),77,48,8.1,Placed,13.43,On-Campus / Off-Campus Placement,42,"Machine Learning, React, Kubernetes, Communication, Data Analysis, Docker, Git, Power BI, Python, Java"
STU12472,24,Female,M.Tech,2026,State Tech University (Tier 2),Computer Science & Engineering,NPTEL Cloud Computing & Distributed Systems,Meta,1,None,None,0,0,Certification Only,31,55,4.9,Unplaced,0.0,Not Converted,-1,"Machine Learning, Kubernetes, Tableau, Java"
STU12473,23,Female,BCA,2023,State Tech University (Tier 2),Computer Science & Engineering,IBM Data Science Professional,Coursera,1,Infosys Center,Cloud & DevOps,6,1,Both (Hybrid),70,80,7.2,Placed,12.98,On-Campus / Off-Campus Placement,56,"Java, SQL, React, Tableau, AWS, Docker, Power BI, Communication"
STU12474,22,Male,B.Tech,2024,Apex Institute of Technology (Tier 2),Computer Science & Engineering,Coursera Machine Learning Specialization,Microsoft Azure,1,Deloitte Consulting,Data Science & Analytics,2,1,Both (Hybrid),67,58,6.5,Placed,11.73,Internship Conversion,81,"Git, Kubernetes, Python, AWS, System Design, Machine Learning, Communication, Data Analysis"
STU12475,24,Male,B.Tech,2023,State Tech University (Tier 2),Data Science & Artificial Intelligence,None,None,0,TCS Innovation Labs,Data Science & Analytics,3,2,Internship Only,78,42,7.8,Placed,14.13,On-Campus / Off-Campus Placement,35,"Git, Data Analysis, System Design, Communication, Kubernetes, Docker, SQL, AWS, Java"
STU12476,21,Male,BCA,2024,BITS & Top National Inst (Tier 1),Data Science & Artificial Intelligence,Google Professional Data Engineer,IBM,1,None,None,0,0,Certification Only,38,72,4.8,Unplaced,0.0,Not Converted,-1,"Communication, Problem Solving, React, Data Analysis, Java"
STU12477,23,Male,B.Tech,2025,State Tech University (Tier 2),Computer Science & Engineering,Meta Front-End Developer Specialization; AWS Certified Solutions Architect; Google Professional Data Engineer,Coursera; NPTEL; AWS,3,Google India,Software Engineering,3,1,Both (Hybrid),65,75,7.8,Placed,12.73,Internship Conversion,82,"Java, Kubernetes, Docker, Git, Data Analysis, AWS, Communication, Python, Power BI, Problem Solving"
STU12478,21,Male,M.Tech,2026,State Tech University (Tier 2),Information Technology,NPTEL Cloud Computing & Distributed Systems; Meta Front-End Developer Specialization,AWS; Udemy,2,CyberGuard Analytics,Software Engineering,3,1,Both (Hybrid),56,73,6.9,Placed,11.21,On-Campus / Off-Campus Placement,65,"Docker, React, Tableau, Problem Solving, Kubernetes, Machine Learning, Power BI, System Design"
STU12479,23,Male,B.Tech,2025,IIT / NIT Group (Tier 1),Information Technology,None,None,0,InnovateTech Startup,Cyber Security,3,1,Internship Only,66,60,7.4,Placed,12.66,On-Campus / Off-Campus Placement,77,"Kubernetes, Git, Python, Problem Solving, System Design, Docker"
STU12480,22,Non-Binary,B.Tech,2024,City Engineering College (Tier 3),Computer Science & Engineering,IBM Data Science Professional; Coursera Machine Learning Specialization,IBM; Coursera,2,Infosys Center,Software Engineering,2,1,Both (Hybrid),54,56,5.8,Unplaced,0.0,Not Converted,-1,"System Design, SQL, Tableau, AWS, Python, Machine Learning, Kubernetes, Java"
STU12481,24,Male,B.Tech,2025,City Engineering College (Tier 3),Computer Science & Engineering,Google Professional Data Engineer; Meta Front-End Developer Specialization; Docker & Kubernetes Developer Cert,Udemy; Coursera; IBM,3,FinTech Solutions,Data Science & Analytics,2,1,Both (Hybrid),43,74,6.3,Placed,10.98,On-Campus / Off-Campus Placement,28,"Git, Machine Learning, React, Docker, Python, Communication, Data Analysis, Problem Solving, Java, Power BI"
STU12482,24,Female,B.Tech,2024,BITS & Top National Inst (Tier 1),Cyber Security,Certified Information Systems Security Professional (CISSP); Google Professional Data Engineer,Udemy; Microsoft Azure,2,TCS Innovation Labs,Data Science & Analytics,4,3,Both (Hybrid),100,81,10.0,Placed,19.39,Internship Conversion,5,"Tableau, Java, AWS, Git, Communication, Kubernetes, React, Machine Learning, SQL, System Design"
STU12483,21,Female,B.Tech,2026,IIT / NIT Group (Tier 1),Data Science & Artificial Intelligence,None,None,0,None,None,0,0,Neither,36,56,4.2,Placed,9.42,On-Campus / Off-Campus Placement,137,"Power BI, Git, Python"
STU12484,22,Female,B.Tech,2026,Apex Institute of Technology (Tier 2),Electronics & Communication,IBM Data Science Professional; Microsoft Certified: Azure Developer; TensorFlow Developer Certificate,Meta; Google Cloud; NPTEL,3,InnovateTech Startup,Data Science & Analytics,11,2,Both (Hybrid),100,79,10.0,Placed,19.02,Direct PPO (Pre-Placement Offer),12,"Git, SQL, System Design, AWS, Python, Java, Machine Learning, Kubernetes, React, Tableau"
STU12485,25,Male,BCA,2025,BITS & Top National Inst (Tier 1),Data Science & Artificial Intelligence,Microsoft Certified: Azure Developer,NPTEL,1,DataMetrics Labs,Product & Business Analytics,6,1,Both (Hybrid),75,70,8.2,Placed,13.19,Direct PPO (Pre-Placement Offer),48,"Data Analysis, Kubernetes, Python, Git, SQL, Communication"
STU12486,22,Female,B.Tech,2024,State Tech University (Tier 2),Electronics & Communication,Google Professional Data Engineer,Microsoft Azure,1,DataMetrics Labs,Cyber Security,3,1,Both (Hybrid),55,56,7.3,Placed,11.31,On-Campus / Off-Campus Placement,46,"System Design, Java, Kubernetes, Communication, Python, SQL, Tableau, Problem Solving"
STU12487,24,Female,MBA (Tech & Analytics),2024,IIT / NIT Group (Tier 1),Electronics & Communication,Docker & Kubernetes Developer Cert; Microsoft Certified: Azure Developer,IBM; NPTEL,2,CyberGuard Analytics,Artificial Intelligence / ML,3,2,Both (Hybrid),80,79,10.0,Placed,16.61,On-Campus / Off-Campus Placement,34,"Power BI, Machine Learning, React, Problem Solving, Docker, Tableau, Kubernetes, Python, Git, Java"
STU12488,22,Female,BCA,2023,BITS & Top National Inst (Tier 1),Information Technology,AWS Certified Solutions Architect; Docker & Kubernetes Developer Cert; Google Professional Data Engineer,Microsoft Azure; Meta; AWS,3,Deloitte Consulting,Data Science & Analytics,3,3,Both (Hybrid),89,96,10.0,Placed,18.11,On-Campus / Off-Campus Placement,5,"Tableau, Python, SQL, Machine Learning, React, Communication, Kubernetes, Problem Solving, Git, Data Analysis"
STU12489,22,Female,B.Sc (CS/IT),2025,Apex Institute of Technology (Tier 2),Electronics & Communication,Certified Information Systems Security Professional (CISSP); Google Professional Data Engineer; Docker & Kubernetes Developer Cert,Coursera; Microsoft Azure; Meta,4,None,None,0,0,Certification Only,45,100,6.4,Placed,8.08,On-Campus / Off-Campus Placement,99,"Problem Solving, React, Docker, AWS, Git, Kubernetes, System Design, Tableau, Data Analysis"
STU12490,22,Non-Binary,B.Tech,2024,City Engineering College (Tier 3),Business Analytics,TensorFlow Developer Certificate; Meta Front-End Developer Specialization; Docker & Kubernetes Developer Cert,NPTEL; Udemy; AWS,4,TCS Innovation Labs,Product & Business Analytics,3,2,Both (Hybrid),81,96,8.1,Placed,12.23,On-Campus / Off-Campus Placement,15,"Problem Solving, Python, Machine Learning, System Design, Docker, Kubernetes, Data Analysis, Power BI, Tableau, React"
STU12491,21,Female,B.Tech,2024,BITS & Top National Inst (Tier 1),Data Science & Artificial Intelligence,None,None,0,None,None,0,0,Neither,40,53,4.4,Placed,9.6,On-Campus / Off-Campus Placement,100,"Power BI, SQL"
STU12492,23,Male,B.Tech,2024,State Tech University (Tier 2),Computer Science & Engineering,Google Professional Data Engineer; NPTEL Cloud Computing & Distributed Systems; Coursera Machine Learning Specialization,Udemy; NPTEL; Microsoft Azure,4,InnovateTech Startup,Cyber Security,6,1,Both (Hybrid),67,100,8.5,Placed,12.86,On-Campus / Off-Campus Placement,16,"AWS, System Design, Machine Learning, Power BI, Java, Problem Solving, Communication, SQL, Docker, Tableau"
STU12493,22,Female,BCA,2025,BITS & Top National Inst (Tier 1),Data Science & Artificial Intelligence,None,None,0,Infosys Center,Cyber Security,3,2,Internship Only,89,48,7.8,Placed,16.77,Internship Conversion,50,"Communication, React, Machine Learning, Kubernetes, Python, System Design, AWS, Tableau"
STU12494,22,Male,M.Tech,2023,IIT / NIT Group (Tier 1),Electronics & Communication,Coursera Machine Learning Specialization,Meta,1,None,None,0,0,Certification Only,47,68,4.8,Placed,9.13,On-Campus / Off-Campus Placement,101,"Git, Machine Learning, Problem Solving, Communication"
STU12495,22,Female,B.Tech,2026,Regional Tech Institute (Tier 3),Information Technology,Certified Information Systems Security Professional (CISSP); TensorFlow Developer Certificate,Google Cloud; NPTEL,2,TCS Innovation Labs,Cloud & DevOps,2,2,Both (Hybrid),69,54,7.5,Placed,12.01,Internship Conversion,39,"Python, Java, Docker, Data Analysis, SQL, Kubernetes, React, Machine Learning, AWS, System Design"
STU12496,22,Male,B.Tech,2026,Apex Institute of Technology (Tier 2),Computer Science & Engineering,Docker & Kubernetes Developer Cert,Coursera,1,TCS Innovation Labs,Product & Business Analytics,2,1,Both (Hybrid),59,55,6.4,Placed,10.65,On-Campus / Off-Campus Placement,74,"Tableau, AWS, Kubernetes, Data Analysis, Python, System Design, Machine Learning"
STU12497,24,Male,M.Tech,2026,State Tech University (Tier 2),Computer Science & Engineering,Certified Information Systems Security Professional (CISSP); Google Professional Data Engineer,IBM; Microsoft Azure,2,TCS Innovation Labs,Cyber Security,3,1,Both (Hybrid),59,56,6.7,Placed,11.24,On-Campus / Off-Campus Placement,73,"System Design, Docker, Communication, Machine Learning, Git, React, Tableau, AWS, Kubernetes, Power BI"
STU12498,25,Female,B.Tech,2024,Apex Institute of Technology (Tier 2),Information Technology,NPTEL Cloud Computing & Distributed Systems,NPTEL,1,Infosys Center,Data Science & Analytics,2,2,Both (Hybrid),76,65,7.1,Placed,8.71,Internship Conversion,29,"Communication, Power BI, System Design, Git, React, Data Analysis, Tableau, Machine Learning, Problem Solving"
STU12499,22,Female,BCA,2024,City Engineering College (Tier 3),Computer Science & Engineering,Coursera Machine Learning Specialization; NPTEL Cloud Computing & Distributed Systems; Microsoft Certified: Azure Developer,IBM; Coursera; Google Cloud,4,Deloitte Consulting,Cyber Security,6,1,Both (Hybrid),67,94,7.4,Placed,11.34,On-Campus / Off-Campus Placement,37,"Communication, Python, Java, Kubernetes, Docker, Problem Solving, React, Data Analysis, System Design, Power BI"
